customer_id,age,gender,country,session_duration,pages_viewed,products_viewed,cart_items,purchases,total_spent,last_login_days,preferred_device,membership,churn
1,56,Male,Ghana,27.25647448336955,6,9,5,3,139.77295608099985,7,Mobile,Basic,0
2,46,Female,USA,35.72513287625523,49,5,5,2,387.56694560434937,4,Mobile,Basic,0
3,32,Male,UK,26.128740949404488,17,5,1,3,175.381797392287,53,Mobile,Premium,0
4,60,Male,Ghana,30.348922180111035,25,8,4,2,253.552871795526,55,Desktop,Basic,0
5,25,Male,Ghana,52.365529490447045,24,2,0,0,63.06084301313115,8,Mobile,Premium,0
6,38,Male,Canada,33.572668635325556,22,7,8,3,253.60744714846345,32,Desktop,Basic,0
7,56,Male,Germany,34.37496226925976,13,17,8,1,167.41825550436604,19,Mobile,Premium,0
8,36,Female,Canada,15.274300128110225,17,11,2,2,220.74647770775076,54,Desktop,Premium,0
9,40,Female,UK,43.542875233450005,14,15,4,4,242.1444433009596,12,Mobile,Premium,0
10,28,Male,Ghana,40.66465085323267,34,3,2,3,156.4424101392062,57,Desktop,Premium,0
11,28,Male,Canada,22.855508907082015,26,13,6,0,236.53906614414916,10,Desktop,Basic,0
12,41,Male,Germany,40.467259343717366,19,18,0,4,107.94433100289163,14,Mobile,Basic,0
13,53,Female,UK,33.29801227340021,26,3,4,0,201.908296213067,27,Mobile,Premium,0
14,57,Female,USA,30.464158986065716,3,2,5,2,239.20226026540817,44,Mobile,Premium,0
15,41,Male,Canada,42.90955646274999,2,5,6,3,154.44483289704016,21,Desktop,Premium,0
16,20,Male,UK,24.8770142692927,28,5,2,0,120.58005592098594,20,Desktop,Premium,0
17,39,Female,USA,22.776449443201496,2,13,6,4,161.10359020499723,57,Desktop,Basic,0
18,19,Male,Canada,32.07563320337005,22,8,3,4,284.81485330594586,4,Desktop,Basic,0
19,41,Female,UK,35.282288145376306,7,16,9,1,272.5471014695961,19,Mobile,Premium,0
20,61,Female,UK,39.66315886693836,4,18,5,0,258.4643863950537,29,Desktop,Premium,0
21,47,Male,Canada,28.49047048253395,49,16,4,3,320.6265075043007,7,Mobile,Premium,0
22,55,Female,UK,21.502288834093513,38,1,3,3,200.50379939639663,53,Desktop,Premium,0
23,19,Male,Ghana,55.285677179649284,39,8,5,1,214.07150015669174,33,Mobile,Premium,0
24,38,Male,Canada,19.134054389610377,20,2,2,4,40.562764329341746,8,Desktop,Premium,0
25,50,Male,UK,30.55118123289529,6,5,2,0,127.19850727591081,11,Desktop,Basic,0
26,29,Male,USA,37.797055245476116,9,15,4,4,240.91781061666944,33,Mobile,Premium,0
27,39,Male,USA,41.51122615037835,31,14,4,0,269.4577270826244,25,Desktop,Premium,0
28,61,Male,Ghana,24.32839821252282,26,3,8,0,96.57948641250812,33,Desktop,Premium,1
29,42,Female,Canada,11.250823055922968,36,7,3,0,192.55285770116893,36,Desktop,Premium,1
30,44,Female,UK,24.09734826537329,26,4,4,4,372.75314970474494,26,Mobile,Premium,0
31,59,Female,UK,38.61322510213885,28,11,8,4,192.98267948332764,36,Desktop,Premium,0
32,45,Female,USA,36.37496481495238,5,12,3,4,315.58684099413694,11,Mobile,Premium,0
33,33,Male,Ghana,36.70122358888075,10,15,2,2,227.78306934171258,30,Desktop,Basic,0
34,32,Female,USA,37.116640860743736,18,6,6,4,244.90949072834613,57,Desktop,Premium,0
35,64,Female,USA,43.40084232680508,15,1,6,1,127.24163088272236,33,Mobile,Basic,0
36,61,Female,Ghana,22.241115547052086,33,18,7,2,71.28386165388366,10,Mobile,Premium,0
37,20,Male,Canada,18.02102004272396,5,14,3,0,257.79264053906155,29,Mobile,Basic,0
38,54,Female,UK,33.70480245263756,37,7,3,3,224.56836611400414,25,Desktop,Basic,0
39,24,Male,Canada,19.514753104318103,40,10,8,2,204.84546456373658,32,Mobile,Basic,0
40,38,Female,Germany,17.390846505149945,22,9,9,2,93.83153154796128,4,Desktop,Basic,0
41,26,Male,Germany,42.23959909907136,22,2,6,0,171.4589648521199,55,Desktop,Premium,1
42,56,Male,Germany,32.50359817075813,22,8,2,4,150.6663270878371,57,Mobile,Basic,0
43,35,Female,Ghana,30.284931490450862,15,1,8,4,158.49995517638388,59,Desktop,Premium,0
44,21,Male,USA,30.492739967653154,17,2,4,2,218.27816200734947,39,Desktop,Premium,0
45,42,Male,Canada,28.938609901753345,45,7,3,4,256.4983384407067,34,Desktop,Premium,0
46,31,Female,UK,42.17240645326574,28,16,0,2,222.8860668503288,22,Desktop,Premium,0
47,26,Female,Germany,14.853840948042162,22,4,8,3,215.55689727070109,13,Mobile,Basic,0
48,43,Female,Canada,14.439764187995813,21,17,5,3,209.08149228820116,54,Desktop,Premium,0
49,19,Male,Germany,20.636184814120913,42,4,1,0,186.0181495905127,51,Desktop,Basic,1
50,37,Male,Germany,32.89161647739952,17,3,6,1,133.54672058187572,36,Mobile,Basic,0
51,45,Male,UK,48.05343739878488,5,9,2,1,203.74768579160366,6,Mobile,Premium,0
52,64,Female,Ghana,38.69083991505273,18,15,5,4,259.7820867097766,59,Desktop,Premium,0
53,24,Male,USA,35.92442714224097,17,3,7,1,190.77624888555738,54,Mobile,Basic,0
54,61,Male,Ghana,29.201330687154744,4,12,2,3,126.37092855066804,17,Mobile,Basic,0
55,25,Male,Canada,16.674700860040694,7,15,4,0,104.34844552121407,26,Desktop,Basic,0
56,64,Male,Ghana,35.14989824087164,25,8,5,3,123.69740960632923,24,Mobile,Premium,0
57,52,Male,Canada,50.259670658351325,37,12,0,2,108.50131684028364,9,Desktop,Basic,0
58,31,Male,Canada,27.599423444914713,40,13,9,4,431.29694798711864,2,Desktop,Premium,0
59,34,Male,USA,24.39326635246067,40,15,6,4,129.78169209265508,20,Desktop,Basic,0
60,53,Female,UK,27.647568036097066,43,11,3,1,196.92555513907283,27,Mobile,Basic,0
61,57,Female,USA,35.997511384924195,9,17,9,2,193.05841525331903,6,Desktop,Premium,0
62,21,Female,Ghana,31.117301852519322,19,12,6,1,313.06518667227874,50,Desktop,Basic,0
63,19,Male,Canada,39.10014111114721,9,18,6,1,234.34992603250046,27,Desktop,Premium,0
64,23,Male,Germany,29.66549125750175,23,16,4,1,233.959560843759,55,Mobile,Basic,0
65,59,Female,Germany,27.589883703542192,31,3,7,2,213.95085324259477,54,Mobile,Premium,0
66,21,Male,Canada,32.290059799542455,32,9,7,1,222.00746023998175,24,Desktop,Premium,0
67,46,Female,USA,24.603478231693217,31,7,4,4,225.78041249371148,15,Desktop,Premium,0
68,35,Male,UK,47.40764941444638,17,19,4,1,149.80738893413138,55,Mobile,Basic,0
69,43,Male,USA,38.23114398116615,48,5,6,2,126.61123879305278,48,Desktop,Premium,0
70,61,Female,Canada,19.00301412594338,39,19,5,2,204.69136425400322,58,Mobile,Premium,0
71,51,Female,Canada,22.542408284658617,22,10,3,3,157.04616200642147,33,Desktop,Basic,0
72,27,Female,UK,35.65337005166104,35,12,1,1,214.74933310472858,42,Mobile,Premium,0
73,53,Female,Ghana,31.83317545996414,30,8,7,2,113.65876183153277,10,Desktop,Premium,0
74,31,Female,Ghana,33.02511709348074,40,3,2,1,82.09935937448192,21,Desktop,Basic,0
75,48,Male,UK,28.07872529383858,37,19,1,0,97.65411440944432,6,Mobile,Basic,0
76,32,Male,Ghana,34.551730365254336,26,11,9,4,194.08973989467162,30,Mobile,Premium,0
77,25,Male,Germany,28.313941314962918,6,8,6,4,70.75450533939662,23,Mobile,Basic,0
78,31,Female,Ghana,35.63379543409591,34,13,9,1,355.9727801881121,36,Desktop,Basic,0
79,40,Female,Ghana,37.73028231250898,32,10,5,4,356.1785775836262,46,Mobile,Premium,0
80,57,Female,Ghana,46.067403366381605,25,18,7,4,270.8394613913654,57,Mobile,Basic,0
81,38,Female,Germany,24.8530075705404,13,12,5,0,170.44727021271444,49,Mobile,Basic,1
82,33,Female,Ghana,29.888813681744594,38,7,6,4,161.3118822447849,3,Mobile,Premium,0
83,62,Female,Germany,17.81018589103833,38,11,1,4,223.72286655670138,26,Mobile,Basic,0
84,35,Male,UK,48.26261417039093,2,10,9,2,247.72964131054226,34,Mobile,Premium,0
85,64,Male,USA,10.245120427961588,5,3,1,4,223.70062698859778,30,Desktop,Premium,0
86,41,Male,UK,46.82869388531809,11,7,5,1,95.16212847100186,18,Mobile,Basic,0
87,43,Male,USA,30.93469582291141,11,4,8,4,184.80730343429204,17,Mobile,Premium,0
88,42,Male,UK,34.184279304866465,24,8,2,1,242.6612603983399,45,Mobile,Basic,0
89,62,Female,USA,28.343309062703486,14,8,9,4,11.076928800485518,51,Desktop,Premium,0
90,58,Female,USA,30.31100658113292,45,6,7,1,111.5751108390904,42,Mobile,Premium,0
91,46,Female,Canada,35.88084599744503,30,13,4,4,242.06956108451712,21,Desktop,Basic,0
92,32,Female,USA,13.633525381787418,40,12,5,1,175.02882255145937,54,Mobile,Basic,0
93,62,Female,USA,23.478737629060973,47,3,5,4,175.11012448160773,24,Desktop,Premium,0
94,18,Female,Canada,21.549427161913417,44,6,9,0,288.67532960660293,4,Mobile,Premium,0
95,42,Male,Ghana,34.47404783535817,35,19,2,2,195.69513047957366,49,Desktop,Premium,0
96,24,Female,Ghana,30.043661984038522,21,11,4,2,162.1236594751337,48,Desktop,Basic,0
97,26,Female,Canada,36.18095840428808,5,4,0,2,175.3141154624194,25,Mobile,Basic,0
98,41,Female,Germany,31.64775004181356,38,15,1,2,177.9483530459164,51,Desktop,Basic,0
99,18,Female,USA,40.58588835815996,2,2,9,0,133.23678970368564,24,Mobile,Premium,0
100,61,Male,USA,22.59725708991246,40,15,2,0,182.1975477694571,46,Desktop,Basic,1
101,25,Male,Canada,30.581557798502377,37,17,3,4,108.8078229033051,52,Desktop,Basic,0
102,41,Female,Canada,41.09363414002514,49,2,8,0,173.33415221661974,27,Desktop,Basic,0
103,28,Male,Germany,39.09326048020673,34,7,0,2,158.71285594173085,31,Desktop,Premium,0
104,34,Male,Ghana,15.203554435499122,11,16,2,3,218.50829092398834,47,Mobile,Basic,0
105,25,Female,UK,19.788892110152787,36,5,2,4,321.1619395827987,51,Mobile,Premium,0
106,52,Female,Ghana,29.18209061295216,11,16,5,1,220.7653720467969,35,Mobile,Basic,0
107,52,Female,USA,27.65163327258723,9,19,4,2,208.25185425771411,52,Desktop,Basic,0
108,50,Female,Canada,29.34573271448085,6,2,2,2,218.70686422845552,20,Desktop,Basic,0
109,22,Female,Germany,37.96190300251846,34,15,3,2,130.9747803301908,16,Mobile,Basic,0
110,59,Male,Ghana,32.89383005002072,47,4,6,0,256.15650670078486,31,Mobile,Premium,1
111,56,Female,Germany,33.4769090301923,37,2,2,1,232.51213136292944,7,Mobile,Premium,0
112,58,Female,Ghana,36.70613568603425,32,10,8,4,196.40099331806493,18,Desktop,Premium,0
113,45,Female,USA,40.74174205145559,12,5,7,2,228.39825629550003,8,Desktop,Basic,0
114,24,Male,UK,-0.560121614649475,45,18,1,1,226.2116831162386,27,Mobile,Premium,0
115,26,Female,Germany,26.133735517619467,32,4,4,3,226.3569398258388,14,Mobile,Premium,0
116,25,Female,Germany,21.170322127402994,17,1,3,0,279.54129086271945,18,Mobile,Premium,0
117,29,Female,UK,34.753161358948525,4,18,4,2,139.3500531436771,1,Desktop,Premium,0
118,51,Male,Germany,25.378960444153446,42,6,2,1,304.8970183006466,56,Desktop,Basic,0
119,50,Female,Germany,30.758616169151217,33,14,9,1,71.7873383452989,31,Mobile,Basic,0
120,40,Female,Ghana,38.521430764025084,43,10,0,2,252.9511682813633,20,Mobile,Premium,0
121,41,Female,Ghana,23.9701406122184,48,18,7,1,213.42082547769417,6,Desktop,Premium,0
122,54,Male,UK,33.62815672712219,43,9,8,1,122.96716788544256,45,Mobile,Basic,0
123,52,Female,USA,45.53827823160428,9,12,7,4,282.3282441946437,1,Mobile,Premium,0
124,61,Female,Germany,38.316154598715805,34,10,3,0,54.91885718642749,19,Mobile,Premium,0
125,57,Female,USA,14.142226433200221,39,19,1,4,330.0178196230385,39,Desktop,Premium,0
126,39,Male,UK,27.082532987238988,30,6,3,0,380.5451522020164,55,Mobile,Basic,1
127,44,Female,UK,33.55816335276996,20,14,8,0,186.94398739304245,27,Desktop,Basic,0
128,52,Female,Ghana,35.527838562219294,39,8,9,4,117.78253151599209,56,Mobile,Basic,0
129,18,Female,Germany,27.476509617127537,23,14,8,2,153.78102926126368,16,Desktop,Premium,0
130,52,Male,Canada,23.602111090104668,41,11,4,1,278.00916168965654,14,Desktop,Premium,0
131,54,Male,UK,30.67762934848969,44,16,4,3,174.21001208332996,34,Mobile,Premium,0
132,64,Female,Germany,19.131152961050557,35,6,9,4,-34.83926571461552,7,Desktop,Premium,0
133,31,Male,USA,40.997342660445184,23,15,2,4,230.67418949137175,20,Desktop,Basic,0
134,20,Male,Ghana,48.68680973948168,48,15,5,2,271.50710487707227,31,Mobile,Basic,0
135,18,Male,USA,33.94693968450124,39,14,6,1,241.14495346012623,22,Mobile,Basic,0
136,22,Female,UK,27.67561446470886,23,12,9,4,253.8657820424631,20,Desktop,Basic,0
137,43,Female,UK,39.409009999136465,37,2,8,3,328.36183569774425,15,Mobile,Basic,0
138,31,Male,USA,37.719292243586736,23,8,6,1,183.08315599819977,25,Mobile,Premium,0
139,56,Male,UK,27.244592538945756,39,19,2,4,337.46604721172565,46,Mobile,Basic,0
140,44,Male,Germany,29.521564306502466,28,14,6,4,187.65023678357258,1,Mobile,Premium,0
141,26,Female,UK,23.904656608719037,19,5,0,0,290.132125043101,17,Mobile,Premium,0
142,32,Female,Ghana,31.6468482493597,49,9,1,0,188.60717118725086,16,Mobile,Premium,0
143,32,Male,Germany,32.98909140045248,48,13,3,4,363.06446606077446,37,Mobile,Basic,0
144,43,Male,Canada,22.19867345729304,30,9,6,2,251.83340706668594,21,Desktop,Basic,0
145,59,Male,UK,19.253236583721034,21,14,8,0,192.3062273620561,27,Mobile,Basic,0
146,30,Male,UK,16.73984587965934,24,5,4,4,104.03338276588146,56,Mobile,Basic,0
147,49,Female,Ghana,34.165346626120424,21,2,7,1,216.4970581457693,55,Mobile,Premium,0
148,56,Male,Ghana,29.88517430379894,26,7,6,3,134.45782200693483,59,Mobile,Basic,0
149,49,Female,USA,29.16425853145173,36,16,4,0,235.27999557641257,35,Mobile,Premium,1
150,21,Male,USA,34.64525922344333,26,11,2,4,252.7174298412299,24,Mobile,Premium,0
151,47,Male,USA,20.99038024311623,33,11,2,0,283.22887249372326,52,Desktop,Premium,1
152,54,Male,Ghana,19.29747264828807,36,12,5,1,243.01653204099335,51,Mobile,Basic,0
153,40,Male,USA,32.41081918968858,4,13,9,2,206.4046370008858,2,Desktop,Premium,0
154,56,Male,USA,12.713210404194434,9,8,3,4,305.96558545544315,57,Desktop,Basic,0
155,62,Female,Canada,27.410154690657755,8,16,2,1,315.2374191521021,46,Desktop,Basic,0
156,32,Male,USA,54.66446372577879,2,1,3,3,115.78342618377285,55,Desktop,Premium,0
157,60,Male,UK,16.514625371474757,29,13,2,4,340.9662246107176,53,Mobile,Premium,0
158,46,Male,Ghana,25.702576400692767,23,11,9,3,298.32369271792254,25,Mobile,Basic,0
159,53,Female,Germany,8.771071963102315,6,4,5,2,131.7508797218257,19,Mobile,Basic,0
160,30,Female,Canada,27.662719417778554,43,4,6,4,49.669266053455175,45,Desktop,Premium,0
161,49,Female,Ghana,49.6653642826531,36,15,3,4,296.35779279241285,13,Mobile,Basic,0
162,24,Female,Ghana,34.669174367904006,46,3,2,1,216.49965101019498,29,Desktop,Basic,0
163,39,Male,UK,23.86220690879025,21,19,2,0,163.57247718041177,32,Desktop,Basic,1
164,45,Male,USA,51.81410645271099,22,2,2,4,225.11411573034712,6,Mobile,Basic,0
165,19,Male,UK,12.576473904815899,9,6,8,2,294.90226169855146,56,Desktop,Premium,0
166,59,Female,USA,34.539431597570186,34,8,2,4,37.47381405511052,9,Mobile,Basic,0
167,62,Male,USA,30.64912787092937,26,17,2,4,210.09465258028777,52,Desktop,Premium,0
168,23,Male,Ghana,27.529753190895836,1,5,7,4,204.59231816154488,1,Desktop,Basic,0
169,45,Female,USA,38.07091473728845,36,2,3,4,319.71648474980555,24,Mobile,Basic,0
170,45,Female,Canada,18.180205917246994,44,12,6,2,266.2826221698813,10,Desktop,Basic,0
171,61,Female,Canada,33.12622633872329,5,5,2,1,265.5382518162605,35,Mobile,Basic,0
172,61,Male,Canada,31.856583227645164,41,10,7,0,164.49144484024407,6,Mobile,Basic,0
173,37,Male,Ghana,21.289873368862867,22,9,2,2,253.56627444040674,48,Mobile,Premium,0
174,47,Female,UK,49.499955804173176,4,8,4,2,161.18845876574863,20,Desktop,Basic,0
175,28,Male,Germany,28.18162736638361,48,1,0,3,191.30077095808508,38,Mobile,Basic,0
176,45,Female,USA,28.61349627805292,2,6,4,0,245.91100236553282,12,Mobile,Basic,0
177,42,Female,Germany,19.723228247042577,16,11,5,1,206.83058483479925,3,Mobile,Premium,0
178,56,Male,UK,28.36659548883618,16,3,6,1,225.29898008169616,55,Mobile,Basic,0
179,50,Female,UK,53.34754606818984,22,15,1,3,305.0435509592421,18,Desktop,Premium,0
180,18,Female,Ghana,27.472881400284148,43,11,1,3,170.80271345614807,21,Mobile,Basic,0
181,44,Female,Canada,35.18701943013643,1,5,8,2,116.99202435536822,35,Mobile,Premium,0
182,30,Male,Canada,39.505477319935125,15,16,9,1,127.45903496663,37,Mobile,Premium,0
183,58,Female,UK,28.18597688859904,24,7,0,1,110.04188240372598,19,Mobile,Premium,0
184,20,Female,Ghana,25.904096977162,4,6,1,1,328.5946040756238,25,Mobile,Premium,0
185,56,Female,Ghana,34.72263881226173,18,9,1,2,252.33926038265665,56,Desktop,Basic,0
186,23,Female,USA,27.587416311155998,17,7,9,1,285.6426858846309,18,Mobile,Premium,0
187,25,Female,Canada,26.681549272137357,7,3,6,4,271.30264283719333,40,Desktop,Basic,0
188,44,Female,UK,39.39889894259463,45,11,5,3,184.12776108923686,30,Mobile,Premium,0
189,26,Female,Germany,29.3057691308695,10,12,8,3,330.39102948743835,56,Desktop,Premium,0
190,54,Male,Canada,42.1323983826474,1,11,6,3,144.72786437164746,42,Mobile,Premium,0
191,50,Male,USA,29.08073311756878,2,2,2,3,360.98971577649,51,Desktop,Premium,0
192,59,Female,Ghana,16.828044416473098,49,1,2,4,209.89698012928093,42,Desktop,Premium,0
193,61,Male,UK,-4.257953528336522,22,2,0,0,343.09517329998243,53,Mobile,Basic,1
194,41,Male,Canada,11.6185155314731,32,14,7,1,116.07168501693761,34,Desktop,Premium,0
195,32,Female,Germany,13.340395337357375,29,13,0,3,165.48488168131547,10,Mobile,Basic,0
196,49,Male,USA,32.66537930827897,35,5,1,1,71.76865877888335,22,Mobile,Premium,0
197,49,Female,USA,20.286673067858615,17,2,6,1,283.379826643872,50,Desktop,Premium,0
198,41,Female,Canada,10.258686239358411,12,19,0,4,220.25752724425246,4,Desktop,Premium,0
199,58,Female,Germany,28.690943115250626,24,17,3,1,361.3289938768782,3,Desktop,Premium,0
200,29,Female,USA,19.181719328691454,30,11,8,3,161.28132865093832,49,Mobile,Basic,0
201,56,Female,UK,34.63099137923965,44,16,7,1,306.96665420454354,56,Desktop,Premium,0
202,19,Male,USA,34.38268647266829,30,18,7,4,206.39320836063044,56,Desktop,Basic,0
203,20,Female,Germany,35.4408628218318,20,8,2,3,192.4968649289321,49,Desktop,Basic,0
204,54,Male,Ghana,4.417194727058927,42,2,4,4,176.84934921863407,28,Mobile,Basic,0
205,34,Female,Ghana,30.454091263798816,7,17,3,2,132.3882197805195,22,Mobile,Basic,0
206,19,Female,Canada,28.785975999319405,42,11,7,0,229.93983349066156,12,Desktop,Basic,0
207,19,Female,Germany,17.783557202222042,38,14,6,1,216.91133890713522,49,Desktop,Basic,0
208,45,Male,USA,8.625692374635491,7,16,6,1,74.18537845817193,13,Desktop,Premium,0
209,40,Female,USA,28.91315078862574,49,15,9,1,-0.8970134788212363,41,Mobile,Basic,0
210,54,Female,Ghana,40.64116053756205,30,15,9,2,174.96027342824365,33,Desktop,Basic,0
211,49,Female,Ghana,4.182423974247264,12,3,6,0,292.9596214065199,47,Desktop,Basic,1
212,50,Female,UK,21.674791270960036,49,7,0,4,217.76568933343538,19,Mobile,Basic,0
213,18,Male,Ghana,31.31535112986163,31,12,6,2,95.78269545925554,41,Mobile,Basic,0
214,36,Female,UK,41.24919994193631,18,3,3,2,58.09232530083395,17,Desktop,Basic,0
215,19,Male,USA,26.876284858186825,46,19,2,3,292.3837062346828,47,Desktop,Premium,0
216,61,Female,UK,49.31002948030783,43,10,4,2,67.75662279968597,34,Mobile,Premium,0
217,43,Male,UK,12.04693460719783,2,8,1,2,260.7472234241693,4,Desktop,Basic,0
218,49,Male,Canada,9.83062078361052,33,16,7,1,245.52335667345022,39,Mobile,Basic,0
219,23,Female,Ghana,40.17715049723689,11,16,8,3,330.772881939699,8,Desktop,Premium,0
220,49,Female,UK,6.503757479732293,34,12,4,4,149.66805959776306,33,Desktop,Basic,0
221,21,Male,USA,34.615323363006496,16,5,2,0,275.14442645050315,1,Desktop,Premium,0
222,28,Female,Germany,27.054675615061882,35,6,9,4,311.9897502975281,5,Mobile,Premium,0
223,34,Female,UK,20.989993975600022,33,6,6,3,93.0299056719006,32,Desktop,Premium,0
224,55,Female,Ghana,25.733327915311282,21,8,0,1,210.64495723043953,40,Mobile,Basic,0
225,41,Male,Canada,17.109281063705613,20,17,9,0,196.76906881757122,1,Desktop,Premium,0
226,22,Female,USA,26.81665944583724,8,12,2,4,114.89766468396496,35,Mobile,Premium,0
227,51,Female,Canada,30.174193343548584,26,14,8,0,221.14478417041516,22,Desktop,Basic,0
228,23,Female,Germany,25.83778023553863,33,2,1,0,106.48069134650382,29,Mobile,Basic,0
229,39,Male,UK,24.150637178187296,26,19,8,0,230.57301450886456,17,Mobile,Premium,0
230,28,Female,UK,32.54136995040549,37,6,0,2,373.9007526174328,30,Desktop,Basic,0
231,33,Male,Ghana,46.595717957948295,30,18,3,3,183.6613211148111,35,Mobile,Basic,0
232,50,Female,UK,27.337965980176044,31,4,9,3,192.4086956247128,1,Desktop,Premium,0
233,26,Male,USA,38.199905050042176,33,5,5,1,313.3206638040559,4,Desktop,Basic,0
234,23,Female,Germany,20.338230019946565,11,6,6,4,300.75903403407943,9,Desktop,Premium,0
235,33,Female,Canada,16.659186991751266,41,15,2,1,150.58837128977072,45,Mobile,Basic,0
236,46,Male,Germany,34.53315387314024,5,6,8,4,255.05724540003607,32,Desktop,Premium,0
237,20,Male,UK,27.6646545641665,2,8,3,0,-36.210369400819445,5,Desktop,Basic,0
238,37,Male,Canada,41.29497341643083,13,9,4,4,119.67053435900519,14,Desktop,Premium,0
239,53,Female,Ghana,43.254235156937604,18,6,7,4,285.5905043737777,51,Mobile,Basic,0
240,36,Female,Germany,38.390848424274864,26,2,2,0,159.18200672804102,26,Desktop,Premium,0
241,43,Female,Canada,38.17358330400184,25,16,7,1,183.97344987175887,23,Desktop,Basic,0
242,20,Female,Canada,-4.253630855929742,44,1,0,4,126.05436503914329,46,Desktop,Basic,0
243,36,Male,Canada,34.44522499567029,14,16,7,1,113.22190101667601,22,Desktop,Premium,0
244,37,Female,USA,38.628798294650046,5,1,9,1,0.3055982418906922,27,Mobile,Basic,0
245,49,Female,Germany,17.28217397838257,42,1,7,3,170.94796208515456,25,Desktop,Premium,0
246,24,Female,Canada,30.087725115897864,2,7,5,0,237.24882752227217,36,Desktop,Basic,1
247,58,Female,Germany,19.572717856577633,4,16,4,0,219.74802421241066,4,Desktop,Basic,0
248,50,Female,Canada,40.27510594800878,12,17,8,2,133.43871402876968,32,Mobile,Premium,0
249,57,Female,Ghana,20.440019349235023,11,16,5,1,85.6806609989785,9,Desktop,Basic,0
250,56,Female,Ghana,22.07137893063353,4,16,0,2,170.0898667165394,2,Desktop,Premium,0
251,35,Male,Ghana,25.359498339439845,43,6,5,0,93.68253148398382,42,Desktop,Basic,1
252,57,Female,UK,52.49410221900274,9,18,0,0,138.5943481691087,50,Desktop,Premium,1
253,18,Female,Canada,40.04672270076196,10,3,5,2,210.32845923378295,57,Desktop,Basic,0
254,28,Female,UK,46.126038589138844,27,8,2,0,130.27949127359676,39,Desktop,Basic,1
255,45,Female,Germany,11.86880144519759,6,4,5,0,302.90518952785334,53,Mobile,Premium,1
256,42,Male,UK,17.307052538274334,15,4,5,3,116.33469451332249,46,Mobile,Basic,0
257,40,Male,Germany,43.38579643717697,42,17,0,4,151.61753711745828,53,Desktop,Basic,0
258,48,Male,Germany,12.39838851773326,31,5,8,3,267.9784796497695,25,Mobile,Premium,0
259,47,Male,Germany,23.28315829150334,22,14,7,4,255.23395325138597,47,Mobile,Basic,0
260,59,Male,UK,50.553413406278565,6,15,1,3,241.32960374355133,10,Mobile,Premium,0
261,52,Male,Canada,20.3653526969531,33,12,1,3,148.95614645254554,37,Desktop,Basic,0
262,24,Female,UK,11.790025472847748,29,13,4,1,246.73026571673574,25,Desktop,Basic,0
263,33,Male,Canada,30.47474504376328,21,18,9,2,263.3651639940887,40,Mobile,Premium,0
264,43,Male,Canada,12.20257025838757,30,14,1,3,235.33528659088236,54,Desktop,Premium,0
265,19,Female,Germany,42.37250072972916,21,19,0,1,197.41095120733047,53,Mobile,Basic,0
266,18,Male,UK,21.05141250510306,36,7,1,3,246.1675126349864,29,Desktop,Premium,0
267,29,Female,Canada,19.0476097108808,22,6,4,2,193.93800847264313,37,Mobile,Basic,0
268,22,Female,Ghana,30.29382352664002,46,5,9,1,232.31425353623183,5,Desktop,Basic,0
269,54,Male,Canada,25.955621475245437,20,4,6,4,205.9691178425339,14,Desktop,Premium,0
270,49,Female,Ghana,32.5234919368082,22,18,4,2,79.14489993177264,33,Mobile,Premium,0
271,26,Male,UK,35.215044494027005,40,14,0,0,153.3019473332868,27,Desktop,Premium,0
272,58,Male,UK,27.827122565231058,11,16,6,1,366.4368617150775,5,Desktop,Premium,0
273,52,Female,UK,18.385513900139685,47,14,5,0,45.00762594442409,51,Mobile,Basic,1
274,36,Female,Canada,37.30508285064765,31,5,6,1,324.1789355131474,54,Desktop,Basic,0
275,33,Male,USA,23.06590181897672,40,11,1,4,250.04233949603653,57,Mobile,Premium,0
276,20,Female,Canada,21.309110254942983,13,12,4,1,202.73786557522126,44,Mobile,Basic,0
277,37,Female,Canada,31.42660615156051,18,18,7,3,65.56698306946896,15,Mobile,Premium,0
278,41,Male,Germany,10.713375807443285,22,4,6,0,199.90803565280976,3,Mobile,Basic,0
279,50,Male,Germany,33.90876033147053,17,13,5,0,140.29414872236293,1,Desktop,Premium,0
280,41,Female,Canada,31.957620038841892,38,13,5,1,295.11828173341894,24,Desktop,Basic,0
281,28,Male,Ghana,41.2181964027302,25,4,0,3,146.66408102852105,12,Mobile,Basic,0
282,25,Male,Germany,24.996078604156065,32,7,0,3,177.93378416768564,45,Desktop,Premium,0
283,53,Male,Canada,43.24831532022267,15,2,6,1,219.69441870706498,14,Desktop,Basic,0
284,55,Male,USA,35.29642900501876,13,18,2,2,148.43773514914545,57,Desktop,Premium,0
285,57,Male,Ghana,29.73210825556761,26,6,5,4,276.6872254955382,42,Desktop,Premium,0
286,37,Male,UK,48.16695925506038,11,16,4,1,176.32879027248066,20,Mobile,Basic,0
287,52,Male,Canada,30.952127308467837,13,3,2,3,49.53289592156514,58,Desktop,Basic,0
288,42,Female,Canada,24.816326723723492,33,15,5,4,212.0613331352945,14,Mobile,Basic,0
289,52,Male,Ghana,31.238399930714913,37,10,2,1,264.5899315053049,14,Mobile,Premium,0
290,42,Female,Germany,24.61030832886017,38,9,7,4,315.0424709536371,45,Desktop,Basic,0
291,46,Female,Germany,33.73646680594694,1,11,6,2,244.21351736182112,53,Desktop,Basic,0
292,35,Female,Germany,43.206872819975054,39,14,8,3,292.2507902943346,35,Desktop,Premium,0
293,63,Male,UK,29.919959675107407,27,12,4,2,239.25643041280964,56,Mobile,Basic,0
294,35,Male,Ghana,30.90139660073328,36,7,0,2,123.24665768902418,19,Mobile,Basic,0
295,19,Female,Ghana,37.97831194529287,32,11,9,3,137.50125636358382,20,Desktop,Basic,0
296,52,Male,Germany,41.87240024108131,41,17,7,2,16.098856125715997,42,Desktop,Basic,0
297,33,Female,Germany,25.473647347841762,15,9,1,1,182.6516246727149,44,Mobile,Basic,0
298,58,Male,USA,31.7233600620363,31,13,5,1,252.22559129442698,23,Mobile,Basic,0
299,53,Male,USA,38.02262307446749,6,16,0,4,73.7746176768382,34,Desktop,Premium,0
300,50,Female,Canada,33.29952256077038,25,3,5,1,303.51790996047686,1,Desktop,Basic,0
301,21,Female,Canada,11.379105642313682,49,5,3,1,191.77660002101106,4,Desktop,Basic,0
302,50,Female,Ghana,39.82726959911422,18,17,4,4,128.28956391982095,40,Mobile,Basic,0
303,31,Male,Ghana,35.22881314713736,22,1,9,0,73.36522310352804,17,Mobile,Premium,0
304,38,Female,UK,35.93948740206807,31,9,6,3,332.8843180827605,26,Desktop,Premium,0
305,37,Male,UK,18.078492723466393,36,17,5,1,294.5677630840023,14,Mobile,Basic,0
306,25,Male,USA,31.523899347021725,9,13,0,4,167.72737903443922,46,Mobile,Premium,0
307,24,Male,Canada,38.43345233404629,46,15,8,2,274.32072228781465,51,Mobile,Premium,0
308,20,Female,USA,21.19419395096798,3,8,5,2,183.23545618456342,32,Desktop,Premium,0
309,34,Female,USA,23.794554501556167,33,8,5,1,151.64539510735446,36,Desktop,Basic,0
310,50,Female,Canada,38.60479121067596,27,2,8,3,147.7403821042679,20,Desktop,Premium,0
311,29,Male,UK,23.328973752293383,43,10,9,4,181.4286517417507,16,Mobile,Basic,0
312,39,Male,Canada,27.914911224544603,1,5,4,4,168.11558226789882,51,Mobile,Premium,0
313,39,Female,Germany,19.653813408927547,44,16,5,4,204.91730703374853,19,Desktop,Premium,0
314,63,Male,Germany,48.19938567319166,9,19,5,4,328.66768845828915,45,Desktop,Premium,0
315,47,Male,Germany,35.20622765168559,5,1,6,4,382.2669519966054,39,Mobile,Basic,0
316,55,Female,Ghana,27.446050232938333,15,13,8,3,103.79494911778986,24,Desktop,Basic,0
317,55,Female,UK,25.57624809467797,9,4,4,4,236.75690398563276,14,Mobile,Premium,0
318,62,Female,UK,17.716353768526133,45,7,4,3,216.7704067134629,29,Desktop,Premium,0
319,25,Male,Ghana,28.898999087719243,28,1,3,3,242.4373992362079,42,Desktop,Basic,0
320,44,Male,USA,36.65058081190046,13,2,9,3,163.98556618146404,14,Desktop,Premium,0
321,44,Male,Germany,21.90185902723266,24,16,3,2,243.52861228134972,52,Mobile,Basic,0
322,51,Male,Germany,31.055411212963822,45,14,7,0,89.62541926990608,11,Desktop,Basic,0
323,38,Male,USA,26.326182253509792,10,5,1,1,470.5794300988131,11,Desktop,Premium,0
324,47,Female,Canada,43.801159295754985,42,14,9,2,223.24873355691233,47,Desktop,Premium,0
325,50,Male,Canada,23.63301236024469,22,17,7,0,258.4023624964966,40,Mobile,Basic,1
326,45,Male,UK,37.771558744368306,39,12,1,2,110.53950842803182,24,Mobile,Premium,0
327,64,Male,Ghana,43.940225959433675,22,12,0,3,144.38814639783476,22,Desktop,Premium,0
328,50,Female,UK,26.228693962224312,37,3,9,3,82.51342268088897,49,Desktop,Premium,0
329,22,Female,Canada,24.11422552349756,39,2,8,4,316.5028231130396,55,Desktop,Basic,0
330,36,Female,USA,39.22702318524627,20,15,7,3,111.22415985208136,55,Desktop,Basic,0
331,21,Male,UK,12.187760855981576,10,11,5,2,184.89244359973043,21,Desktop,Basic,0
332,52,Female,Germany,34.30594639102652,10,10,3,1,188.44473311372957,6,Mobile,Basic,0
333,34,Female,Germany,14.24678207162518,26,18,1,3,237.85622224582093,14,Mobile,Basic,0
334,61,Female,USA,42.224116651663294,25,2,7,0,96.60637245102308,9,Mobile,Basic,0
335,45,Male,Canada,27.479036555416652,28,7,2,2,268.76903515038674,35,Desktop,Basic,0
336,47,Female,Germany,29.0922190925773,13,7,9,0,299.59848902515097,44,Mobile,Basic,1
337,46,Male,Germany,22.7575079064232,15,7,3,4,147.19604075957025,36,Desktop,Basic,0
338,63,Male,Ghana,14.172927367277877,6,14,4,4,197.0726859892973,25,Mobile,Basic,0
339,23,Female,UK,42.6586043763205,12,2,3,1,250.12362149441174,15,Desktop,Premium,0
340,52,Male,Canada,28.28942491640707,19,2,7,2,220.4458244029761,45,Mobile,Basic,0
341,58,Female,UK,62.08768606708029,32,15,8,1,120.02244142320487,58,Desktop,Basic,0
342,54,Male,Canada,21.89818196940432,11,11,0,0,256.1011140030758,28,Mobile,Premium,0
343,41,Female,Germany,23.533058734174013,38,10,1,1,321.0155406474352,50,Mobile,Basic,0
344,46,Female,Ghana,21.02755885330027,33,3,3,0,320.7641339444313,14,Desktop,Basic,0
345,63,Female,UK,28.23839440795313,2,17,0,1,246.02199466898173,13,Desktop,Premium,0
346,48,Male,Germany,45.75217907784426,15,9,5,4,261.2778326523649,41,Desktop,Basic,0
347,52,Female,Canada,40.10137336773685,36,15,4,2,168.86495351071778,31,Desktop,Premium,0
348,50,Male,UK,14.954461664154007,5,14,6,1,126.62096673343285,5,Desktop,Basic,0
349,38,Female,UK,42.04120075797186,15,19,5,0,194.50339466363505,19,Mobile,Basic,0
350,49,Male,Germany,36.827912861211274,43,17,2,2,381.154891835671,8,Mobile,Premium,0
351,40,Male,UK,34.81387826651823,10,17,4,4,157.520252035311,13,Mobile,Basic,0
352,50,Female,Ghana,23.157591665595714,17,16,2,4,234.75305203473195,41,Desktop,Premium,0
353,20,Female,Ghana,23.900897013725846,34,8,8,3,230.22100641609194,17,Mobile,Basic,0
354,35,Female,Germany,31.37067233225601,24,7,1,2,170.0544064596625,32,Mobile,Premium,0
355,42,Female,Canada,24.468373379717228,10,12,5,1,318.69005949322667,5,Mobile,Premium,0
356,59,Female,Germany,43.12631984089134,30,1,8,4,327.10483310459597,9,Mobile,Basic,0
357,48,Male,Ghana,24.04044323874341,3,12,9,1,413.36457846643634,43,Desktop,Basic,0
358,20,Female,USA,10.532356271717145,37,6,6,1,136.12754740632346,34,Desktop,Basic,0
359,57,Female,USA,16.985430566371193,3,16,4,0,232.56777836784096,45,Mobile,Premium,1
360,63,Male,UK,17.620366271751344,40,18,1,1,207.0847089661424,1,Mobile,Premium,0
361,41,Female,UK,27.36651926376673,5,19,1,3,145.08691282845749,40,Mobile,Basic,0
362,49,Female,USA,32.160660335693244,28,3,3,2,146.70501725836908,15,Mobile,Premium,0
363,64,Male,Ghana,30.538004366752915,44,3,9,2,213.34604571714365,54,Mobile,Premium,0
364,39,Female,UK,34.6090899769202,14,5,1,0,162.64584592128628,32,Mobile,Premium,1
365,40,Female,Germany,27.477199759493192,39,3,7,3,121.62753578248686,34,Desktop,Premium,0
366,19,Female,Germany,27.830930052593637,11,19,9,3,209.88668764873427,35,Mobile,Premium,0
367,44,Male,Ghana,47.518599743020204,8,5,6,2,111.49798987156811,53,Mobile,Basic,0
368,59,Female,UK,42.05357571260877,37,14,6,3,162.69155373714653,49,Mobile,Basic,0
369,19,Male,Germany,34.08300481904564,8,16,2,4,228.94088862093741,50,Mobile,Premium,0
370,43,Female,UK,39.16670475677227,12,1,6,1,189.192432033335,59,Mobile,Basic,0
371,34,Male,UK,10.737848345063018,15,17,7,1,179.40635378485806,28,Mobile,Premium,0
372,57,Female,Germany,21.77461381084559,19,11,4,2,344.7085225378246,17,Mobile,Premium,0
373,50,Male,USA,25.677964859945295,48,9,0,2,312.209836266195,46,Mobile,Basic,0
374,26,Male,Germany,21.89234037980996,46,4,0,3,206.59656239180677,11,Mobile,Premium,0
375,60,Male,Ghana,14.542626911914724,28,2,3,0,118.85462552166305,23,Mobile,Basic,0
376,56,Male,Canada,34.2054380256579,7,9,1,2,264.8607487804536,55,Desktop,Basic,0
377,46,Male,Germany,43.8574775928462,40,5,6,2,402.0943559315891,26,Mobile,Basic,0
378,59,Male,UK,29.871902770006436,7,4,2,2,309.1993894680161,46,Mobile,Basic,0
379,43,Female,UK,36.48182045633986,30,5,3,3,95.99032901679762,5,Desktop,Premium,0
380,52,Female,Germany,29.57466046012436,18,18,8,4,184.1887208849156,26,Mobile,Premium,0
381,42,Male,Canada,25.583611903232608,24,13,1,2,141.36133253925016,6,Mobile,Premium,0
382,41,Male,Germany,39.19196559017723,6,5,7,4,125.91423778476177,51,Mobile,Premium,0
383,30,Male,Canada,15.718090591924259,4,19,0,3,290.80355022200234,43,Mobile,Premium,0
384,24,Male,Canada,11.365972540544341,3,3,2,0,289.11726573047326,34,Desktop,Basic,1
385,53,Female,Ghana,15.577001780895788,49,18,3,1,342.03535277424123,42,Mobile,Premium,0
386,62,Male,UK,38.53587978276089,47,6,5,1,254.26792241051342,13,Mobile,Basic,0
387,37,Female,UK,30.872111068860875,6,6,0,1,196.4176621156093,25,Mobile,Premium,0
388,18,Female,Canada,33.76537979246787,26,5,7,1,215.0313439792898,2,Mobile,Premium,0
389,25,Male,UK,46.76922993457549,44,1,1,3,127.55348028426044,14,Mobile,Basic,0
390,63,Male,USA,18.36660325448849,38,8,4,1,309.6079589350402,17,Desktop,Premium,0
391,33,Female,Canada,42.04170369163868,11,1,5,3,140.70359722894656,41,Desktop,Premium,0
392,31,Female,UK,26.03675585851371,29,6,7,0,167.3113428892787,40,Mobile,Basic,1
393,29,Male,USA,24.516391247532617,20,14,2,2,175.70451231149457,40,Desktop,Basic,0
394,40,Male,Ghana,30.812203772516035,10,11,8,2,-45.67911569821655,39,Desktop,Premium,0
395,32,Male,UK,32.377362556798616,26,2,4,2,269.40497213439784,25,Desktop,Premium,0
396,45,Female,USA,27.8945786042676,48,4,7,3,124.18107373057465,27,Mobile,Basic,0
397,51,Female,Germany,36.10314301061632,27,13,3,3,255.1592157393058,48,Mobile,Premium,0
398,19,Male,Germany,30.85243076811077,14,7,8,3,164.11519826069014,51,Desktop,Basic,0
399,49,Female,USA,28.0066838324754,36,6,7,0,163.4064972387182,24,Desktop,Basic,0
400,40,Female,Canada,25.83715864220219,12,3,4,4,111.15430278609591,49,Mobile,Premium,0
401,39,Male,Canada,32.383464657176496,23,9,2,3,311.07509449240723,33,Desktop,Basic,0
402,42,Male,UK,16.433421725538945,21,14,0,3,328.8988606340406,27,Mobile,Premium,0
403,39,Female,Germany,19.25536170020012,8,11,4,2,279.99109701218197,45,Mobile,Premium,0
404,39,Female,Canada,26.325499308038186,39,5,4,1,221.20892006409966,31,Desktop,Basic,0
405,59,Male,Canada,35.44875059689589,9,14,3,1,210.8574723754363,48,Mobile,Premium,0
406,23,Male,Germany,51.42850123724857,24,19,9,0,286.9274167498278,38,Desktop,Premium,1
407,32,Male,Ghana,28.40674364116397,31,8,9,1,189.9447503789905,15,Desktop,Premium,0
408,60,Male,Canada,12.25768708664237,25,7,7,4,305.41238806616275,44,Desktop,Basic,0
409,54,Male,USA,22.097524903677005,17,7,2,2,122.98962976213497,56,Mobile,Basic,0
410,50,Female,UK,36.5889184959223,42,3,9,0,278.52658660778036,40,Desktop,Premium,1
411,25,Female,Canada,20.297178910510524,29,3,8,1,302.80742589979735,58,Mobile,Premium,0
412,61,Female,Canada,16.942547421215558,3,18,2,1,112.150950223134,1,Desktop,Basic,0
413,61,Female,Ghana,36.536689016140784,21,13,3,2,132.87767712750997,11,Mobile,Basic,0
414,22,Male,USA,34.64880060892913,8,1,5,0,196.44231361676447,15,Desktop,Premium,0
415,56,Male,UK,15.274592572432034,14,5,8,2,233.84978938814567,33,Desktop,Premium,0
416,21,Male,Canada,21.05006654544319,39,4,9,0,150.59240152374673,57,Mobile,Premium,1
417,23,Female,UK,42.44670176817495,16,16,1,1,207.37575332701843,48,Mobile,Basic,0
418,62,Female,Germany,38.528442700943415,18,15,1,2,34.70282951920916,32,Desktop,Basic,0
419,49,Female,Canada,18.026284841988222,31,18,1,2,261.1993876482727,25,Mobile,Basic,0
420,47,Male,Canada,10.111106450882147,11,17,4,4,264.96280535157683,39,Desktop,Premium,0
421,64,Female,Germany,32.68517915860871,38,14,5,2,321.67997193115,33,Desktop,Basic,0
422,52,Male,Ghana,27.0393200476127,20,14,2,0,245.90190179424158,29,Mobile,Premium,0
423,57,Male,Canada,31.817418967270715,46,19,2,4,170.39450782081798,58,Mobile,Basic,0
424,33,Male,UK,36.34661943843938,45,6,1,2,118.85376890862253,34,Desktop,Basic,0
425,30,Male,USA,20.43730582603978,4,13,5,2,134.94888146051605,8,Desktop,Premium,0
426,59,Male,UK,25.678544734141013,20,18,0,4,192.89434804593046,56,Desktop,Basic,0
427,47,Male,Ghana,21.009414762942008,31,15,8,1,132.25300169618092,11,Desktop,Premium,0
428,36,Female,USA,21.367649670195096,20,7,9,2,138.52625970054052,13,Mobile,Basic,0
429,34,Male,UK,35.6475919332443,11,19,3,3,196.9781144452392,5,Desktop,Basic,0
430,36,Male,UK,31.44068581344415,1,17,1,1,71.07162844198135,50,Mobile,Basic,0
431,45,Female,Germany,14.370582298892634,44,9,5,2,120.7389301640835,19,Desktop,Premium,0
432,43,Male,Ghana,37.251036419165125,18,11,4,1,217.47475960461477,21,Mobile,Basic,0
433,54,Female,Germany,26.499299254218005,39,5,2,0,221.3199893822246,3,Desktop,Basic,0
434,43,Female,USA,37.711654068279216,44,2,2,1,269.1906425757471,26,Mobile,Premium,0
435,40,Female,Germany,19.852619540537624,33,15,4,4,212.39588486614673,33,Desktop,Basic,0
436,26,Male,Ghana,20.743119813023693,36,12,3,2,202.47398565387184,30,Mobile,Basic,0
437,29,Male,Canada,32.51712298106668,18,10,4,1,250.9624848482983,22,Mobile,Premium,0
438,18,Female,Canada,19.035399118303253,47,10,1,3,215.22414318946906,5,Mobile,Basic,0
439,18,Male,USA,27.251188292582334,31,11,0,0,122.23154351600249,19,Desktop,Basic,0
440,64,Male,Canada,17.899265376407257,35,10,4,0,136.03558416090027,9,Mobile,Premium,0
441,51,Female,Germany,26.086302669283498,39,7,0,1,334.1261253561316,58,Mobile,Basic,0
442,49,Female,USA,29.681457681951024,38,14,2,4,457.35868694321505,24,Desktop,Basic,0
443,42,Male,Ghana,30.152579349007585,15,13,7,0,258.8880444672772,39,Desktop,Premium,1
444,57,Female,USA,26.35252728733651,47,5,7,1,119.3268887953864,12,Desktop,Basic,0
445,62,Female,USA,33.333503003181384,6,19,8,1,351.9172267753289,46,Mobile,Basic,0
446,18,Female,UK,31.47799045512038,8,10,0,0,165.58117317285993,48,Mobile,Basic,1
447,33,Male,UK,29.106333362631965,40,8,3,1,233.99261060275143,45,Mobile,Premium,0
448,56,Male,USA,23.741494672888958,22,18,5,1,198.36783142991646,27,Mobile,Premium,0
449,22,Male,Canada,40.68243749578509,1,1,6,3,214.8784893195767,50,Desktop,Premium,0
450,39,Female,UK,33.86287208232594,13,5,4,1,164.77740932958295,42,Mobile,Premium,0
451,46,Male,Ghana,19.638911361080044,24,11,6,1,303.8307563165846,53,Desktop,Basic,0
452,20,Female,Germany,36.488838756904926,21,11,9,4,185.24402613175192,21,Mobile,Basic,0
453,29,Male,UK,38.75493636952676,45,16,7,0,249.0158173619269,38,Desktop,Premium,1
454,43,Male,USA,29.184352407078226,43,10,9,4,247.2860988336092,54,Desktop,Premium,0
455,33,Female,Canada,29.84912673925394,4,15,5,2,191.16563834113884,35,Mobile,Premium,0
456,54,Male,Germany,9.41129320616787,7,7,3,4,79.62293815788846,32,Mobile,Basic,0
457,39,Female,UK,21.565589233432753,12,15,0,2,133.80678287313467,59,Mobile,Basic,0
458,46,Male,Canada,38.43694416352654,13,16,4,2,256.9579952331944,36,Desktop,Basic,0
459,31,Male,Canada,22.1737680179746,44,6,9,4,224.59332233458025,33,Desktop,Basic,0
460,45,Female,Canada,28.401580778186247,16,11,9,3,134.79749886846605,43,Mobile,Premium,0
461,22,Female,USA,21.413798699342337,6,17,9,4,203.49625541558447,17,Desktop,Basic,0
462,64,Female,Ghana,32.308155848317305,14,15,3,0,216.77234126629642,5,Mobile,Basic,0
463,47,Male,Canada,33.937425551428916,48,16,4,4,246.62098796037702,44,Mobile,Premium,0
464,63,Male,Germany,34.20474661735183,31,2,3,3,345.6213064823514,20,Mobile,Premium,0
465,22,Male,UK,18.60639040393299,36,4,8,4,17.37009079043122,23,Mobile,Basic,0
466,29,Female,Germany,31.067021068365534,37,19,2,3,296.8557472034443,39,Desktop,Basic,0
467,33,Female,USA,45.7656976132189,41,6,2,0,217.3749845824387,4,Mobile,Basic,0
468,43,Female,USA,37.484887384846616,35,18,9,1,117.57856342545111,26,Desktop,Premium,0
469,43,Male,Germany,30.93331236091089,10,11,6,3,213.1908773442885,30,Desktop,Premium,0
470,38,Male,Ghana,10.690256581289596,17,9,1,3,315.71303902062243,48,Desktop,Premium,0
471,56,Female,USA,27.506435218902055,42,3,8,3,339.6556419433334,47,Desktop,Premium,0
472,53,Male,USA,46.4636558064761,30,2,7,0,118.30721954931724,46,Desktop,Premium,1
473,50,Female,Germany,43.18606836013099,44,18,5,2,132.11191460555784,29,Mobile,Basic,0
474,47,Male,USA,34.614183247864624,7,15,8,3,96.56027892913195,34,Desktop,Basic,0
475,54,Male,Ghana,22.806695879052118,18,18,2,0,218.64161294684737,10,Mobile,Basic,0
476,40,Female,Ghana,30.52278982445451,19,19,3,1,222.5882962614487,20,Mobile,Basic,0
477,27,Male,Ghana,37.734808333855256,15,15,6,3,278.9995545209505,24,Mobile,Basic,0
478,22,Male,UK,39.40539193629264,39,17,0,2,235.30506957635652,34,Mobile,Basic,0
479,53,Female,Ghana,33.126203056458294,44,18,0,0,271.4797410578823,37,Desktop,Basic,1
480,51,Female,Ghana,38.5503968271765,22,18,0,1,89.04427029316523,13,Desktop,Premium,0
481,48,Male,UK,29.413074203371604,39,11,7,2,340.2212708938936,23,Mobile,Basic,0
482,27,Female,Canada,28.970933369093345,42,18,5,1,303.77861360551697,10,Mobile,Premium,0
483,36,Male,USA,25.41084978227998,30,3,2,2,157.66418727428416,22,Mobile,Basic,0
484,49,Female,Ghana,34.245368323683316,20,13,9,4,137.0222296287674,45,Mobile,Basic,0
485,18,Male,USA,40.00340272233822,32,14,6,4,259.6981729832985,14,Mobile,Premium,0
486,22,Male,Germany,37.084438707354856,42,4,5,4,75.07025014128972,25,Mobile,Premium,0
487,62,Female,USA,17.819635186478905,25,18,4,1,141.18339553155843,18,Desktop,Basic,0
488,21,Male,UK,18.355256848271235,23,5,2,4,117.77917992460802,20,Desktop,Basic,0
489,33,Male,USA,41.03639883512464,5,14,3,0,192.25362024280565,55,Desktop,Basic,1
490,41,Female,USA,31.765728137844423,41,12,0,0,164.482267957626,28,Desktop,Basic,0
491,33,Female,USA,32.15648151476659,30,7,8,4,137.1667497653087,8,Mobile,Basic,0
492,19,Male,Canada,31.931146336900248,48,12,4,2,129.30660995209053,5,Desktop,Premium,0
493,45,Female,Canada,47.51639501573564,39,8,1,2,148.875835815166,21,Desktop,Premium,0
494,49,Female,Germany,25.537151818440808,27,3,8,1,104.79213159303512,20,Mobile,Premium,0
495,44,Male,UK,41.16634135676143,42,1,6,2,243.4138461112879,57,Desktop,Basic,0
496,37,Male,USA,32.33607024320167,37,3,7,3,290.0926431715585,44,Mobile,Basic,0
497,41,Female,USA,13.994870207349472,7,11,2,2,232.12298623274188,16,Mobile,Premium,0
498,29,Female,USA,21.751477199873822,5,18,6,0,310.62451860896715,58,Mobile,Premium,1
499,52,Female,USA,23.92969416304055,15,7,0,2,132.75514647512918,20,Mobile,Basic,0
500,50,Male,Canada,40.931080144661166,42,9,5,1,140.1071503081667,51,Mobile,Basic,0
501,50,Male,Germany,42.27297806792577,8,4,9,2,235.38148178876864,25,Desktop,Basic,0
502,60,Male,Ghana,33.5385385077834,9,10,5,1,245.77882933538243,7,Mobile,Basic,0
503,54,Male,UK,24.77226720318704,11,18,9,3,201.22335962366458,25,Desktop,Basic,0
504,29,Male,USA,20.890188839497625,22,16,5,4,198.01443022030975,36,Mobile,Premium,0
505,20,Male,Germany,41.37581018661601,34,12,2,3,114.7090078295325,51,Mobile,Premium,0
506,18,Male,Ghana,17.154475910839423,35,19,5,0,-12.84183963146171,10,Mobile,Basic,0
507,50,Female,Germany,28.961097157523838,13,3,2,3,244.6069924539745,40,Desktop,Basic,0
508,57,Female,Canada,53.64471210320007,11,8,9,3,278.54590183067137,16,Mobile,Basic,0
509,27,Male,Ghana,24.802128119623468,32,19,8,0,165.1090485070554,4,Desktop,Basic,0
510,60,Male,Germany,17.283017703208863,42,9,6,0,155.83039347291293,10,Desktop,Basic,0
511,61,Male,Canada,12.345419747018212,15,19,3,4,147.29778460782092,51,Desktop,Basic,0
512,46,Female,Germany,54.04004422830698,38,17,2,4,169.9851950283737,48,Mobile,Basic,0
513,30,Male,Germany,33.48627099455546,1,13,5,2,280.49916454067034,31,Desktop,Basic,0
514,29,Female,Ghana,21.309243913985547,46,2,8,1,125.22070358065584,12,Mobile,Premium,0
515,48,Female,Canada,28.108633808515826,24,4,2,0,251.63756199592035,20,Mobile,Basic,0
516,63,Female,USA,23.370441822403514,43,11,7,3,160.18185927722973,32,Mobile,Premium,0
517,19,Female,UK,11.364439597071929,40,2,5,3,40.47829169878099,2,Mobile,Premium,0
518,52,Female,Ghana,37.88117433453787,22,4,3,4,172.5370800679133,11,Mobile,Basic,0
519,40,Male,Canada,30.33812822394808,3,4,4,1,331.1539153363693,20,Mobile,Basic,0
520,34,Male,Germany,37.04983778717939,14,1,2,0,145.16998943060062,23,Desktop,Premium,0
521,43,Female,Canada,30.065504868258436,2,11,1,4,181.022929810719,13,Mobile,Basic,0
522,25,Male,UK,31.312452357985507,32,2,8,1,200.6467678277094,35,Mobile,Basic,0
523,46,Female,UK,7.651776179607552,48,19,2,0,215.78876681271387,17,Desktop,Basic,0
524,43,Female,USA,39.07847752007328,38,8,5,3,323.38761462942796,10,Desktop,Premium,0
525,27,Male,USA,19.11690247636731,33,4,4,3,136.56500689960728,40,Mobile,Basic,0
526,43,Male,UK,21.679164230855328,46,16,9,4,200.85023864500283,38,Mobile,Premium,0
527,51,Male,Ghana,24.72127695495984,42,15,7,1,260.6917740475062,14,Desktop,Basic,0
528,58,Male,Ghana,9.41316427574515,6,5,4,3,142.87089866687347,19,Desktop,Basic,0
529,24,Male,Germany,24.174434921366515,41,5,7,1,205.8473627971105,32,Mobile,Premium,0
530,21,Female,USA,23.47815888263271,39,15,4,4,278.56943002775415,56,Desktop,Premium,0
531,62,Male,Germany,26.22166531067328,25,17,9,2,158.4178185397153,54,Desktop,Premium,0
532,28,Male,USA,12.988204827596206,34,3,5,1,186.1420125389419,33,Mobile,Basic,0
533,46,Male,UK,39.27708883561306,11,18,4,1,107.87366577620278,57,Desktop,Basic,0
534,53,Female,Ghana,33.980565781955725,46,11,1,4,275.7534778988249,43,Desktop,Premium,0
535,42,Male,Ghana,21.35959804640964,37,6,9,2,212.68425738256886,25,Desktop,Premium,0
536,38,Female,UK,24.184535877128496,41,12,9,3,165.9676712360568,25,Desktop,Basic,0
537,53,Male,Germany,38.38148328773099,7,17,5,0,175.3335824039441,14,Desktop,Basic,0
538,27,Male,Germany,27.425249688797805,46,14,6,4,199.27824955413,45,Desktop,Basic,0
539,54,Female,Canada,17.594641707962634,48,6,2,0,226.73495458391238,44,Mobile,Basic,1
540,26,Male,USA,29.164081299151245,22,10,2,2,147.78199094979058,54,Mobile,Basic,0
541,41,Male,Germany,19.121569682084363,48,16,6,2,154.0727472326859,38,Mobile,Premium,0
542,52,Female,UK,22.92126825877527,39,18,9,1,178.9337237917884,36,Desktop,Basic,0
543,52,Male,Germany,29.493759009774102,10,6,3,0,212.08159090594484,24,Desktop,Basic,0
544,53,Female,Ghana,40.55211464905659,21,19,1,0,328.4747310983009,41,Mobile,Basic,1
545,35,Female,USA,50.23324744230082,6,3,8,2,135.78101054345166,39,Desktop,Premium,0
546,56,Female,Canada,43.62615621382305,49,12,8,0,67.76184848389983,39,Mobile,Premium,1
547,49,Female,USA,29.281437611976024,1,16,5,3,311.9937701616752,13,Desktop,Basic,0
548,41,Female,Ghana,52.57349801192177,34,3,1,2,129.76695331117898,2,Desktop,Basic,0
549,40,Male,Ghana,35.582693443682885,14,16,2,1,317.4036102143364,34,Desktop,Premium,0
550,49,Male,Ghana,20.203114606862677,36,4,4,1,299.4865376427832,15,Mobile,Basic,0
551,54,Male,Ghana,30.94549852322857,27,13,4,1,243.54404918646821,58,Mobile,Premium,0
552,29,Female,UK,23.430833531241237,9,4,8,0,297.23941347896687,48,Mobile,Premium,1
553,30,Female,Canada,17.52094073672115,6,4,9,2,53.474112288661274,59,Mobile,Premium,0
554,40,Female,Ghana,18.257762225417903,31,7,2,1,91.80983402006552,2,Mobile,Basic,0
555,42,Female,Ghana,28.527658218255574,17,12,1,2,222.72906362801479,52,Desktop,Premium,0
556,52,Male,Germany,37.54205990613408,43,2,9,0,169.05798421613719,25,Desktop,Basic,0
557,58,Male,Canada,40.68203255795901,36,16,7,3,137.1959406806984,5,Desktop,Premium,0
558,47,Female,USA,17.55282083308619,21,7,6,3,264.63762127323673,34,Desktop,Premium,0
559,34,Female,Canada,26.96741317578913,27,19,8,3,220.60040095275895,52,Mobile,Premium,0
560,37,Male,Canada,34.86590679735057,41,11,2,0,283.9451611700668,39,Mobile,Premium,1
561,42,Female,Canada,31.518585957516102,28,1,5,1,170.24799517837235,5,Mobile,Premium,0
562,39,Female,Ghana,36.94546367046895,16,9,4,0,198.68579418152197,43,Desktop,Basic,1
563,30,Female,Ghana,25.653062952191426,35,5,4,2,323.170773422499,8,Mobile,Premium,0
564,36,Male,UK,42.729152351051624,36,17,9,3,97.32864184333323,49,Mobile,Premium,0
565,53,Male,USA,29.95757978190961,35,1,7,2,193.10578745731684,14,Desktop,Basic,0
566,29,Female,Germany,37.577241357212074,45,17,0,0,130.04755495484187,29,Desktop,Basic,0
567,58,Male,Canada,26.192262853928973,19,12,0,4,335.6390004108257,30,Mobile,Premium,0
568,36,Female,USA,30.583909435385078,21,13,2,4,392.46034189297177,37,Mobile,Basic,0
569,29,Female,USA,14.039741485715245,33,11,1,0,216.78953736842337,4,Mobile,Premium,0
570,26,Male,UK,21.632447299580292,23,13,1,1,239.4118375619754,35,Desktop,Premium,0
571,24,Female,Germany,27.925363114670787,6,13,1,2,191.70296648062077,7,Desktop,Premium,0
572,45,Female,Canada,31.000615432670315,32,6,3,0,188.61259486827083,26,Desktop,Basic,0
573,31,Male,Germany,56.812015511815716,22,6,0,0,206.68428681952128,32,Desktop,Premium,1
574,48,Female,UK,26.181000071737873,3,10,9,4,92.08361565258942,43,Desktop,Basic,0
575,36,Female,Ghana,16.233597679992755,35,19,8,3,252.82355581434854,33,Desktop,Premium,0
576,64,Female,USA,47.02484719454923,16,3,4,3,121.17061247295433,54,Mobile,Premium,0
577,33,Male,Canada,40.78837751028432,42,7,4,1,171.69198451505787,24,Mobile,Basic,0
578,22,Female,Ghana,18.434877965941368,25,5,8,1,202.65448329683173,50,Mobile,Premium,0
579,52,Male,UK,34.65262069879309,17,8,4,1,139.0280713994563,54,Desktop,Premium,0
580,29,Female,Germany,38.35206423329517,39,5,7,4,247.82138386099956,59,Desktop,Basic,0
581,42,Female,USA,31.638251134997162,13,12,0,0,161.9660432169595,1,Mobile,Basic,0
582,38,Female,Canada,33.25821920397843,28,4,0,1,285.2451027145048,29,Mobile,Premium,0
583,53,Female,Ghana,23.677438317408797,11,19,3,4,130.30325093515054,48,Desktop,Premium,0
584,40,Male,Ghana,35.03789332222407,10,18,7,2,186.64912745202548,45,Desktop,Basic,0
585,33,Male,USA,25.086457204188047,39,3,2,0,114.24968073365028,38,Desktop,Premium,1
586,56,Female,Germany,3.546058543059722,24,7,0,2,278.5982741417611,38,Mobile,Premium,0
587,62,Female,UK,31.962659720661105,38,8,8,3,175.12678245069958,21,Desktop,Basic,0
588,59,Female,Germany,13.240506854523382,24,15,8,3,155.430080185611,23,Desktop,Basic,0
589,56,Female,Germany,40.13494163457727,33,17,8,0,184.80365408345315,46,Desktop,Premium,1
590,31,Female,Germany,18.691798565647666,17,19,8,1,191.23852512258912,5,Desktop,Basic,0
591,48,Female,USA,5.4699579107963245,44,4,1,0,232.42517089635984,30,Mobile,Basic,0
592,22,Female,USA,12.30708839143687,36,16,3,1,243.12961376567188,40,Mobile,Basic,0
593,52,Female,UK,29.585233417114146,35,13,1,3,187.8732729788566,18,Desktop,Premium,0
594,40,Male,Germany,31.865078122400693,6,12,6,0,196.87167710462083,6,Desktop,Premium,0
595,46,Male,USA,15.873631836896006,16,4,2,0,-48.55408153593493,5,Desktop,Basic,0
596,60,Male,UK,19.276117452577193,45,12,8,1,163.83938615535646,42,Desktop,Basic,0
597,28,Female,UK,29.919311121136186,28,17,6,3,314.45482532154006,18,Desktop,Premium,0
598,35,Female,Germany,39.722277579706315,41,9,7,3,235.89561601748443,59,Desktop,Premium,0
599,64,Female,Canada,17.89917819262112,32,12,8,1,114.14916586614987,13,Desktop,Premium,0
600,29,Male,Germany,33.791752625178944,26,15,7,1,168.99857736731587,55,Desktop,Premium,0
601,26,Female,Canada,12.613093710208553,11,2,6,1,152.26400193286844,20,Mobile,Basic,0
602,27,Male,UK,33.15888736704534,25,9,8,3,285.60870743918986,38,Mobile,Basic,0
603,61,Female,USA,37.55792081055943,31,14,0,3,277.4893208050535,21,Desktop,Premium,0
604,34,Male,Ghana,35.24206610722506,21,4,3,0,137.51939151391832,4,Mobile,Premium,0
605,55,Male,UK,39.94397780687697,45,4,3,3,200.79008501120168,13,Mobile,Basic,0
606,24,Male,USA,39.277424005288424,3,6,4,2,109.29785147793467,18,Mobile,Premium,0
607,63,Female,UK,48.4693181595012,12,5,7,2,149.8707752741646,13,Mobile,Premium,0
608,30,Male,Germany,31.086184190590863,40,17,9,1,152.81956161617478,13,Desktop,Basic,0
609,57,Female,Canada,48.49891385697043,46,13,0,1,143.81901937538865,39,Desktop,Basic,0
610,59,Female,UK,20.559009099134173,41,17,5,1,229.29636305895778,37,Desktop,Premium,0
611,26,Female,USA,27.946582562785256,25,19,8,0,307.93155793980947,35,Desktop,Premium,1
612,44,Female,Germany,28.84996826959933,17,1,9,2,195.17813825776457,38,Mobile,Premium,0
613,19,Female,Ghana,19.57215540809838,38,17,7,2,115.60434851435062,40,Mobile,Basic,0
614,22,Male,Germany,6.393411327858804,36,3,1,3,216.64853967240882,27,Mobile,Premium,0
615,46,Female,Canada,38.69298361811651,36,14,6,2,216.75791182744217,58,Mobile,Basic,0
616,54,Female,Germany,20.700658460973415,19,12,4,3,184.9001733989302,26,Desktop,Premium,0
617,55,Female,Ghana,25.99170992717054,44,15,1,0,348.7291843712932,12,Desktop,Premium,0
618,36,Female,USA,45.84585264770695,2,6,0,1,219.5301616708865,2,Desktop,Basic,0
619,25,Female,UK,35.72085075472812,17,2,1,1,245.9057477513643,43,Mobile,Basic,0
620,62,Male,Canada,47.40211454735027,30,4,9,3,20.623207978188447,58,Desktop,Premium,0
621,18,Male,Ghana,31.20531034096273,47,13,5,4,122.96869123006334,20,Desktop,Basic,0
622,39,Female,Canada,35.55492727297709,10,13,7,3,241.1127252011384,35,Desktop,Premium,0
623,34,Male,Germany,27.5932844249975,35,17,2,0,222.7052348345349,55,Mobile,Basic,1
624,24,Male,Canada,21.513037012234783,36,6,4,2,169.72048595108976,10,Desktop,Basic,0
625,42,Female,Ghana,35.51792954135312,33,11,1,3,236.2852063213702,8,Desktop,Premium,0
626,62,Male,UK,25.640987901695098,1,19,7,0,274.1840153789708,40,Desktop,Basic,1
627,21,Female,UK,36.44521966243724,18,16,3,1,162.17388633253668,46,Desktop,Premium,0
628,53,Male,Canada,24.295309820117808,4,8,9,4,150.15989472855807,36,Mobile,Basic,0
629,23,Male,USA,28.24616747314483,47,1,5,4,179.52128603394794,31,Desktop,Basic,0
630,48,Male,Canada,29.04717494699424,27,10,2,3,239.85097522237328,15,Mobile,Premium,0
631,36,Female,Germany,40.76965025045659,25,2,7,2,154.1923810873691,42,Desktop,Premium,0
632,61,Male,UK,25.756513587742628,28,19,7,3,268.2334673698901,18,Desktop,Basic,0
633,56,Male,UK,41.869901195926175,22,14,2,4,161.43899210954876,54,Desktop,Premium,0
634,44,Female,UK,20.95148259599399,42,3,8,4,155.23492271442518,15,Desktop,Premium,0
635,27,Female,USA,32.69857591669607,25,9,9,1,387.71594854917714,19,Desktop,Premium,0
636,43,Male,USA,23.12399372411211,17,8,4,2,101.23327045095012,24,Mobile,Premium,0
637,36,Female,Ghana,41.157458222397096,44,11,9,2,262.53744308939315,35,Desktop,Basic,0
638,56,Male,Canada,21.813365044644797,12,15,8,4,55.484826381158314,2,Desktop,Premium,0
639,20,Male,Canada,22.832672561778324,16,6,6,4,252.65421588072917,13,Desktop,Basic,0
640,62,Female,Germany,17.4369756650476,37,2,9,3,415.3435739051593,45,Mobile,Premium,0
641,30,Female,UK,31.030406144860216,16,1,2,3,284.56338089568476,57,Mobile,Premium,0
642,45,Female,USA,35.9104870484935,17,3,5,1,307.0455191437239,9,Desktop,Premium,0
643,37,Male,Germany,34.83129183690797,31,18,9,4,192.313409083305,57,Mobile,Premium,0
644,45,Female,Germany,28.55762040062945,15,14,1,3,275.3814750939609,35,Desktop,Basic,0
645,25,Male,USA,23.39458868462682,13,17,5,1,219.89263382096658,2,Mobile,Premium,0
646,58,Female,Canada,27.21320082292104,40,2,4,2,362.07708820392554,46,Desktop,Premium,0
647,56,Male,UK,27.59470477064797,27,19,2,4,111.4691749961722,16,Mobile,Basic,0
648,18,Female,Canada,32.52610427422,21,9,6,0,294.9987449968613,46,Mobile,Premium,1
649,20,Male,Germany,31.838528104732244,2,8,3,4,234.21621882068612,36,Mobile,Premium,0
650,30,Female,UK,47.39719074584349,8,10,5,3,126.97548230098677,2,Mobile,Premium,0
651,45,Male,Ghana,30.39636065081483,42,9,8,4,178.04322076871588,16,Mobile,Premium,0
652,42,Female,Germany,33.6080096846521,7,8,5,0,71.92396071032692,8,Mobile,Basic,0
653,50,Female,Canada,30.714558064052618,10,7,3,4,-61.186518401615274,58,Mobile,Basic,0
654,55,Male,Canada,26.732664400346703,4,6,9,3,104.03567165540557,1,Mobile,Basic,0
655,23,Female,Canada,33.54074501013945,43,2,1,2,168.95659057203252,18,Desktop,Basic,0
656,61,Male,USA,25.79339406051582,41,9,8,3,206.49499769324103,54,Desktop,Premium,0
657,62,Male,Germany,29.417827487126488,36,9,3,1,95.2173387457171,41,Desktop,Premium,0
658,49,Female,UK,41.592685384777035,35,19,3,3,174.67176093430058,26,Desktop,Basic,0
659,62,Male,Canada,25.14640571707521,43,9,1,1,218.91303856774243,44,Desktop,Premium,0
660,64,Female,Canada,33.87343935753067,3,2,4,4,153.88754807979632,5,Desktop,Premium,0
661,38,Female,USA,5.1865089751373645,18,19,5,1,113.53139499551267,21,Mobile,Basic,0
662,33,Male,UK,28.146560893431175,46,16,9,4,141.49230214332835,35,Mobile,Basic,0
663,38,Female,Germany,25.078812703084832,43,14,5,1,306.9266110160627,40,Mobile,Basic,0
664,28,Male,Ghana,31.202604343023104,24,1,2,3,61.86349532436307,28,Desktop,Premium,0
665,54,Male,USA,27.63763223668054,32,13,8,0,292.3482016683887,54,Mobile,Premium,1
666,53,Female,Germany,31.415177750743805,34,2,6,4,309.2282179677398,26,Mobile,Premium,0
667,52,Female,Ghana,26.21333713972049,2,14,2,1,171.50028972931534,32,Mobile,Premium,0
668,36,Male,Canada,33.86334699115845,2,1,3,0,236.81151086133588,48,Mobile,Premium,1
669,37,Male,Canada,12.853579985131105,10,15,6,1,137.526788232155,50,Desktop,Premium,0
670,35,Female,UK,31.114122960804295,23,18,7,1,221.41709678622195,44,Mobile,Basic,0
671,64,Female,Ghana,20.62920750183425,15,9,5,1,378.1153069870149,44,Mobile,Basic,0
672,58,Female,Canada,41.67866543274067,12,8,3,3,301.69204931894427,21,Desktop,Basic,0
673,31,Female,Canada,20.467860141200376,43,7,1,1,159.71822501600403,4,Desktop,Basic,0
674,32,Male,UK,39.95220684020045,17,9,9,0,94.46223243031874,59,Desktop,Premium,1
675,48,Female,Germany,29.884673588052678,18,9,7,1,176.50614858238305,42,Mobile,Basic,0
676,18,Male,Canada,11.71237176844706,14,11,0,2,221.86353549440238,41,Mobile,Basic,0
677,20,Male,USA,21.23732650818876,17,4,8,4,257.7289540974539,36,Mobile,Basic,0
678,33,Female,USA,38.47801024129319,15,7,7,3,191.26276921493857,24,Desktop,Basic,0
679,40,Male,Germany,37.91008824849588,12,7,2,2,342.8829055279418,33,Mobile,Premium,0
680,28,Female,Ghana,17.006492272695848,16,4,9,2,202.60776373090658,5,Desktop,Basic,0
681,29,Male,UK,45.62855725642585,32,12,3,0,161.97030791358677,57,Desktop,Premium,1
682,27,Female,USA,29.75435792990116,23,17,9,0,241.9633339665308,3,Desktop,Basic,0
683,49,Male,USA,38.848456542009615,38,3,3,3,256.00439228433237,11,Mobile,Premium,0
684,33,Male,Germany,17.881586504568496,34,9,1,3,138.97295479796043,45,Desktop,Basic,0
685,25,Female,Ghana,25.440509838269357,34,5,9,4,124.91111380219476,32,Desktop,Premium,0
686,55,Female,Ghana,34.159042702578546,16,16,4,1,68.64357216362524,22,Mobile,Premium,0
687,29,Male,Germany,26.868365470043692,34,8,2,3,176.88435987074,11,Desktop,Premium,0
688,41,Male,USA,0.7920895552924598,40,16,0,3,297.3406590688869,58,Desktop,Basic,0
689,45,Female,UK,28.092176630071442,7,19,1,1,253.28934701080425,38,Mobile,Basic,0
690,25,Male,USA,10.353018555744583,33,16,6,4,289.9093196553541,59,Mobile,Basic,0
691,45,Female,Ghana,19.29307458409475,4,18,0,0,147.65038784205,22,Desktop,Premium,0
692,53,Male,USA,15.971322072544883,43,15,1,4,186.92919855597404,4,Desktop,Premium,0
693,43,Female,UK,41.325554570832054,7,18,9,1,47.541023544652006,39,Mobile,Premium,0
694,25,Male,Canada,44.46355104943822,18,14,6,0,280.62946833532163,3,Desktop,Basic,0
695,45,Female,USA,33.415639317508095,4,16,0,0,307.41932450188744,54,Desktop,Basic,1
696,45,Female,Germany,27.69931298027806,49,5,6,0,114.67427553603912,10,Desktop,Premium,0
697,54,Male,Canada,30.283387794835953,11,8,7,4,330.05995399426445,37,Desktop,Basic,0
698,58,Female,Germany,41.31854835016094,43,16,1,1,181.24086150373523,19,Mobile,Premium,0
699,53,Male,Germany,10.165717066872936,20,1,3,4,113.33790819286631,18,Desktop,Basic,0
700,44,Female,Germany,19.24898109521846,11,11,6,4,174.72473193233475,28,Desktop,Premium,0
701,34,Female,USA,40.04042402791963,15,11,0,2,250.27385201952367,31,Mobile,Premium,0
702,26,Female,Ghana,42.122709780979335,46,2,5,3,195.69145270523865,17,Desktop,Premium,0
703,50,Male,Canada,35.89721300013358,17,19,4,4,153.75714600203347,24,Desktop,Basic,0
704,37,Female,UK,19.550284341482044,34,5,5,2,247.38597825641722,1,Desktop,Basic,0
705,30,Male,Ghana,39.895489810734375,48,3,7,1,254.75789673358042,5,Desktop,Premium,0
706,45,Female,USA,43.61432691278851,12,8,0,2,186.08633499211868,32,Mobile,Basic,0
707,46,Male,Germany,37.18250267504191,42,4,2,4,171.45934086525904,53,Mobile,Basic,0
708,30,Male,UK,5.059903568193633,28,13,8,1,156.35079270806762,17,Desktop,Premium,0
709,63,Male,Canada,31.245948089159768,48,14,7,2,238.28548526609714,57,Mobile,Basic,0
710,52,Female,Ghana,35.852400642918155,35,1,3,4,71.66146440384543,21,Mobile,Basic,0
711,23,Male,Ghana,24.843826696777356,8,5,9,1,138.9891514898791,41,Mobile,Basic,0
712,35,Female,UK,31.8667692409759,27,7,8,1,187.03676327501614,43,Desktop,Basic,0
713,22,Male,USA,24.86540838643828,22,6,6,3,136.9416210381372,22,Desktop,Premium,0
714,64,Male,Canada,21.384066041132538,24,15,1,4,220.31809270849288,39,Mobile,Basic,0
715,42,Male,UK,45.105908172534384,2,15,0,3,213.06993078491902,39,Mobile,Basic,0
716,19,Male,Germany,32.15068670252266,31,8,0,1,398.45324462898213,34,Mobile,Basic,0
717,27,Female,Canada,18.940203538333034,22,2,2,1,139.0992607094006,14,Mobile,Premium,0
718,47,Male,Ghana,16.233999684611845,1,14,9,2,199.10848579153992,16,Mobile,Premium,0
719,62,Male,UK,21.39017894658138,14,16,1,3,123.44507642423403,5,Mobile,Premium,0
720,22,Female,Ghana,21.444266252423628,25,10,3,0,355.18419918944795,18,Mobile,Basic,0
721,50,Male,Ghana,31.465302780213374,36,15,7,4,336.09761164346503,4,Desktop,Premium,0
722,18,Male,Ghana,34.85556722188826,36,4,4,3,74.56641483814565,44,Desktop,Basic,0
723,35,Male,USA,34.84486849833951,41,12,4,1,186.84230566242945,51,Desktop,Premium,0
724,49,Male,Ghana,22.498880128452086,3,10,5,2,202.8826298476162,28,Desktop,Premium,0
725,64,Female,Germany,39.206307145835154,5,2,4,4,172.7850237019205,45,Mobile,Basic,0
726,28,Female,Germany,42.278443151364534,1,4,4,4,161.28966394341097,27,Desktop,Premium,0
727,38,Male,Canada,27.400366329806563,19,6,6,2,261.67219111700354,6,Mobile,Premium,0
728,43,Female,Ghana,19.67929202877976,33,14,5,1,343.0295923641196,11,Desktop,Premium,0
729,42,Female,Ghana,31.00282514541745,42,3,9,0,264.5644107839242,47,Desktop,Premium,1
730,39,Male,UK,51.60076248063167,30,15,1,2,269.1318932716973,21,Mobile,Premium,0
731,44,Female,USA,19.417024321244472,12,1,0,0,171.61334813155335,17,Mobile,Basic,0
732,30,Male,Canada,24.7383669703317,10,19,0,3,281.38708335771815,31,Desktop,Basic,0
733,50,Female,Ghana,30.57434060297635,34,1,3,4,281.12382327560294,34,Desktop,Premium,0
734,51,Female,UK,35.41664024515938,16,13,1,1,162.02892245252752,13,Desktop,Basic,0
735,58,Female,USA,10.144200064794056,40,8,5,0,181.35289263856038,23,Desktop,Basic,0
736,52,Male,Canada,43.05887694300174,46,18,8,1,73.98219174346744,57,Desktop,Premium,0
737,18,Female,Canada,42.9229194868142,29,3,9,3,91.79350435655975,1,Mobile,Premium,0
738,38,Male,Ghana,25.752063592092718,15,18,9,0,165.30136261509307,4,Mobile,Basic,0
739,23,Male,Canada,57.06618293332262,48,9,7,1,114.4180482503379,30,Mobile,Premium,0
740,45,Female,UK,42.27705382925792,11,6,3,1,264.35299884019093,31,Mobile,Basic,0
741,34,Male,Canada,41.744499329882075,44,2,1,3,187.28236991005582,47,Mobile,Basic,0
742,22,Female,Germany,41.87553189781012,34,4,0,2,242.6060400477907,16,Mobile,Premium,0
743,48,Male,UK,41.5871605870804,36,18,6,3,102.33760542594631,43,Desktop,Premium,0
744,22,Male,USA,29.780905117177205,30,7,9,0,303.90099858117213,3,Mobile,Basic,0
745,55,Female,USA,28.79040004867147,35,11,2,0,239.1653894838635,12,Desktop,Basic,0
746,20,Female,Ghana,20.564299322798384,9,5,5,4,232.35714903074597,12,Desktop,Premium,0
747,40,Female,Ghana,24.226282297703122,18,8,4,1,275.74886184112165,11,Desktop,Premium,0
748,54,Female,Germany,26.89102317714481,19,11,4,0,225.50160249185015,16,Desktop,Premium,0
749,54,Male,USA,30.65460050189767,39,15,1,2,118.92741925810458,29,Desktop,Premium,0
750,27,Male,USA,45.982960475035036,4,3,8,2,250.1514255587438,53,Desktop,Premium,0
751,27,Male,USA,8.97505178573855,6,7,3,3,137.0068173680916,21,Desktop,Premium,0
752,36,Female,USA,43.44934276077613,33,8,9,0,216.87119199577202,45,Desktop,Basic,1
753,34,Male,Canada,19.881240214738142,32,11,0,0,138.17393977023045,44,Mobile,Basic,1
754,38,Female,UK,28.954801565562136,16,10,1,4,332.9773142027553,42,Mobile,Premium,0
755,31,Male,UK,22.756021435383985,11,9,8,4,253.57239625916435,58,Desktop,Basic,0
756,26,Female,Germany,48.542769094656634,22,15,6,4,280.5954016991476,43,Desktop,Basic,0
757,63,Male,Canada,25.000422290340957,36,5,9,0,139.26109645107513,50,Mobile,Basic,1
758,18,Male,USA,35.214479266292116,23,15,1,3,223.91269418325692,5,Desktop,Basic,0
759,62,Female,USA,35.732666782762344,26,4,6,3,215.21616802598322,52,Mobile,Basic,0
760,30,Male,Ghana,18.399932498794406,31,5,3,3,208.8257317718204,13,Desktop,Basic,0
761,21,Female,Ghana,29.032296478615596,29,15,9,3,45.005969770414026,17,Desktop,Basic,0
762,18,Male,Germany,42.043262631070505,5,17,1,2,357.1425697896773,12,Desktop,Basic,0
763,57,Male,USA,21.267651891570175,38,8,3,0,196.9228487597352,17,Desktop,Premium,0
764,49,Female,Germany,38.289656094812685,25,19,4,1,240.14476199634396,1,Desktop,Premium,0
765,51,Female,Canada,26.689200286990722,34,9,3,0,94.82045143371528,8,Mobile,Premium,0
766,45,Male,UK,41.63654023036604,12,10,2,3,317.10014424341443,16,Desktop,Premium,0
767,48,Male,USA,47.474969418891895,22,5,5,2,310.3515296996109,15,Desktop,Basic,0
768,25,Male,Canada,9.921601003355505,9,10,0,2,268.3501873176931,19,Mobile,Premium,0
769,56,Male,USA,16.61864909891019,20,1,7,0,221.82786741702677,25,Desktop,Premium,0
770,43,Male,Ghana,25.61490386270238,29,4,4,1,386.8416715005275,31,Mobile,Basic,0
771,51,Male,Germany,44.65424420844281,44,5,7,3,278.64787918487775,42,Mobile,Premium,0
772,20,Female,Ghana,35.32466054667943,29,7,9,2,90.71022319889235,2,Mobile,Premium,0
773,29,Female,UK,17.552484010288538,45,5,3,3,217.95894071522105,57,Desktop,Basic,0
774,18,Female,Ghana,36.78920325442497,27,8,3,3,246.7000114930408,59,Mobile,Premium,0
775,61,Male,USA,20.862652673982126,17,17,4,3,208.40406258126285,25,Desktop,Premium,0
776,22,Male,Ghana,38.70531934215356,5,1,4,4,245.84839329446487,31,Desktop,Basic,0
777,47,Male,USA,35.3896499735399,45,18,5,3,315.2986708330035,4,Desktop,Basic,0
778,47,Female,UK,20.818881855751677,13,12,4,3,184.9076344393477,4,Mobile,Premium,0
779,34,Female,Ghana,29.340455664781054,42,3,4,1,169.60776701395542,52,Mobile,Premium,0
780,64,Male,Germany,42.24683761589255,15,14,7,1,113.15895818602137,12,Desktop,Premium,0
781,40,Male,Germany,11.079626928367475,15,16,5,4,50.72510197952147,17,Desktop,Basic,0
782,32,Female,Germany,33.01108807118715,18,18,1,4,175.0204961763111,21,Mobile,Premium,0
783,54,Female,Ghana,18.93100678116358,2,10,3,3,145.8170642597526,29,Desktop,Premium,0
784,38,Female,Ghana,29.83812390751191,23,15,3,2,183.46952089579895,22,Mobile,Premium,0
785,31,Male,Ghana,34.5776223685728,43,10,4,2,153.18198541269115,36,Desktop,Premium,0
786,19,Male,USA,50.13168973928341,13,1,5,0,114.04542971299989,40,Mobile,Basic,1
787,28,Male,UK,29.737022191619797,43,19,4,2,155.96101888065314,16,Mobile,Basic,0
788,56,Female,Germany,44.65525659221926,4,2,5,2,241.0412744627696,15,Mobile,Premium,0
789,55,Female,USA,21.595018132509942,47,13,7,1,157.17994171110274,30,Mobile,Premium,0
790,51,Male,Germany,25.049799370165232,25,16,3,0,184.90651724957604,46,Desktop,Basic,1
791,55,Male,USA,35.87058595848683,11,8,2,0,367.57211624849214,51,Mobile,Basic,1
792,51,Female,Ghana,32.017610484069614,48,3,8,1,286.0136585827188,11,Desktop,Basic,0
793,35,Male,Germany,26.71581118172698,42,19,2,2,218.2284768409621,57,Mobile,Basic,0
794,47,Female,Ghana,26.444855543123143,12,14,7,2,220.87895442562547,13,Mobile,Premium,0
795,32,Female,Germany,43.332945559185006,13,11,9,0,143.17514014989655,23,Desktop,Basic,0
796,44,Male,Canada,27.115578289724265,9,12,4,2,166.4068542147808,40,Mobile,Basic,0
797,51,Female,USA,19.79150679283903,45,11,8,0,177.81699321970783,55,Desktop,Premium,1
798,55,Male,Canada,21.451243757422787,38,11,2,2,208.40057719137084,41,Desktop,Premium,0
799,50,Female,USA,36.699011356816165,6,18,9,3,196.47071938625666,34,Mobile,Premium,0
800,41,Female,UK,52.56522451212454,43,10,9,1,109.72437952761042,20,Desktop,Premium,0
801,32,Male,Germany,24.760173167020163,43,16,7,4,247.6833725698232,2,Desktop,Premium,0
802,47,Female,UK,51.486255253567634,10,8,6,3,154.12054749817125,8,Mobile,Premium,0
803,59,Male,UK,29.891592324401756,23,6,6,2,353.78766701333154,18,Desktop,Premium,0
804,34,Male,USA,27.20187770020365,15,19,9,4,299.97042513361157,56,Desktop,Basic,0
805,22,Female,Canada,20.897229283682478,45,13,8,3,67.07579132464349,54,Mobile,Basic,0
806,46,Male,Ghana,28.0198619975085,23,15,7,1,179.74321214347518,7,Desktop,Premium,0
807,21,Male,USA,22.438593598479613,40,13,2,4,328.6626526877667,43,Mobile,Basic,0
808,27,Male,Ghana,21.636191759893162,37,1,5,4,253.01610170645077,31,Desktop,Basic,0
809,34,Male,UK,13.479497323943374,34,2,5,1,207.1258702623786,22,Mobile,Premium,0
810,27,Male,Ghana,47.66116684649613,16,13,4,3,13.981398084175993,28,Desktop,Basic,0
811,34,Male,Canada,40.64385941533978,45,2,2,4,182.5946200159421,25,Desktop,Basic,0
812,37,Female,USA,32.71600367622495,41,11,8,1,216.82898277991316,52,Mobile,Basic,0
813,41,Male,Canada,28.559840383159187,47,13,6,3,35.52220890457977,1,Desktop,Basic,0
814,22,Female,Canada,29.944197022332027,32,10,3,2,249.07014448263072,32,Mobile,Premium,0
815,51,Female,USA,22.230910711076284,38,15,5,0,143.8524378102756,25,Desktop,Basic,0
816,23,Male,Canada,18.661485000154343,40,1,4,2,224.10376626452504,48,Mobile,Basic,0
817,19,Female,Germany,37.17414113230908,46,14,0,2,210.54609403848914,16,Mobile,Premium,0
818,30,Female,Germany,27.377773049077405,5,10,1,0,179.56578776145076,29,Desktop,Basic,0
819,60,Male,Germany,33.25735713028891,17,18,0,2,263.32550946222744,42,Mobile,Premium,0
820,60,Male,Ghana,13.375610363768132,22,11,8,2,222.5029875392416,24,Mobile,Basic,0
821,28,Male,Canada,26.845711980253302,39,7,8,1,417.2717962436348,17,Desktop,Basic,0
822,64,Female,USA,18.466401955625532,41,15,4,1,342.2331144364896,42,Desktop,Premium,0
823,40,Female,USA,34.84055752344936,48,3,7,3,119.00424016108411,6,Mobile,Premium,0
824,33,Male,Ghana,39.952778525771855,18,2,9,4,294.94528187376403,14,Mobile,Premium,0
825,48,Male,USA,44.59699389213819,28,8,3,3,141.06942382402332,26,Mobile,Basic,0
826,28,Female,Germany,23.710202670541417,13,8,0,1,106.05505308037397,28,Desktop,Premium,0
827,33,Female,Canada,18.72100907967631,42,11,3,1,81.91019160698475,47,Mobile,Premium,0
828,25,Female,USA,25.814063920277324,1,16,6,0,171.34752592220713,36,Mobile,Basic,1
829,21,Female,USA,23.006870779862876,19,2,1,0,280.4697574993297,31,Mobile,Premium,1
830,57,Male,UK,34.31233376146437,34,5,1,1,212.668812178734,27,Desktop,Basic,0
831,21,Female,UK,15.972177078740978,4,7,5,2,240.67670689187096,2,Mobile,Basic,0
832,42,Female,UK,12.456049377192603,43,13,8,3,-58.16575874134014,19,Mobile,Premium,0
833,20,Female,Canada,26.535517026426255,3,2,2,1,181.67865380494237,28,Desktop,Premium,0
834,49,Female,Germany,37.26506064399424,41,3,6,1,115.80100359064397,45,Mobile,Basic,0
835,20,Male,Germany,19.725433089093805,10,9,9,0,73.60152608044967,44,Desktop,Premium,1
836,44,Male,Germany,38.49113295606409,28,10,8,3,103.69132628857565,57,Mobile,Basic,0
837,46,Female,Canada,33.65337734026934,34,13,8,3,205.67400245622557,21,Desktop,Premium,0
838,49,Female,Canada,45.46795586739374,39,13,3,4,252.6208726835733,55,Desktop,Premium,0
839,36,Male,UK,21.977453335629107,47,5,1,1,127.1681853104643,45,Mobile,Basic,0
840,38,Male,USA,13.935281332031376,19,7,0,4,247.12688599796786,15,Mobile,Basic,0
841,22,Female,Ghana,35.98541760215109,42,17,5,0,265.3129918125692,34,Desktop,Premium,1
842,35,Female,Ghana,32.7987453784476,46,15,4,4,226.3694587518513,40,Desktop,Basic,0
843,45,Male,USA,32.024980071945194,36,5,5,2,131.33935020294177,3,Mobile,Premium,0
844,59,Male,UK,19.521722957457175,43,7,6,1,160.21272739180506,1,Mobile,Premium,0
845,39,Male,USA,37.751506073256635,3,2,8,1,226.22201359245815,24,Desktop,Basic,0
846,38,Male,USA,23.665741929249286,23,18,9,3,142.74503668571654,43,Mobile,Basic,0
847,23,Male,Ghana,32.02060478676632,17,10,9,4,251.73133253864648,27,Mobile,Basic,0
848,18,Male,UK,25.404318882490582,7,1,5,3,111.36041962476943,9,Mobile,Premium,0
849,22,Female,Canada,33.543815902843356,26,14,5,4,230.47607113696597,24,Mobile,Premium,0
850,58,Male,Ghana,18.048695486850104,43,19,2,4,272.5551455759832,17,Desktop,Basic,0
851,29,Male,Canada,34.996783072459934,18,16,7,0,215.31712817824553,28,Mobile,Basic,0
852,43,Male,UK,36.57589259523943,46,19,8,4,120.76113606018751,39,Mobile,Premium,0
853,63,Male,USA,31.15978158282697,46,6,0,3,69.56526989380507,55,Desktop,Premium,0
854,51,Female,Germany,46.43896725201694,6,12,5,4,111.4180116028324,4,Desktop,Basic,0
855,31,Female,Germany,32.071603208123804,31,3,6,4,238.99126827161066,29,Mobile,Basic,0
856,43,Male,UK,39.18753760036669,29,7,7,1,183.52315500086672,45,Mobile,Premium,0
857,62,Female,Germany,30.924167977990475,9,3,9,1,151.95818128156176,28,Desktop,Premium,0
858,44,Female,Canada,38.29398864004722,35,17,7,1,231.8188194932536,56,Mobile,Basic,0
859,26,Female,Germany,14.666956843385755,17,15,6,2,41.12308546479164,37,Desktop,Premium,0
860,43,Female,UK,30.329447973750867,12,19,7,1,179.0282768223535,29,Mobile,Premium,0
861,64,Female,UK,18.730646372016384,36,19,8,2,111.46181934615282,44,Mobile,Premium,0
862,39,Female,Canada,31.404271956117846,48,11,9,2,91.95736026861883,52,Mobile,Basic,0
863,64,Male,Germany,33.841927100100726,24,2,6,3,158.83356321275534,29,Mobile,Premium,0
864,47,Male,Germany,38.074976130458545,10,7,2,1,397.77371610900263,5,Mobile,Basic,0
865,60,Male,USA,34.89909926405581,30,19,8,4,250.57157667500627,11,Mobile,Premium,0
866,34,Male,Ghana,26.631470352228597,29,7,0,0,109.55211494236666,2,Desktop,Premium,0
867,43,Male,UK,22.464045116391897,39,10,7,4,296.87344378520027,4,Mobile,Basic,0
868,53,Female,USA,6.574765002583373,10,12,5,1,95.46646152188316,10,Mobile,Basic,0
869,18,Male,UK,30.688525778505518,39,18,2,4,321.3843182604575,56,Mobile,Premium,0
870,25,Male,USA,41.37861714309034,28,6,8,1,129.4778152998257,39,Mobile,Basic,0
871,52,Female,Ghana,31.083934666481944,18,8,5,1,208.762905197228,44,Desktop,Basic,0
872,32,Female,USA,29.152483087717886,41,5,6,4,366.85028709884637,8,Desktop,Basic,0
873,64,Male,UK,31.430572885494108,17,3,1,2,171.97027154953855,55,Mobile,Premium,0
874,39,Female,Germany,26.12290600056903,11,2,0,3,347.0194892240314,23,Mobile,Basic,0
875,31,Female,UK,31.949678858405548,1,6,0,3,194.22912990590027,27,Desktop,Premium,0
876,43,Female,Canada,25.950363386874088,17,7,2,3,193.0315835713176,23,Mobile,Basic,0
877,45,Female,Canada,21.01118600978419,36,8,2,3,129.1138654433854,48,Mobile,Basic,0
878,40,Male,Canada,29.247014053580845,36,4,7,0,312.9931624974665,34,Desktop,Premium,1
879,31,Female,Canada,29.028970593853323,46,12,6,1,160.35144741335498,35,Desktop,Premium,0
880,41,Male,Ghana,48.75170087126287,9,12,9,0,352.4125648140864,17,Mobile,Basic,0
881,19,Male,Germany,21.943100069978886,45,17,7,3,149.77794390931035,47,Mobile,Premium,0
882,62,Female,Germany,28.405582959819974,28,19,0,3,163.5759671976,50,Desktop,Premium,0
883,43,Female,UK,27.43334673638479,48,9,3,4,280.31637467127587,10,Desktop,Basic,0
884,31,Female,USA,25.523171674195588,33,12,7,3,191.32181452579098,54,Mobile,Basic,0
885,24,Male,UK,35.13105239106651,3,17,9,1,223.07411481578524,2,Mobile,Premium,0
886,20,Female,UK,52.37963017824218,8,10,1,3,95.27988890103039,17,Desktop,Basic,0
887,64,Female,UK,26.791728033293907,6,19,6,3,208.81629194770423,31,Mobile,Premium,0
888,40,Female,UK,35.15894491619539,6,11,7,0,229.68538653356347,16,Desktop,Premium,0
889,63,Female,Germany,10.876280090527885,29,13,8,1,337.94363579467665,24,Desktop,Premium,0
890,60,Female,USA,26.064704700159684,37,4,6,2,161.72588800842396,57,Desktop,Basic,0
891,64,Male,UK,45.552411396122,12,15,8,4,226.99992106152231,7,Mobile,Premium,0
892,62,Female,Germany,29.450196065520192,9,12,1,2,296.8176825213725,19,Desktop,Basic,0
893,35,Female,UK,35.02340015009292,41,10,0,0,203.40995235378182,16,Desktop,Premium,0
894,55,Female,Canada,23.77248863870811,49,7,0,3,286.89360858490033,33,Mobile,Premium,0
895,52,Male,UK,32.57557191856465,19,2,3,4,399.8618703431275,36,Desktop,Premium,0
896,32,Female,UK,46.327762467860815,17,7,0,1,202.3668341383258,45,Desktop,Basic,0
897,42,Male,Ghana,18.399170377308977,48,8,6,4,305.89041348439434,10,Mobile,Basic,0
898,54,Male,Canada,51.865425051757896,44,19,7,0,241.18737542987594,43,Desktop,Premium,1
899,45,Female,USA,14.54055818105958,32,6,2,3,268.5957110541241,51,Mobile,Premium,0
900,27,Female,UK,25.144981565144917,35,8,0,0,256.40100569973106,15,Mobile,Basic,0
901,56,Female,USA,21.640828152204147,14,4,2,1,285.31994517676867,43,Desktop,Premium,0
902,34,Male,Canada,27.275390182327566,49,9,1,2,280.02328564162383,3,Desktop,Basic,0
903,56,Male,UK,21.510971246759254,16,5,5,3,194.37847726586637,2,Desktop,Premium,0
904,39,Male,Ghana,20.752803365070513,21,6,6,3,155.52182990268875,43,Desktop,Premium,0
905,43,Male,Germany,18.132533944883793,12,19,8,0,234.0300465005207,42,Desktop,Basic,1
906,61,Male,Ghana,36.4405362855622,24,12,4,0,83.75243163505074,35,Mobile,Basic,1
907,42,Male,Ghana,27.620420040594198,34,5,3,0,249.48977392787435,27,Mobile,Basic,0
908,34,Female,Germany,25.00489580300492,8,5,0,3,259.6702801237151,5,Desktop,Premium,0
909,30,Female,Germany,32.82256910582161,44,18,5,0,185.69135168472494,15,Desktop,Premium,0
910,37,Male,Germany,15.053644889094404,21,6,7,4,203.53443949194906,36,Mobile,Basic,0
911,42,Female,UK,33.063725439663465,48,9,3,4,272.94873158853807,49,Desktop,Premium,0
912,21,Female,USA,29.06230598978754,8,11,0,4,259.7717699874375,33,Desktop,Premium,0
913,27,Male,USA,29.36962169970772,28,14,4,3,274.14313240150466,1,Desktop,Premium,0
914,20,Male,Germany,35.191667509069454,16,2,9,0,262.1602370013824,12,Mobile,Basic,0
915,58,Female,Ghana,46.435240087934915,10,14,4,1,208.50427597387244,42,Mobile,Basic,0
916,62,Male,Canada,33.22974741954859,15,19,1,0,198.81009364072244,41,Mobile,Premium,1
917,35,Male,Germany,28.001254921952174,4,10,5,3,233.78622400184145,9,Mobile,Premium,0
918,64,Female,Ghana,18.173556124240655,26,5,9,4,316.27944563405765,57,Desktop,Premium,0
919,53,Male,Ghana,6.091820743662236,15,4,8,3,221.14193851855273,58,Desktop,Basic,0
920,64,Female,UK,31.278841671628623,36,7,5,0,304.41268567989846,52,Desktop,Basic,1
921,39,Female,UK,17.40366659819133,32,13,7,3,37.380051613426986,20,Mobile,Basic,0
922,51,Female,USA,4.5973654574785385,43,10,9,1,225.72895747984384,30,Desktop,Basic,0
923,64,Female,USA,26.491295769007426,38,10,2,3,206.61156318925353,14,Mobile,Basic,0
924,25,Female,Canada,32.39481735761878,4,4,9,2,66.7354083247049,58,Desktop,Premium,0
925,57,Male,Canada,37.44303816535941,41,16,1,3,78.78369048211192,23,Mobile,Premium,0
926,61,Male,Canada,40.612507136045224,9,15,3,0,236.9056499909751,29,Desktop,Basic,0
927,36,Male,Canada,38.75712163595048,35,11,8,2,208.57038282450011,51,Desktop,Basic,0
928,59,Male,Ghana,39.02575029604067,28,19,8,4,263.2373266531608,42,Desktop,Basic,0
929,58,Female,Ghana,15.31929987411347,37,3,2,0,-7.744496350695897,35,Desktop,Basic,1
930,54,Female,USA,28.504043625932418,47,15,0,1,285.55310117853764,52,Desktop,Premium,0
931,23,Male,UK,35.798355665946126,9,16,0,3,286.1435593572521,27,Desktop,Premium,0
932,43,Female,UK,30.463746151453005,2,14,3,3,89.3392411581536,54,Desktop,Premium,0
933,51,Male,Germany,28.448507234174993,3,5,3,0,312.6396420355851,49,Desktop,Premium,1
934,62,Male,Ghana,30.28090019912309,44,17,9,3,343.2327178813607,27,Desktop,Basic,0
935,23,Male,Canada,32.4553399820915,48,18,5,3,93.30829147182405,30,Mobile,Basic,0
936,54,Female,Canada,29.231062945643394,5,19,4,4,208.61149337089557,3,Mobile,Basic,0
937,50,Female,Germany,21.537206425909332,10,1,5,3,215.85508754275193,12,Mobile,Premium,0
938,39,Female,UK,12.97175892862376,28,9,9,3,56.18881542105959,47,Mobile,Premium,0
939,38,Female,Canada,27.959728385287576,15,14,6,4,173.59681735893696,31,Mobile,Premium,0
940,23,Male,UK,30.574827543052745,14,11,6,3,312.3282748164081,37,Mobile,Premium,0
941,23,Female,Germany,30.465795814759417,46,2,9,4,131.20204675565378,27,Desktop,Premium,0
942,21,Female,UK,39.52921063582211,23,5,9,1,346.29297024235245,47,Desktop,Basic,0
943,47,Female,UK,41.30606301022926,13,15,8,3,229.48384846010384,52,Mobile,Premium,0
944,28,Male,UK,28.95977196230757,16,12,5,0,136.68994463887898,24,Mobile,Premium,0
945,47,Male,Canada,29.03135163503191,30,14,7,2,203.6097573906822,48,Desktop,Premium,0
946,48,Female,USA,35.73128599570651,40,11,1,1,82.9232273455552,41,Desktop,Basic,0
947,41,Female,Ghana,34.26548379517975,8,9,7,3,234.25879584130814,40,Desktop,Premium,0
948,26,Female,UK,25.574417981986656,17,8,8,0,184.6191350219331,11,Desktop,Premium,0
949,20,Female,UK,36.59013836138776,30,12,3,2,165.90328797927432,27,Mobile,Basic,0
950,48,Male,UK,28.53625591050518,17,3,4,4,84.31178175851531,9,Mobile,Basic,0
951,57,Female,USA,28.748892612997725,35,15,4,3,193.52595512331231,16,Desktop,Basic,0
952,54,Female,Germany,34.3361379508864,1,8,1,4,216.41034405883227,14,Mobile,Premium,0
953,53,Female,Canada,26.988333802567432,49,7,4,1,90.37300287997556,47,Mobile,Premium,0
954,41,Male,USA,30.946725074900034,24,17,8,2,286.49019792959604,30,Desktop,Premium,0
955,48,Male,UK,32.975443064415494,48,12,3,2,222.23334367351862,46,Desktop,Premium,0
956,23,Female,USA,38.171785594662104,49,18,9,4,132.13496829514526,24,Desktop,Basic,0
957,19,Female,USA,37.481405802752754,25,18,2,4,192.36596739266562,42,Desktop,Basic,0
958,37,Female,USA,32.6704447676833,2,15,6,1,266.9542748170676,13,Mobile,Basic,0
959,45,Female,Germany,3.9123126555981074,25,3,7,0,309.5712804306296,33,Desktop,Basic,1
960,28,Female,Ghana,32.43350819721203,14,19,9,3,326.95616887037403,55,Desktop,Premium,0
961,21,Male,Canada,33.97885928945911,39,15,5,0,344.0182830504234,9,Mobile,Basic,0
962,32,Male,Germany,36.009288471303776,33,16,5,2,93.56838135296285,49,Desktop,Premium,0
963,23,Male,Germany,20.43975037267952,17,17,4,3,143.19806026366075,26,Desktop,Premium,0
964,47,Female,Ghana,8.779239475801077,31,1,5,1,87.90615953288753,49,Mobile,Basic,0
965,55,Male,Germany,38.061700107836664,10,11,8,0,287.2783242411896,42,Desktop,Premium,1
966,19,Male,USA,17.754734065370428,6,6,1,0,186.169798182457,45,Desktop,Premium,1
967,32,Male,USA,42.221695443178156,39,9,9,3,301.0182155362043,50,Mobile,Premium,0
968,28,Female,UK,24.2134811419117,25,16,2,1,86.62516657641787,13,Desktop,Basic,0
969,25,Female,Germany,19.72827041648097,38,6,0,1,144.8653206898989,21,Desktop,Premium,0
970,43,Male,UK,33.496219725359865,37,12,3,0,136.13801797574524,29,Mobile,Premium,0
971,62,Female,Canada,36.16176085004387,30,19,1,0,299.074105816861,28,Mobile,Premium,0
972,61,Male,USA,35.56578022075578,34,13,5,4,256.06138609099304,24,Desktop,Basic,0
973,22,Male,Canada,35.01610405935911,18,13,0,3,37.678279594310936,13,Desktop,Premium,0
974,23,Male,Ghana,22.922096927467006,24,4,7,1,162.7095586853359,56,Desktop,Premium,0
975,43,Male,USA,14.73090203712805,49,9,9,2,276.7545527767405,42,Desktop,Premium,0
976,21,Female,Canada,26.103356047008827,27,14,5,3,289.08216760339576,20,Mobile,Basic,0
977,36,Female,Ghana,18.542922119845112,27,14,8,4,233.09133555286436,39,Mobile,Basic,0
978,37,Female,Canada,34.325486848994366,39,17,5,3,214.4583622513858,7,Mobile,Basic,0
979,50,Female,Ghana,38.7424781081708,21,5,9,0,125.54879304202314,41,Desktop,Premium,1
980,37,Male,Ghana,31.726966501188024,19,19,6,3,285.6152369313398,48,Mobile,Premium,0
981,29,Female,USA,29.990551855605844,39,2,4,3,104.24609076910613,15,Desktop,Premium,0
982,64,Male,UK,26.895674214882682,23,13,7,3,71.09224639583104,25,Desktop,Premium,0
983,18,Female,Ghana,39.80349269538795,39,11,7,2,216.61324562499135,35,Mobile,Premium,0
984,43,Female,Ghana,11.69531261355666,48,2,9,4,164.54014967918013,13,Mobile,Basic,0
985,31,Female,USA,17.938489600031755,44,1,8,3,257.8835008538696,43,Mobile,Basic,0
986,55,Male,UK,48.26733302733586,47,3,5,3,238.76037635225853,8,Desktop,Premium,0
987,54,Male,Germany,17.45040629196333,15,12,0,2,336.62158590526747,21,Mobile,Basic,0
988,28,Male,Germany,35.31036832470078,43,7,8,1,232.36390310609167,53,Desktop,Basic,0
989,53,Male,UK,37.3679010831692,2,1,2,3,284.7862685347044,56,Mobile,Premium,0
990,30,Female,Canada,10.737489288183362,35,9,8,3,131.89138397161048,6,Desktop,Premium,0
991,60,Male,USA,12.657021238633355,20,18,6,1,256.92748304196107,10,Mobile,Basic,0
992,20,Male,UK,42.647143405969,28,6,2,3,177.87215363220565,58,Desktop,Basic,0
993,50,Female,Germany,20.270563347452594,15,9,8,3,160.48154962763834,49,Desktop,Premium,0
994,23,Female,Ghana,20.543683802351794,16,8,6,3,127.79833287888458,52,Mobile,Premium,0
995,27,Male,Germany,24.791238516508827,33,18,6,4,323.3896777951107,41,Desktop,Premium,0
996,22,Female,Ghana,20.295179568206827,47,15,6,0,199.44956799183774,21,Mobile,Basic,0
997,40,Male,USA,35.26267678677829,12,1,1,4,136.9267493444724,14,Desktop,Basic,0
998,27,Female,Ghana,18.1796244094316,39,14,3,1,254.246400589012,52,Mobile,Premium,0
999,61,Male,UK,10.342394718925277,39,18,9,4,164.803680622319,59,Mobile,Premium,0
1000,19,Male,Ghana,41.56356517190784,43,19,7,4,136.12422195986807,45,Desktop,Premium,0
1001,30,Male,Canada,18.670892338070292,20,19,1,2,432.1736507842912,58,Mobile,Premium,0
1002,57,Male,UK,22.479812333330703,29,10,3,1,103.29820328770806,33,Desktop,Premium,0
1003,19,Male,USA,38.29857934622454,43,6,9,1,349.2085727499324,25,Desktop,Basic,0
1004,37,Female,UK,30.70243888421613,49,17,7,1,135.16910078613336,56,Mobile,Basic,0
1005,18,Male,Canada,41.123412586103335,3,14,2,4,250.0802841375018,19,Mobile,Premium,0
1006,54,Male,USA,38.451421049867335,48,13,5,1,191.871761397789,9,Desktop,Premium,0
1007,26,Male,Germany,25.465693543415433,5,8,1,2,258.91310360452616,49,Desktop,Premium,0
1008,34,Male,Canada,40.21919882486017,2,10,7,3,89.44152810294466,47,Desktop,Basic,0
1009,26,Male,USA,31.677731477930557,23,9,7,4,79.67475265011414,52,Desktop,Premium,0
1010,28,Female,Ghana,24.01612091309655,26,5,0,3,261.35543529617604,37,Desktop,Basic,0
1011,32,Female,UK,32.90401622968514,26,4,2,3,57.58608706127703,36,Mobile,Basic,0
1012,41,Male,USA,16.905374801575064,7,6,1,4,106.50970537143841,36,Mobile,Premium,0
1013,55,Female,UK,38.33847702475391,10,6,6,4,192.8223848719641,57,Desktop,Premium,0
1014,52,Male,Ghana,37.04118788347806,5,13,6,1,96.46783900259165,15,Desktop,Premium,0
1015,47,Female,USA,31.20358441483836,47,4,3,2,106.66451686480028,5,Desktop,Premium,0
1016,48,Female,Germany,10.817269750960186,12,8,7,4,167.115311619334,17,Mobile,Premium,0
1017,22,Male,Canada,41.54404787118449,32,5,2,3,25.237844992951807,30,Mobile,Basic,0
1018,61,Female,USA,34.37092684257458,42,2,8,4,87.9284032658581,7,Mobile,Basic,0
1019,31,Female,Ghana,29.77041653122115,31,9,4,2,307.21066977116874,6,Desktop,Premium,0
1020,28,Male,USA,28.193335208209596,22,11,1,0,276.5529256752772,15,Mobile,Premium,0
1021,26,Male,UK,24.63280772694397,17,11,8,3,381.2118829009341,57,Mobile,Premium,0
1022,51,Female,USA,26.555292374798782,20,7,0,0,247.57910964744866,52,Mobile,Premium,1
1023,29,Female,Germany,37.692166928951394,20,14,7,0,304.1293491033989,46,Mobile,Premium,1
1024,52,Female,USA,24.832739571109794,43,6,5,2,166.27739087800254,10,Desktop,Basic,0
1025,52,Male,Canada,27.256978572035877,8,4,0,4,185.03052874890665,6,Desktop,Basic,0
1026,18,Female,USA,28.72406723693162,47,6,3,0,233.0324872376342,42,Mobile,Basic,1
1027,57,Female,UK,28.99802738779939,34,3,2,1,48.49549981315954,55,Mobile,Basic,0
1028,39,Female,USA,23.82188083773645,49,6,6,4,243.66179416561678,52,Desktop,Premium,0
1029,46,Male,Germany,28.298005561216026,23,3,6,3,150.0947381118192,41,Desktop,Premium,0
1030,25,Male,Ghana,33.43313945901154,38,1,5,4,163.50920587113063,13,Mobile,Premium,0
1031,28,Male,USA,20.95195400198803,28,18,9,2,279.78082104162456,14,Mobile,Basic,0
1032,58,Male,USA,28.34429382718038,13,4,9,2,75.83185606953103,1,Mobile,Basic,0
1033,54,Female,Canada,49.309842071211,29,6,7,3,204.4131089395749,33,Desktop,Premium,0
1034,31,Male,Germany,29.36855659795257,8,17,6,3,235.82789861192464,19,Mobile,Basic,0
1035,47,Female,Ghana,20.69576955138021,11,18,3,3,157.57209455739954,9,Desktop,Premium,0
1036,52,Female,UK,19.52588182707151,47,6,6,2,202.9861560788772,37,Mobile,Premium,0
1037,38,Female,USA,17.34804927967308,45,2,0,4,206.8345877264637,49,Mobile,Premium,0
1038,54,Female,Ghana,46.27116561672257,18,12,2,0,271.79483431552575,48,Desktop,Premium,1
1039,22,Male,UK,40.08022389716346,25,12,1,0,185.4067810147859,12,Mobile,Basic,0
1040,36,Male,Germany,17.103749325757857,49,4,6,1,99.81614926702215,5,Mobile,Premium,0
1041,31,Male,Germany,32.1370629433824,22,16,8,2,153.76724066785272,6,Mobile,Premium,0
1042,43,Male,Ghana,42.24836058702908,45,10,4,3,172.09770805688976,52,Mobile,Premium,0
1043,21,Male,UK,29.5953188859253,35,10,8,4,135.92235987640234,55,Mobile,Premium,0
1044,42,Female,Germany,25.083859972720646,29,7,7,2,215.15350924145076,11,Desktop,Premium,0
1045,62,Male,Ghana,52.40899648478352,21,14,0,1,211.32887325501775,51,Mobile,Basic,0
1046,59,Male,Germany,10.946551763411467,7,7,1,0,207.18846041940498,53,Desktop,Premium,1
1047,42,Male,Germany,56.32580773330154,12,12,5,4,128.19862324401555,38,Desktop,Premium,0
1048,35,Male,Germany,30.59999208856506,36,11,4,0,210.38331355140718,55,Desktop,Basic,1
1049,57,Female,Canada,42.90430130294517,24,17,6,4,303.0640483676857,10,Desktop,Premium,0
1050,25,Female,UK,17.993868207176746,32,11,8,3,223.56423042471997,15,Mobile,Premium,0
1051,56,Female,Ghana,22.74415701950689,27,3,3,4,285.7862320595292,50,Desktop,Premium,0
1052,57,Female,Ghana,19.200432572801994,32,19,7,3,208.71345865957386,53,Desktop,Premium,0
1053,31,Female,UK,28.989688209908753,32,4,3,2,149.01940043179263,39,Desktop,Premium,0
1054,49,Male,UK,33.077261401087604,32,8,2,0,268.8271466352513,55,Desktop,Premium,1
1055,55,Female,UK,40.66801996602622,26,14,1,4,87.41841124491648,28,Desktop,Premium,0
1056,50,Female,UK,12.88544401631231,11,14,7,4,155.33592671712955,3,Desktop,Basic,0
1057,40,Female,USA,31.56883937742089,46,16,7,1,188.6970150328049,56,Desktop,Premium,0
1058,32,Male,Ghana,38.94908867949309,18,15,2,0,252.22141293628079,16,Mobile,Premium,0
1059,50,Male,USA,40.821859711643306,39,12,0,2,301.96557575481927,45,Mobile,Premium,0
1060,42,Female,Germany,25.59480718376572,5,16,5,3,267.71773071419346,17,Mobile,Basic,0
1061,34,Male,Germany,25.719238026368856,16,19,4,2,259.6901943836175,36,Desktop,Premium,0
1062,50,Male,Ghana,29.079754601648528,11,5,7,1,269.16804691109473,19,Mobile,Premium,0
1063,64,Female,Germany,31.860527044102568,35,12,5,2,280.31906706737783,4,Desktop,Premium,0
1064,19,Male,UK,43.02597811624912,48,5,3,3,108.98976069276436,59,Mobile,Basic,0
1065,31,Male,USA,17.899043725429866,11,10,9,0,376.3844021373917,25,Mobile,Premium,0
1066,57,Male,UK,22.137462763934508,42,17,9,1,288.7775665364785,27,Mobile,Basic,0
1067,57,Female,Germany,16.68588689354568,23,15,1,4,185.5214017645286,12,Mobile,Basic,0
1068,56,Female,USA,34.277540850383446,34,8,7,4,229.70455348541842,56,Desktop,Premium,0
1069,23,Female,UK,41.013681922613806,48,8,4,0,94.92367847555725,27,Mobile,Premium,0
1070,23,Male,Ghana,15.790332456297207,17,8,7,2,179.21302239991417,4,Desktop,Basic,0
1071,20,Female,UK,30.88703306896204,10,10,4,4,172.63014642832286,24,Mobile,Premium,0
1072,24,Male,Germany,40.29003239978162,18,13,5,1,166.04757416553076,17,Mobile,Basic,0
1073,25,Male,USA,37.84546802953032,44,16,9,3,265.15393241941615,56,Desktop,Premium,0
1074,59,Male,Ghana,37.72753857865157,8,9,4,2,208.34151657144528,26,Desktop,Basic,0
1075,32,Female,USA,18.101245771067518,26,16,2,3,104.44904917057599,18,Desktop,Basic,0
1076,64,Female,Ghana,37.694344109181344,3,10,9,2,105.95933495595213,22,Desktop,Premium,0
1077,46,Female,USA,28.140744823149888,24,3,7,1,42.813637399059644,6,Desktop,Basic,0
1078,50,Female,Germany,40.7016181455428,3,14,2,3,270.3770543841546,19,Mobile,Premium,0
1079,47,Male,Ghana,34.49166555234733,38,13,3,1,182.0308129650735,37,Desktop,Basic,0
1080,56,Female,Canada,21.844992366903192,2,4,5,3,260.3743311845708,34,Desktop,Basic,0
1081,44,Male,USA,32.78811955554506,35,4,1,2,451.20568939950306,11,Desktop,Premium,0
1082,53,Female,USA,38.18516060452413,17,6,6,1,128.0918828004415,56,Desktop,Basic,0
1083,46,Female,UK,24.936359309218325,9,19,4,2,226.15792679618747,24,Desktop,Basic,0
1084,55,Female,Ghana,31.288019921209465,36,11,9,2,315.4557589504187,45,Desktop,Premium,0
1085,50,Male,Canada,16.633904230510186,22,8,4,3,160.88060931538965,37,Mobile,Basic,0
1086,54,Male,Germany,35.49031934630679,31,14,4,3,172.86237669236593,23,Desktop,Basic,0
1087,44,Male,UK,29.437362863739505,34,8,1,1,242.4258305149511,40,Desktop,Basic,0
1088,50,Male,Canada,39.14086392629528,24,14,9,4,403.43171565949086,43,Mobile,Basic,0
1089,21,Male,Ghana,35.208668058773796,9,7,8,0,250.90950838238786,4,Mobile,Basic,0
1090,39,Female,Canada,25.928268060617842,46,18,2,3,132.57619137531438,18,Mobile,Premium,0
1091,19,Male,USA,21.536311116494602,43,12,6,2,142.24971721139337,30,Mobile,Premium,0
1092,27,Male,USA,19.235998326743164,2,14,4,0,160.92748534822874,15,Mobile,Premium,0
1093,22,Male,UK,24.925780005512436,21,15,9,1,54.433428843383325,37,Mobile,Basic,0
1094,27,Male,Ghana,38.87096702785758,34,18,9,0,187.2531671076851,23,Desktop,Premium,0
1095,50,Female,Ghana,12.4373264629602,27,12,4,0,200.59730564749756,12,Mobile,Basic,0
1096,55,Male,Canada,19.642752223610692,37,10,3,4,203.68448342590438,4,Desktop,Premium,0
1097,30,Female,UK,38.58999426657041,7,12,9,4,84.00987903912402,4,Mobile,Premium,0
1098,48,Female,Ghana,43.28952269751416,22,8,5,0,227.62426378827232,52,Mobile,Basic,1
1099,64,Female,USA,20.168413167762758,4,6,6,4,121.28382900847177,41,Mobile,Premium,0
1100,53,Male,Canada,19.53190927218433,14,19,6,4,180.88511404215313,41,Desktop,Basic,0
1101,62,Female,Germany,44.07160239571904,34,1,7,0,140.5923806728309,14,Mobile,Basic,0
1102,41,Male,USA,28.764055804326183,23,13,4,3,292.372472431119,59,Mobile,Basic,0
1103,32,Male,UK,21.05457620872845,44,16,6,4,145.18412612313486,58,Mobile,Basic,0
1104,46,Male,Ghana,40.4461788938862,42,18,3,0,307.6484547400671,56,Mobile,Premium,1
1105,25,Male,USA,35.03480796603999,25,12,8,3,210.90472204972062,59,Mobile,Basic,0
1106,22,Male,Germany,37.36654026635304,1,5,4,4,233.58852465270257,8,Mobile,Basic,0
1107,46,Female,Germany,21.575604182403197,48,13,2,0,206.66222936002157,23,Desktop,Basic,0
1108,64,Female,UK,33.74825341079305,15,8,4,4,131.81870472157286,1,Mobile,Basic,0
1109,21,Male,USA,42.462861609231595,32,6,8,3,232.48154717438373,56,Mobile,Premium,0
1110,29,Female,Canada,36.407943606482185,14,3,7,0,165.60543886554694,11,Mobile,Basic,0
1111,62,Male,USA,39.19869918353089,41,4,0,3,225.4087707636058,27,Mobile,Premium,0
1112,19,Female,Germany,44.03142549962902,21,12,4,2,248.3136965473125,4,Mobile,Premium,0
1113,44,Female,UK,34.27669719755355,47,13,5,1,352.56827306759084,29,Desktop,Basic,0
1114,48,Female,UK,24.34879072617501,7,2,9,2,237.67019426929255,17,Mobile,Premium,0
1115,53,Female,Canada,38.771111535319534,36,19,1,4,276.53002397654257,49,Desktop,Basic,0
1116,53,Female,UK,18.94294649099376,21,4,5,3,252.84231096876624,19,Desktop,Basic,0
1117,43,Male,UK,27.776805061222912,40,13,8,0,182.00112091776273,45,Mobile,Basic,1
1118,60,Male,UK,35.8807922912916,12,19,3,3,254.3284130198066,51,Mobile,Premium,0
1119,44,Female,UK,-2.1737888928961837,15,8,2,4,190.0577072563273,58,Mobile,Basic,0
1120,22,Male,UK,32.524633653464676,15,8,8,0,166.96674189571775,49,Desktop,Premium,1
1121,37,Female,Germany,32.9962607192781,17,16,1,2,112.8122411505419,24,Desktop,Basic,0
1122,28,Male,USA,18.64065078437723,34,11,8,3,252.21784844766603,52,Mobile,Basic,0
1123,27,Female,Ghana,33.25860591749314,44,18,9,1,154.54731239970306,44,Mobile,Basic,0
1124,57,Female,UK,31.89948501256057,35,4,1,4,250.27593437025595,52,Desktop,Premium,0
1125,55,Female,Ghana,30.339717803836407,39,1,9,4,200.37497978973602,46,Desktop,Basic,0
1126,23,Male,Ghana,41.89433803761843,38,1,2,3,177.26500985222634,54,Desktop,Premium,0
1127,25,Male,Germany,38.789093565172024,14,14,6,2,130.9140051995062,41,Mobile,Basic,0
1128,40,Female,UK,36.399828507133414,5,4,1,2,304.063044210328,57,Mobile,Premium,0
1129,64,Female,Ghana,19.757784707571368,30,11,0,1,168.58874707327746,44,Mobile,Basic,0
1130,43,Male,UK,29.82658664816284,4,18,8,1,326.9266075799554,56,Desktop,Basic,0
1131,63,Male,Canada,41.844347397058996,15,16,5,3,134.54306424317173,32,Mobile,Premium,0
1132,60,Male,Canada,27.85338178318707,39,17,8,0,320.6139467690218,31,Mobile,Basic,1
1133,29,Male,Canada,45.54262019413571,35,2,2,2,206.71529712269665,49,Desktop,Basic,0
1134,43,Male,Ghana,36.691934064015015,45,4,2,0,268.8583893368604,16,Mobile,Basic,0
1135,30,Female,Canada,47.09560562892244,10,3,9,0,95.95621370743886,32,Desktop,Premium,1
1136,57,Male,Germany,19.32667777015209,2,15,2,3,95.57140658394545,44,Mobile,Premium,0
1137,35,Female,Germany,28.453424613752933,44,2,1,1,220.6402594405741,42,Mobile,Premium,0
1138,42,Female,Ghana,29.398689769919482,24,19,5,0,118.89021484304273,58,Mobile,Premium,1
1139,50,Male,UK,36.06173306435203,28,9,2,3,306.3190708065234,34,Mobile,Basic,0
1140,64,Male,USA,22.61402418117488,22,10,4,1,229.12039060310832,35,Mobile,Basic,0
1141,57,Female,UK,13.923929599635215,44,19,4,0,148.46585155456447,59,Mobile,Premium,1
1142,60,Male,UK,33.78197706978459,32,5,9,0,126.39676030193885,37,Mobile,Basic,1
1143,29,Female,UK,26.335267520799327,31,14,2,1,176.9172712652419,16,Desktop,Premium,0
1144,61,Male,UK,25.293029581998322,19,10,2,1,154.5736990864996,21,Desktop,Basic,0
1145,53,Male,USA,23.071910846387365,21,16,0,4,239.62324443099163,13,Mobile,Premium,0
1146,21,Male,Canada,31.238887578507423,3,6,5,4,193.8606615349815,58,Desktop,Premium,0
1147,22,Female,UK,19.23142471045857,6,8,2,3,293.4700987149776,56,Desktop,Premium,0
1148,54,Male,Germany,28.058042529653065,32,2,0,3,250.5776350962882,18,Mobile,Basic,0
1149,25,Female,Ghana,21.71287018412178,2,18,9,2,130.6416294522763,2,Desktop,Premium,0
1150,59,Male,Ghana,23.908225860135612,24,8,8,4,165.9555942553315,56,Mobile,Premium,0
1151,45,Female,Germany,33.53810184772958,45,5,0,1,130.8391179873425,33,Mobile,Basic,0
1152,48,Male,UK,36.514098621027955,27,17,4,4,130.91075487106002,41,Desktop,Basic,0
1153,26,Female,USA,26.938950733615577,9,16,4,3,56.37764618504829,18,Mobile,Basic,0
1154,46,Female,Canada,39.67830393505537,13,5,1,3,275.29997074014375,28,Desktop,Premium,0
1155,31,Female,Ghana,20.272864090628893,14,17,0,3,303.38561080842055,37,Desktop,Basic,0
1156,57,Female,Canada,14.801013949996793,11,4,5,1,120.99547223262007,35,Desktop,Premium,0
1157,58,Female,USA,16.636748134841923,14,1,6,0,112.94015171711146,37,Desktop,Basic,1
1158,39,Female,Ghana,19.24593207886158,16,6,8,3,244.8742212594974,12,Desktop,Premium,0
1159,28,Male,Canada,16.871067658837205,10,1,7,4,134.44999354998504,40,Desktop,Premium,0
1160,40,Female,USA,50.21153917896246,20,4,9,0,301.92601251901624,8,Desktop,Premium,0
1161,18,Female,Canada,14.497792124035751,16,2,2,4,142.6604472152253,54,Desktop,Basic,0
1162,63,Female,UK,39.37428903396913,34,13,8,3,28.926566127478992,25,Mobile,Premium,0
1163,54,Male,USA,29.74871150892725,16,14,0,1,189.579041895288,7,Mobile,Premium,0
1164,38,Male,Canada,32.2460046691791,14,17,5,0,152.61483695068125,2,Desktop,Premium,0
1165,43,Male,UK,20.942702872895353,28,11,9,0,211.78290272208025,33,Desktop,Basic,1
1166,63,Female,UK,33.25452724894684,18,3,1,3,172.08703146963128,56,Desktop,Basic,0
1167,53,Male,USA,20.860814449293017,26,7,9,3,246.12333731036642,33,Mobile,Basic,0
1168,40,Male,Germany,39.22766182028447,38,10,8,3,233.85013160924026,40,Desktop,Premium,0
1169,18,Female,Ghana,40.05513477854234,7,11,8,2,226.05886737045728,57,Desktop,Premium,0
1170,57,Female,USA,28.651380631340785,45,10,7,1,215.26175444740264,49,Desktop,Basic,0
1171,32,Male,UK,29.306358946457216,34,8,6,1,199.95014584801027,23,Desktop,Premium,0
1172,38,Female,UK,34.327238994268335,47,5,5,3,88.21493622488038,5,Desktop,Basic,0
1173,64,Female,USA,33.81609428057787,49,2,1,2,231.142298521739,14,Desktop,Basic,0
1174,26,Female,Germany,40.24146373133616,45,15,3,3,258.55650219920335,8,Desktop,Basic,0
1175,26,Female,Ghana,39.95845925210299,7,16,9,3,227.91880266352047,20,Mobile,Basic,0
1176,27,Male,Canada,29.711590693208844,33,4,6,1,183.87928821052108,18,Desktop,Basic,0
1177,43,Female,USA,25.227755150450555,35,16,5,2,247.2275129501702,23,Mobile,Basic,0
1178,58,Male,Ghana,38.11619787861477,39,12,8,1,218.92988174512766,29,Desktop,Basic,0
1179,52,Male,Ghana,28.43714251112566,21,14,4,3,256.8086196837366,7,Mobile,Premium,0
1180,42,Male,UK,31.137439422865253,49,12,5,4,192.99379321408745,24,Desktop,Premium,0
1181,43,Male,Canada,35.30316223851091,28,16,9,0,85.8113250310439,46,Mobile,Basic,1
1182,28,Female,USA,39.75556972075358,32,16,5,3,185.69860638814342,25,Mobile,Premium,0
1183,55,Female,UK,32.60848141908286,44,12,7,2,124.10670209252801,14,Desktop,Basic,0
1184,19,Female,UK,24.12802054126113,16,2,7,4,162.90977280193678,38,Mobile,Premium,0
1185,24,Male,Germany,47.9701034386445,10,14,5,2,206.92259528641236,3,Desktop,Basic,0
1186,35,Male,Ghana,45.30341811543412,23,11,7,3,279.20456886302077,53,Desktop,Premium,0
1187,44,Male,USA,19.819966427475013,48,9,6,3,253.28051312847464,46,Desktop,Basic,0
1188,51,Female,USA,20.882284230756326,15,7,0,0,216.7053885284342,14,Mobile,Premium,0
1189,44,Male,USA,22.13986518140926,43,12,4,2,299.84995918178555,3,Mobile,Basic,0
1190,34,Female,UK,38.48550891714811,6,17,9,4,203.78995472122486,42,Mobile,Basic,0
1191,60,Female,Germany,48.351431917235004,33,9,9,0,216.19068015903392,9,Desktop,Premium,0
1192,61,Female,Canada,24.93726732828783,39,6,9,2,169.6690643908335,53,Desktop,Basic,0
1193,41,Female,UK,31.69268357915573,12,12,4,3,114.44518597187461,7,Mobile,Basic,0
1194,42,Male,Canada,22.473941397340802,36,10,9,0,244.5538413206694,26,Desktop,Basic,0
1195,24,Female,Germany,47.00192764882957,31,9,8,3,74.55226254889313,7,Desktop,Premium,0
1196,23,Male,Ghana,38.24828341876483,10,12,6,1,125.4997967167702,7,Mobile,Premium,0
1197,41,Female,USA,21.753644360961403,34,1,6,1,214.2013296194982,44,Desktop,Premium,0
1198,50,Male,Canada,8.976588890476474,41,2,9,0,132.08073216654293,58,Desktop,Premium,1
1199,46,Male,UK,40.37587057761567,10,19,1,0,201.42309922847315,36,Mobile,Premium,1
1200,60,Female,Canada,24.27515193785573,11,1,7,2,211.78994954238945,52,Mobile,Basic,0
1201,39,Female,Ghana,38.42732169210926,14,16,2,4,155.17733070622555,13,Mobile,Basic,0
1202,43,Female,USA,32.93690336850415,3,16,8,4,204.4131614772454,3,Desktop,Premium,0
1203,45,Male,Canada,11.657039672759481,33,18,5,1,203.34330949008017,20,Desktop,Premium,0
1204,38,Female,Ghana,21.93223268192972,7,18,8,1,108.7532853643544,9,Desktop,Premium,0
1205,24,Female,UK,26.458553127139215,4,13,8,1,243.72491883235418,53,Mobile,Basic,0
1206,34,Male,Germany,23.24210010748672,39,12,6,3,37.53134838601679,22,Desktop,Basic,0
1207,37,Female,UK,31.161682848853847,48,9,9,4,350.27445589286685,52,Mobile,Premium,0
1208,58,Male,USA,34.013814461513185,10,5,7,0,242.72643284658534,45,Desktop,Premium,1
1209,37,Female,UK,47.893599375070806,15,9,1,1,281.69284436291133,33,Desktop,Premium,0
1210,39,Male,UK,34.722134768764676,16,13,4,2,252.935978963909,23,Desktop,Basic,0
1211,45,Male,UK,44.91101065719876,38,16,2,0,196.575683360915,23,Desktop,Premium,0
1212,57,Female,UK,25.231832144587052,4,10,0,0,138.2445229024838,38,Desktop,Premium,1
1213,24,Male,USA,41.652134135136755,4,16,5,0,198.03416346235744,52,Desktop,Basic,1
1214,18,Female,Ghana,26.188019095100714,36,14,8,4,266.8893722551581,26,Desktop,Premium,0
1215,49,Female,Canada,20.829831985243786,27,2,1,1,134.18723950490175,32,Mobile,Premium,0
1216,30,Male,Germany,20.407232417887645,22,19,8,2,212.56198537878313,56,Desktop,Premium,0
1217,47,Female,Canada,3.5804474145653202,22,11,7,3,55.18462757088264,28,Mobile,Basic,0
1218,40,Male,Canada,38.54082622940158,17,19,8,2,135.32958826145943,30,Desktop,Basic,0
1219,36,Male,Germany,17.09804963659991,45,11,4,2,131.3066165241068,40,Mobile,Basic,0
1220,49,Male,USA,44.08145234613717,34,14,1,2,334.42799630945933,17,Mobile,Basic,0
1221,47,Male,Germany,28.25779497679459,32,15,9,3,93.00477345393587,57,Mobile,Premium,0
1222,46,Male,USA,14.451352518652406,6,7,9,2,231.8842681193256,56,Desktop,Basic,0
1223,62,Male,Canada,18.822698369595244,33,15,5,2,327.5578091790004,18,Mobile,Basic,0
1224,46,Male,USA,31.906349423143308,8,8,6,1,280.43306401851896,25,Mobile,Basic,0
1225,47,Male,Ghana,11.200425274561159,36,4,2,1,321.7160125735421,4,Mobile,Basic,0
1226,33,Female,Germany,35.89945006954363,5,18,5,1,333.5961026382957,26,Desktop,Premium,0
1227,57,Female,Ghana,14.836677119405497,5,14,5,0,204.49452134245928,31,Mobile,Basic,1
1228,36,Male,Canada,22.610236681354767,47,18,7,2,238.00844627358464,12,Mobile,Basic,0
1229,35,Female,Germany,31.987203353748907,10,4,0,4,215.5941113015302,54,Mobile,Basic,0
1230,18,Female,Canada,34.676106901731984,40,2,3,4,238.46148238653626,48,Mobile,Basic,0
1231,31,Female,Ghana,37.977197962609374,7,6,0,4,233.74376324656748,18,Desktop,Basic,0
1232,64,Female,Canada,16.93453986486913,12,11,7,3,337.39156410013766,10,Mobile,Premium,0
1233,19,Female,Germany,26.91547206987825,30,1,1,1,223.34241768261464,36,Mobile,Basic,0
1234,45,Female,Germany,40.92999501984124,25,15,7,1,123.69825342698196,2,Mobile,Basic,0
1235,47,Male,Canada,26.917880339838696,28,12,2,1,247.66698352327361,25,Mobile,Premium,0
1236,55,Female,Germany,32.94274451204463,43,18,7,3,258.4643862260758,47,Mobile,Basic,0
1237,21,Female,Germany,31.624392584440685,13,5,5,2,134.24367154707215,9,Desktop,Premium,0
1238,18,Female,Canada,43.012371512911585,47,11,0,0,130.97155827988144,47,Mobile,Premium,1
1239,25,Female,Ghana,25.34090805824379,49,19,6,1,276.06748794721886,32,Desktop,Premium,0
1240,46,Male,Germany,16.100510712969644,22,1,6,2,157.35709707616303,5,Mobile,Premium,0
1241,56,Male,Germany,20.321281098641013,18,17,5,4,166.91341410745974,51,Mobile,Premium,0
1242,20,Male,Germany,31.88843979983522,27,8,0,0,163.08233985835568,3,Desktop,Premium,0
1243,49,Male,Germany,14.304592536699428,8,16,4,4,219.6104170824046,17,Desktop,Basic,0
1244,27,Female,Canada,24.555860149325277,6,11,0,2,288.2585908897239,13,Desktop,Premium,0
1245,27,Male,Ghana,30.754163929741978,11,19,0,2,253.4908668150072,56,Mobile,Basic,0
1246,36,Male,Ghana,22.33407895356592,29,11,5,4,163.0188973550555,3,Desktop,Premium,0
1247,63,Male,USA,33.26853247753334,41,15,7,0,307.0452741583222,28,Desktop,Basic,0
1248,51,Male,Germany,37.24411762348285,5,8,0,4,269.55411025356534,4,Mobile,Premium,0
1249,50,Female,Germany,34.549085999526746,7,14,1,4,279.3971356062408,18,Mobile,Basic,0
1250,40,Male,USA,14.524950399477722,22,1,4,4,276.79422960765163,56,Mobile,Premium,0
1251,45,Female,Ghana,30.79182187569627,47,10,7,0,158.83288151548464,35,Mobile,Basic,1
1252,49,Male,UK,31.5744230683875,4,7,3,3,126.41171608867191,14,Desktop,Basic,0
1253,24,Female,UK,26.190698817875074,32,18,4,0,172.9261633493377,16,Desktop,Basic,0
1254,46,Female,Ghana,33.133110128563715,19,12,9,4,279.24837038911005,12,Desktop,Premium,0
1255,25,Male,Germany,32.77424575745607,45,2,4,1,105.61001268493916,11,Mobile,Basic,0
1256,18,Male,UK,29.09124763137033,33,18,2,1,94.79150921424241,2,Mobile,Premium,0
1257,20,Male,Canada,19.957283219866802,1,7,5,2,54.897534038530466,33,Mobile,Basic,0
1258,41,Male,Canada,29.733790476998674,46,12,4,3,99.51271427800668,13,Mobile,Premium,0
1259,40,Female,USA,48.66930927674413,41,14,1,2,136.87290595904904,30,Desktop,Premium,0
1260,25,Female,Ghana,26.076929709843075,44,10,9,2,209.9596076344509,26,Desktop,Basic,0
1261,64,Male,Ghana,40.47305458176007,41,9,3,1,107.8820257198731,50,Mobile,Basic,0
1262,54,Male,UK,30.38857020567621,8,15,3,0,252.95585381304645,18,Mobile,Premium,0
1263,20,Female,Germany,21.992710246636413,32,10,6,2,203.60553718825562,13,Mobile,Premium,0
1264,50,Male,Ghana,27.034033017806195,30,19,6,2,36.570327526325116,4,Mobile,Premium,0
1265,45,Female,UK,29.831296262918986,46,19,8,3,198.51811677581574,59,Desktop,Basic,0
1266,64,Male,UK,36.55211466278905,28,12,9,1,211.32253698016717,33,Mobile,Basic,0
1267,25,Female,Ghana,53.80045448819329,41,12,1,0,353.32025653746643,15,Desktop,Basic,0
1268,51,Female,UK,30.546646060142734,32,9,5,3,219.36256516849605,17,Mobile,Basic,0
1269,52,Female,USA,17.691407687084432,25,4,1,0,58.45839341609786,6,Mobile,Basic,0
1270,49,Female,USA,13.454225987218159,34,1,8,0,218.36746954260633,5,Mobile,Basic,0
1271,41,Female,Ghana,25.782154306717338,33,16,1,2,213.952699884887,33,Mobile,Basic,0
1272,31,Male,Germany,18.719121000167128,13,1,5,3,248.3931061746855,54,Mobile,Premium,0
1273,49,Female,USA,35.57906297539264,25,13,7,2,410.95574692634716,16,Mobile,Premium,0
1274,63,Male,USA,35.65255723506415,42,3,5,4,157.074345128437,46,Mobile,Basic,0
1275,60,Female,Ghana,28.54024567692313,40,12,2,0,147.79009892489108,24,Mobile,Basic,0
1276,33,Female,Canada,36.57386437899604,39,9,4,3,237.5260793498387,5,Desktop,Basic,0
1277,21,Male,UK,30.64759347769202,44,4,3,1,346.0450948126477,3,Mobile,Premium,0
1278,54,Male,USA,48.675737953683566,49,2,0,2,253.6836837276544,35,Mobile,Premium,0
1279,38,Male,Canada,36.261249463550335,44,9,4,4,172.5886638467139,27,Mobile,Basic,0
1280,31,Male,Germany,38.956170761482696,48,13,9,4,278.78877107766954,12,Desktop,Premium,0
1281,48,Female,Canada,15.518725891797615,10,14,4,4,343.50863107324875,50,Desktop,Basic,0
1282,35,Male,Ghana,18.287645527707618,31,3,6,2,138.49685743659268,41,Mobile,Premium,0
1283,24,Female,Germany,34.78838426104473,44,18,6,1,119.9450673784971,25,Mobile,Basic,0
1284,27,Male,Germany,14.5077649179367,11,9,1,3,204.46905079148192,55,Desktop,Premium,0
1285,24,Male,Canada,23.75524157124898,25,15,3,0,224.09189072375614,17,Desktop,Basic,0
1286,50,Female,Ghana,41.79412613088388,46,10,0,1,310.72451018612094,49,Desktop,Premium,0
1287,40,Female,USA,23.54144200294538,45,17,4,2,162.49836821657854,20,Mobile,Premium,0
1288,38,Male,Canada,17.902672937128894,34,13,4,3,232.15031893007722,28,Mobile,Basic,0
1289,36,Female,USA,36.67543311305815,20,1,3,0,324.55190479892667,50,Desktop,Basic,1
1290,36,Female,Canada,50.735322460408455,7,11,9,3,217.91831217224168,35,Desktop,Basic,0
1291,53,Female,USA,21.91354843137462,33,5,6,0,168.38256994132922,50,Mobile,Premium,1
1292,46,Female,Canada,42.240257981428364,35,9,5,0,245.61576444185513,15,Mobile,Basic,0
1293,35,Female,Germany,20.668250334354617,29,7,9,4,173.5709037396312,33,Mobile,Basic,0
1294,19,Female,UK,28.875322188929868,12,7,2,2,227.009742619731,3,Mobile,Basic,0
1295,18,Female,Germany,29.308670602988535,5,2,1,1,185.0873318488755,7,Desktop,Basic,0
1296,64,Female,USA,22.180182599180338,12,19,3,4,188.45290187841508,10,Mobile,Premium,0
1297,22,Male,Ghana,38.75395311548138,29,18,8,4,167.7721214131858,41,Mobile,Basic,0
1298,37,Female,Germany,14.602790894758948,35,10,9,3,154.10346506868547,26,Desktop,Basic,0
1299,28,Male,UK,31.950476101590787,20,5,4,0,279.51872724358395,41,Mobile,Premium,1
1300,59,Female,USA,40.74164578192928,37,16,0,0,215.1981153019861,40,Desktop,Basic,1
1301,19,Female,Germany,37.92163469244204,1,5,2,3,301.90442842247677,6,Desktop,Basic,0
1302,20,Female,Canada,34.912150607856574,16,15,8,2,19.96884053937123,33,Mobile,Basic,0
1303,40,Female,Ghana,45.852993932013376,30,16,6,0,158.41545374785883,16,Mobile,Basic,0
1304,29,Male,USA,27.803826329193143,9,4,2,4,140.74496298172528,24,Desktop,Basic,0
1305,37,Male,Germany,14.75273851383276,42,14,0,4,179.68422012194455,56,Desktop,Basic,0
1306,22,Female,USA,31.352068855719534,10,17,3,0,117.44018360562833,30,Mobile,Basic,0
1307,54,Male,Canada,28.742376894453095,13,17,8,0,71.41832835149569,57,Mobile,Premium,1
1308,55,Female,UK,8.841794289601381,48,16,6,2,253.78037192024755,10,Mobile,Premium,0
1309,47,Female,Germany,18.748987394916128,20,9,4,0,152.54358992644853,11,Desktop,Basic,0
1310,26,Male,USA,17.47373963683046,29,2,5,2,244.45271134856333,44,Mobile,Basic,0
1311,51,Male,USA,21.85467074487151,4,11,0,4,105.73531118278314,22,Desktop,Premium,0
1312,61,Female,USA,26.488257359013073,46,15,6,2,69.11931366789912,3,Mobile,Basic,0
1313,52,Female,UK,26.87126038795608,49,3,4,0,219.29802134521273,38,Desktop,Premium,1
1314,39,Male,USA,22.21195271396611,28,16,6,1,250.6146701575183,40,Desktop,Premium,0
1315,61,Female,Ghana,17.46061458766328,37,19,4,0,150.75561330418128,23,Desktop,Basic,0
1316,41,Male,Ghana,33.774517087590766,13,6,4,1,118.63420391776584,45,Mobile,Premium,0
1317,34,Female,USA,31.165718612226808,3,14,2,4,299.94180913467835,56,Mobile,Premium,0
1318,27,Female,Ghana,31.466714986570413,37,5,4,3,195.42174191790352,19,Desktop,Basic,0
1319,47,Male,Germany,47.790112193342296,48,5,7,4,120.14991879260664,40,Mobile,Basic,0
1320,63,Male,Ghana,31.62874053539786,19,6,7,4,80.23259210946144,53,Desktop,Basic,0
1321,40,Male,USA,26.333422277195005,28,18,1,4,144.9265378968427,55,Desktop,Basic,0
1322,49,Female,Canada,28.941940075788285,19,18,0,2,168.4542992733007,13,Desktop,Basic,0
1323,34,Female,Germany,30.98819221179584,17,19,1,4,261.02883875444223,36,Desktop,Basic,0
1324,34,Female,UK,36.15793348211364,18,2,6,3,198.66454083723315,3,Mobile,Basic,0
1325,31,Female,USA,29.552795731573593,18,17,2,0,189.16088469188034,22,Mobile,Basic,0
1326,26,Male,UK,10.570790994842138,23,1,7,1,126.77113905251194,25,Mobile,Basic,0
1327,57,Female,Canada,25.632518767507733,40,9,3,4,310.46286293576134,20,Mobile,Basic,0
1328,19,Female,UK,30.014931753634535,9,13,9,1,278.11892102230445,28,Desktop,Basic,0
1329,62,Female,USA,43.04201565651648,29,4,9,4,271.73595914056534,57,Desktop,Premium,0
1330,42,Male,USA,22.14104354053614,42,5,7,2,195.13170538063952,3,Desktop,Premium,0
1331,56,Female,Canada,13.647391393793711,29,18,1,1,232.08190397328477,22,Mobile,Premium,0
1332,26,Female,USA,30.643772065607248,2,10,4,4,-6.003107549433224,44,Mobile,Basic,0
1333,39,Male,Canada,38.662369215087125,17,4,5,4,216.1957449302498,37,Mobile,Basic,0
1334,60,Female,Canada,26.065770585976043,45,13,0,3,353.8305355770431,57,Desktop,Premium,0
1335,63,Female,USA,53.83049487037445,31,13,0,3,153.5714899742901,38,Mobile,Premium,0
1336,21,Male,Ghana,51.47498065989639,28,17,8,3,121.15163331777576,18,Mobile,Premium,0
1337,43,Female,Canada,29.275272854510824,43,8,4,2,188.609560382472,20,Mobile,Premium,0
1338,46,Female,USA,31.867131568332198,48,4,3,1,131.08493465861906,46,Mobile,Premium,0
1339,62,Female,Ghana,43.68731474208643,39,3,0,2,126.06948304638932,5,Desktop,Premium,0
1340,51,Male,Canada,29.1016527286987,30,11,2,0,221.2006522425857,43,Mobile,Basic,1
1341,40,Female,Ghana,21.959114827464823,35,12,3,4,265.9598711481509,59,Desktop,Premium,0
1342,54,Female,Germany,38.88931906235262,48,9,4,4,221.9244604904092,9,Desktop,Premium,0
1343,28,Male,Germany,34.64412842435296,20,15,9,4,108.29543456044459,29,Desktop,Basic,0
1344,23,Male,Ghana,21.926551879841877,16,13,4,3,146.4631423911132,17,Mobile,Basic,0
1345,35,Female,Canada,32.79164170249759,34,5,9,4,225.68621183211428,12,Desktop,Premium,0
1346,38,Female,USA,28.399394813917215,14,5,7,3,252.5922769582919,57,Desktop,Basic,0
1347,59,Female,UK,26.149043086576334,26,19,2,0,183.35859269130415,26,Mobile,Premium,0
1348,53,Female,USA,22.14160371666158,20,11,6,2,128.5349414410864,33,Desktop,Premium,0
1349,58,Male,UK,31.214031116225488,42,9,5,2,261.9537122884391,33,Desktop,Basic,0
1350,55,Female,UK,27.341426331105126,24,3,9,2,344.99778317762866,36,Mobile,Basic,0
1351,51,Male,Canada,32.84706576758729,43,18,9,3,289.90454086440786,29,Mobile,Basic,0
1352,34,Male,Ghana,38.19837622064976,18,13,9,1,358.753209458991,22,Mobile,Premium,0
1353,54,Female,USA,32.315663694308974,43,12,5,1,150.28909785628764,18,Mobile,Premium,0
1354,42,Female,Ghana,32.48684599376326,9,9,9,0,282.51182415358994,17,Mobile,Basic,0
1355,55,Male,Germany,24.588229318325233,19,10,8,1,303.0716394575559,44,Mobile,Premium,0
1356,29,Male,Canada,41.74356014514868,20,13,6,0,161.0301095416908,52,Mobile,Premium,1
1357,40,Female,Canada,21.51470679021233,42,13,6,4,133.94936485981637,24,Desktop,Basic,0
1358,59,Male,Germany,13.880079981918712,30,9,0,2,123.11144724594068,22,Mobile,Basic,0
1359,39,Female,USA,19.29016519395913,26,10,0,3,192.71940856903663,44,Mobile,Premium,0
1360,38,Female,Germany,40.34263911432872,31,19,8,0,79.54449022650033,5,Desktop,Premium,0
1361,44,Male,USA,34.58897820198274,35,6,8,3,335.1570318398993,1,Desktop,Basic,0
1362,48,Male,UK,43.11942622932057,3,7,9,3,97.29804349944074,19,Mobile,Basic,0
1363,23,Female,Canada,16.769484748333642,40,15,2,2,233.74586289393997,30,Desktop,Basic,0
1364,44,Male,USA,53.20218220267479,29,19,7,4,18.952436752874178,39,Mobile,Basic,0
1365,57,Female,Ghana,27.163158147596466,6,14,8,4,363.6206900057768,15,Desktop,Basic,0
1366,51,Female,Ghana,12.396565315586084,1,16,0,1,299.95498245968565,46,Mobile,Premium,0
1367,29,Female,Canada,51.957831669756516,24,14,2,4,72.49636878484952,58,Desktop,Basic,0
1368,62,Male,Germany,16.89897738460663,38,2,5,2,224.40365490924373,35,Mobile,Premium,0
1369,24,Female,Germany,26.02104286482787,34,9,3,3,180.67567196371357,5,Desktop,Premium,0
1370,27,Female,USA,27.94247759560334,7,3,7,0,212.40174937122018,6,Desktop,Premium,0
1371,62,Female,Germany,34.44083142500328,11,6,8,0,250.8253256857503,25,Desktop,Premium,0
1372,34,Female,Canada,22.08696524066636,11,5,6,4,135.95375625177343,11,Desktop,Basic,0
1373,43,Female,USA,40.393132287757766,36,14,0,1,195.71084676101077,51,Mobile,Premium,0
1374,38,Female,UK,37.53636169510743,20,15,1,0,55.239421939648594,22,Mobile,Premium,0
1375,45,Female,Germany,30.19066819780466,16,18,0,1,206.65482819758233,59,Desktop,Basic,0
1376,63,Female,Germany,43.24329434461497,5,17,8,0,35.27653794016814,34,Desktop,Premium,1
1377,19,Female,USA,29.321432791619284,24,9,3,1,304.4635814188191,57,Desktop,Basic,0
1378,60,Female,Ghana,27.24354146491293,30,19,9,1,82.81409113830739,44,Desktop,Basic,0
1379,18,Female,Germany,49.98102766658832,30,9,7,3,223.54553992282928,57,Mobile,Basic,0
1380,53,Male,Canada,32.95736042289888,39,16,4,2,266.2902896909489,55,Mobile,Premium,0
1381,43,Female,Germany,20.143486172073313,48,6,4,0,349.132008856959,14,Mobile,Premium,0
1382,46,Female,UK,21.497307198031933,47,8,4,4,341.86771782166045,59,Mobile,Premium,0
1383,38,Female,Germany,30.189581406527516,37,3,4,2,311.5122019187112,9,Mobile,Premium,0
1384,28,Male,Ghana,6.020017241376337,33,5,2,3,198.7168430876675,20,Mobile,Premium,0
1385,57,Female,Germany,23.670105347849116,20,7,5,3,289.25238973334626,16,Desktop,Basic,0
1386,28,Male,USA,28.996060115331186,22,1,0,3,222.07617668274378,58,Desktop,Basic,0
1387,53,Female,Germany,28.328024796822838,41,4,7,4,228.89535621060736,17,Desktop,Premium,0
1388,56,Female,Ghana,17.42556752256689,21,16,3,0,150.3826027838636,17,Mobile,Premium,0
1389,57,Male,USA,25.51484208560135,37,14,5,0,339.31961781581265,34,Mobile,Premium,1
1390,52,Female,Canada,41.79803897165385,27,1,1,1,135.77039786053112,42,Mobile,Premium,0
1391,51,Male,USA,39.731488303428875,38,4,1,1,114.36760057688338,11,Mobile,Basic,0
1392,64,Male,UK,30.956163947290243,35,10,7,1,232.61165244471056,35,Desktop,Premium,0
1393,41,Female,USA,29.310900236090088,38,11,0,4,56.635338017369634,34,Desktop,Premium,0
1394,39,Female,Canada,28.383732515381045,40,7,7,2,209.40477555597923,36,Mobile,Premium,0
1395,22,Female,Germany,32.36310062594923,6,4,9,0,330.77054679276694,8,Mobile,Premium,0
1396,50,Female,USA,31.0256884467451,32,1,9,1,233.20693262835505,19,Mobile,Premium,0
1397,53,Male,USA,33.241409708710265,16,1,0,4,202.5295396243415,52,Mobile,Basic,0
1398,64,Male,USA,35.017941749388555,28,17,8,4,132.80072505411687,50,Desktop,Basic,0
1399,37,Female,USA,17.888925108127992,16,10,0,1,79.81814703475159,33,Desktop,Basic,0
1400,36,Male,Canada,26.897313083852996,27,5,3,3,269.0846596579604,56,Mobile,Premium,0
1401,52,Male,Ghana,31.97912409896198,3,7,8,3,202.2392236645658,23,Desktop,Premium,0
1402,60,Female,Ghana,20.341649232764574,49,8,0,3,249.96231280549242,58,Mobile,Basic,0
1403,34,Male,USA,23.261786456406185,21,2,8,1,24.62688607994906,2,Mobile,Basic,0
1404,62,Male,Canada,27.821032923814304,38,9,7,4,258.55939452876527,8,Desktop,Premium,0
1405,60,Female,Canada,28.311653417634517,38,4,4,4,358.86236394984536,29,Desktop,Premium,0
1406,51,Male,USA,32.16602786891314,30,12,5,0,307.3044699873829,42,Desktop,Basic,1
1407,26,Female,UK,21.51969237042045,22,11,4,3,223.7327461212842,51,Desktop,Basic,0
1408,43,Male,USA,39.680204548947344,19,5,3,1,116.44219692968896,7,Desktop,Basic,0
1409,19,Female,UK,28.22924109491173,31,12,9,0,209.7437312335097,49,Mobile,Basic,1
1410,26,Male,USA,31.451977016054002,20,4,3,4,212.32704264044133,29,Mobile,Premium,0
1411,26,Male,UK,26.30167558318778,47,13,9,0,160.35107214181835,31,Mobile,Basic,1
1412,57,Female,UK,32.35650750192513,19,1,7,3,166.45973892456584,30,Mobile,Basic,0
1413,34,Female,USA,46.7122115944063,2,18,7,2,367.8852723647394,35,Mobile,Premium,0
1414,18,Female,UK,26.208811573870733,40,4,8,3,122.74219274743741,25,Desktop,Basic,0
1415,42,Female,Germany,24.55503645580313,39,4,2,3,165.68993293890117,47,Mobile,Premium,0
1416,60,Male,Ghana,21.698444450223178,27,8,9,1,244.8886198987438,4,Desktop,Basic,0
1417,57,Male,Canada,29.40378150316871,8,6,7,2,374.4727055494779,49,Desktop,Basic,0
1418,59,Male,UK,29.287963197302847,45,4,2,2,175.91644036457154,43,Mobile,Premium,0
1419,42,Female,UK,30.51443014598182,27,4,1,2,56.091248898650576,38,Mobile,Basic,0
1420,56,Male,Canada,34.68255879736316,15,11,1,4,29.07336919966528,17,Mobile,Premium,0
1421,52,Male,UK,33.42168107047406,12,9,8,0,401.60863270577346,10,Desktop,Premium,0
1422,20,Female,Canada,29.77478518467293,47,14,3,4,47.252563883815895,1,Mobile,Basic,0
1423,54,Female,USA,49.538015680389115,14,4,4,2,206.07817671046817,18,Desktop,Premium,0
1424,61,Male,Germany,36.90680284092072,7,13,1,1,78.99268267743837,46,Mobile,Premium,0
1425,61,Female,Germany,19.107400571593384,17,6,8,3,136.90192391215805,19,Mobile,Premium,0
1426,47,Male,Ghana,14.547980142377398,26,13,6,3,148.13956270364258,50,Mobile,Basic,0
1427,55,Male,UK,23.04350874465583,37,3,2,4,43.57717724708783,56,Desktop,Premium,0
1428,51,Female,Ghana,31.526583800501278,20,7,5,4,297.5225337465406,32,Desktop,Basic,0
1429,29,Male,USA,22.205003440322155,10,1,6,1,234.46064041140232,54,Desktop,Premium,0
1430,36,Female,Germany,23.723727551934477,19,11,5,3,165.83622157345218,31,Mobile,Premium,0
1431,54,Female,USA,30.260670385764843,18,2,9,4,154.0120603941582,33,Mobile,Premium,0
1432,61,Male,USA,26.580273411137227,30,5,9,0,287.07943625952805,22,Desktop,Premium,0
1433,34,Male,UK,9.522992575315431,30,14,5,4,207.19891517815407,1,Mobile,Premium,0
1434,27,Male,USA,40.77176528492387,25,13,7,4,366.85367624195055,41,Desktop,Premium,0
1435,64,Female,Germany,38.44956890906831,24,16,7,2,164.19012275789692,46,Mobile,Basic,0
1436,29,Male,Ghana,17.148791416869678,10,15,4,0,234.04632924631693,35,Desktop,Basic,1
1437,33,Female,Germany,30.56891099657872,2,3,3,0,101.4872973728558,44,Mobile,Basic,1
1438,41,Female,UK,18.83448469713311,38,6,4,1,165.3401520209587,49,Desktop,Premium,0
1439,36,Male,Germany,23.912034201450254,32,9,8,2,283.0007241950062,17,Mobile,Basic,0
1440,25,Female,Canada,34.861529508553524,35,3,9,0,294.3055178545647,34,Desktop,Premium,1
1441,48,Male,Ghana,38.100471174000525,37,13,5,2,347.3050422173882,29,Desktop,Basic,0
1442,38,Male,Canada,37.86642939146165,7,13,2,2,235.60481487462076,6,Desktop,Premium,0
1443,34,Male,Canada,32.44839204099953,7,7,2,3,298.8608705551245,1,Mobile,Basic,0
1444,40,Male,UK,42.75205736432445,27,5,0,0,249.91098650044586,55,Desktop,Basic,1
1445,54,Male,USA,23.89438300570618,10,8,4,3,166.95782674218728,27,Mobile,Basic,0
1446,33,Male,Canada,26.11370836310702,33,8,5,4,78.87343766111273,12,Desktop,Basic,0
1447,23,Male,Germany,4.053721167546577,43,7,7,4,181.48289339848372,4,Desktop,Premium,0
1448,25,Female,USA,29.069434821683114,7,19,8,3,108.37671838320512,55,Desktop,Premium,0
1449,42,Male,Germany,35.79693464036569,6,7,6,4,284.36752514302555,16,Desktop,Premium,0
1450,35,Female,Germany,32.85259612008902,6,4,0,3,288.9081493594649,52,Mobile,Basic,0
1451,42,Female,USA,23.759796467566503,13,10,6,1,118.75795722996506,11,Mobile,Premium,0
1452,29,Female,USA,38.44525606314535,48,13,9,2,288.9716548349236,52,Desktop,Premium,0
1453,32,Male,Germany,29.261692476204736,13,4,8,1,105.57561946902172,20,Mobile,Basic,0
1454,43,Female,UK,37.66426712008701,2,19,3,0,315.5702757304392,26,Mobile,Basic,0
1455,58,Female,Ghana,34.861496851062626,19,10,6,1,187.0669252384933,28,Desktop,Basic,0
1456,62,Male,Ghana,44.245089589030286,19,7,8,1,236.70124169359426,42,Mobile,Basic,0
1457,43,Male,UK,33.39363362566204,38,5,0,4,315.9487177346779,8,Mobile,Premium,0
1458,64,Female,USA,36.09942672934282,2,3,9,3,247.75149628012832,2,Mobile,Basic,0
1459,49,Male,Germany,29.232829112948966,26,2,8,0,189.31282664797087,40,Mobile,Premium,1
1460,27,Male,Ghana,24.971098499210054,6,11,3,4,269.97339978216826,26,Mobile,Basic,0
1461,33,Male,Germany,34.907322075603645,20,10,7,0,122.6031102718656,27,Desktop,Basic,0
1462,24,Male,UK,45.02730697539709,23,13,2,2,45.68047575873359,33,Mobile,Basic,0
1463,34,Female,Germany,23.84119352077019,15,7,1,3,291.6822171447393,55,Mobile,Basic,0
1464,40,Male,UK,27.518636712124124,6,10,7,4,94.98805957678336,7,Desktop,Premium,0
1465,43,Male,USA,30.266504352176746,28,4,7,1,273.7480296343064,54,Desktop,Basic,0
1466,38,Male,UK,36.84896309941714,35,16,2,2,211.2986209976693,46,Desktop,Basic,0
1467,39,Female,UK,33.45457982888162,11,6,7,1,198.8402214193582,36,Mobile,Premium,0
1468,24,Female,Ghana,39.130631564333996,8,9,5,0,124.39940668415679,21,Desktop,Basic,0
1469,31,Male,Germany,49.739094756411454,49,13,9,2,163.9770522319061,49,Mobile,Premium,0
1470,32,Male,Ghana,23.610986900138037,24,7,8,4,201.0883258656683,34,Desktop,Premium,0
1471,24,Female,Canada,36.097289781453895,21,18,9,1,215.88584093393973,58,Desktop,Premium,0
1472,26,Male,UK,33.2063977818717,49,14,5,1,127.75612986112708,23,Mobile,Basic,0
1473,25,Male,Canada,30.190402174279498,36,5,7,0,259.4897665419011,34,Desktop,Premium,1
1474,40,Female,Ghana,36.06085223676783,7,13,1,0,264.5739745850077,40,Desktop,Basic,1
1475,46,Male,Germany,27.331969796015876,5,8,0,3,238.71090389190528,7,Desktop,Premium,0
1476,35,Male,Ghana,33.230457316469874,29,15,9,3,164.90559131097766,26,Mobile,Premium,0
1477,48,Female,Germany,16.94707570286051,16,19,9,0,268.75715322012206,40,Desktop,Basic,1
1478,47,Female,Germany,24.611847218941772,6,9,1,3,249.68475282458883,52,Mobile,Premium,0
1479,56,Male,USA,40.47520814109763,14,6,3,1,43.66939405655393,49,Mobile,Basic,0
1480,52,Female,UK,40.09082982604421,2,14,9,0,216.90536235404352,55,Desktop,Premium,1
1481,35,Male,Ghana,32.594332967181856,25,10,8,2,354.65251952056644,17,Desktop,Basic,0
1482,59,Male,Germany,25.469502456102543,31,9,6,0,277.7540074930849,31,Desktop,Basic,1
1483,56,Male,Ghana,38.25265829684943,13,17,8,4,292.2763712703529,39,Desktop,Premium,0
1484,34,Female,Ghana,42.36487381496637,18,13,8,4,143.9102230616734,25,Desktop,Premium,0
1485,31,Female,Germany,25.876331301089873,17,17,8,0,210.05129889180157,37,Desktop,Basic,1
1486,48,Male,Canada,15.449803133481844,45,19,7,2,185.34911203862046,15,Mobile,Premium,0
1487,41,Male,UK,34.4913492545402,28,13,5,0,199.82118799108264,2,Desktop,Basic,0
1488,52,Female,UK,39.137682774074435,12,9,9,2,158.85605537245922,11,Desktop,Premium,0
1489,61,Female,USA,35.87483526338077,35,1,6,1,101.17682612873315,32,Mobile,Basic,0
1490,62,Female,USA,45.6507919722994,22,1,1,1,205.14672326528986,30,Desktop,Basic,0
1491,51,Male,USA,45.69300665528144,39,5,0,2,137.54899020501924,17,Mobile,Premium,0
1492,20,Female,UK,26.946027033531664,1,8,4,3,246.88189952441087,24,Mobile,Basic,0
1493,54,Female,Canada,31.989943855771195,37,18,7,1,197.54499044927192,45,Mobile,Basic,0
1494,60,Male,UK,25.03465157986956,21,4,2,4,45.82436501932327,4,Desktop,Premium,0
1495,57,Male,UK,19.77936303392676,1,1,6,0,310.54634904342686,56,Mobile,Premium,1
1496,43,Male,UK,20.365606951980098,4,15,4,3,234.82563042824034,50,Desktop,Basic,0
1497,40,Female,UK,37.170213532630434,32,4,9,4,163.36294173136298,46,Mobile,Premium,0
1498,61,Male,Canada,33.02887520686443,1,9,7,0,173.08908348782026,32,Mobile,Basic,1
1499,56,Male,USA,38.899608405008394,13,10,5,4,101.75037279406473,19,Mobile,Basic,0
1500,32,Male,Ghana,55.31621409966459,46,15,5,3,195.00657206733015,3,Desktop,Premium,0
1501,21,Male,USA,34.998676032413975,47,3,6,2,254.49441066823618,4,Desktop,Premium,0
1502,46,Female,USA,22.120794208996024,17,2,6,0,339.59339702197707,25,Mobile,Premium,0
1503,39,Male,Ghana,40.35126820674959,12,5,3,4,192.90609730697196,9,Desktop,Basic,0
1504,42,Female,UK,21.93487707658891,7,1,9,4,203.9178618558418,21,Mobile,Premium,0
1505,30,Female,Canada,47.48336884784743,3,11,9,3,295.40159840319365,23,Mobile,Basic,0
1506,35,Female,Canada,10.285508413279892,26,12,9,3,107.29483799300627,46,Desktop,Premium,0
1507,50,Male,USA,24.534510496642365,31,3,7,3,211.64929110121417,29,Mobile,Basic,0
1508,33,Female,Ghana,36.2213827311098,36,16,5,2,139.4997215098402,30,Mobile,Basic,0
1509,62,Male,Germany,41.77520993824544,26,14,7,1,210.49297609673496,25,Desktop,Premium,0
1510,59,Male,UK,23.230168737098175,3,12,6,4,274.93977915525375,49,Mobile,Basic,0
1511,61,Male,USA,21.417420321466764,44,16,0,2,67.82662772615342,29,Mobile,Basic,0
1512,19,Female,Canada,31.483671916363775,28,8,3,4,288.8929979389295,34,Desktop,Basic,0
1513,52,Male,Ghana,49.089938502323854,44,17,6,2,228.77453552634898,14,Mobile,Premium,0
1514,59,Male,Ghana,14.616223666681869,17,17,8,0,211.1927024461971,22,Mobile,Basic,0
1515,51,Male,USA,26.858799028275335,38,7,1,1,307.67997317792185,48,Desktop,Premium,0
1516,47,Female,Germany,32.60185019725786,47,15,4,4,136.74663997443048,51,Mobile,Basic,0
1517,30,Female,Canada,22.040506367588,30,9,8,3,92.8154039471726,16,Desktop,Basic,0
1518,30,Female,USA,22.006137822900712,2,4,8,1,118.04594979761787,11,Desktop,Premium,0
1519,35,Male,Germany,27.66608385391548,8,8,5,4,242.61651234816597,59,Desktop,Basic,0
1520,49,Female,Ghana,32.927098260494745,14,10,6,0,160.40296731853743,14,Desktop,Basic,0
1521,49,Male,UK,28.049383535033378,37,15,8,4,130.11717662025313,7,Mobile,Basic,0
1522,52,Male,Canada,44.65565652365965,35,18,9,4,121.8117812934648,5,Desktop,Premium,0
1523,56,Female,Canada,35.9260377840175,42,14,7,4,213.98059687055508,58,Mobile,Premium,0
1524,63,Male,Germany,33.83164023215072,39,5,9,1,197.796864165815,40,Mobile,Premium,0
1525,46,Female,USA,40.276536193083714,11,9,5,4,86.49664037691066,29,Desktop,Basic,0
1526,46,Male,Ghana,34.00802891414923,15,13,5,3,89.16643731190355,17,Desktop,Premium,0
1527,61,Female,Germany,25.568133726985323,2,19,6,2,157.8497955232386,30,Desktop,Basic,0
1528,33,Male,UK,27.368475469056175,37,11,6,3,273.44743353741796,25,Mobile,Basic,0
1529,61,Male,UK,18.705637863885798,43,12,1,0,165.92854063080762,14,Mobile,Basic,0
1530,64,Male,UK,50.04878186541077,32,3,8,1,81.88141562430067,59,Mobile,Premium,0
1531,27,Male,Germany,39.307239697340634,40,2,3,2,193.07045134920799,42,Desktop,Premium,0
1532,47,Male,Ghana,4.404182468495044,13,15,9,1,203.04396049751287,22,Mobile,Premium,0
1533,42,Female,Canada,43.331284326429916,43,5,8,1,81.19554606489152,44,Desktop,Basic,0
1534,56,Male,USA,15.34067359559386,17,7,9,4,102.57664476926259,5,Desktop,Premium,0
1535,37,Female,Canada,35.2066897797628,15,4,2,3,259.5150706818912,40,Mobile,Premium,0
1536,22,Female,Ghana,7.959742464886585,33,5,4,2,101.5657765402232,28,Desktop,Basic,0
1537,18,Female,Canada,25.71870658703427,16,16,4,4,262.88661797526015,12,Mobile,Premium,0
1538,47,Male,Germany,43.40933507741839,13,15,6,2,76.2614009690433,36,Mobile,Premium,0
1539,20,Male,UK,43.96633886619436,22,16,3,3,79.24707222586076,13,Mobile,Premium,0
1540,62,Male,Ghana,33.06775392803968,23,4,3,4,201.85172399753785,57,Mobile,Premium,0
1541,31,Female,Ghana,37.874647932378565,36,6,0,2,139.62894591250497,21,Desktop,Premium,0
1542,47,Male,Canada,15.864297741915877,43,18,5,4,157.21719648825763,32,Mobile,Premium,0
1543,21,Male,Germany,35.383332726699976,10,3,3,1,212.13242175212645,49,Desktop,Basic,0
1544,35,Female,Canada,38.509707432818395,17,5,9,0,154.86843929462543,56,Mobile,Basic,1
1545,54,Female,Canada,55.69745837700139,30,2,9,2,124.14862583296618,57,Mobile,Basic,0
1546,42,Female,Ghana,23.767807003185748,13,16,4,3,239.24029827284897,21,Desktop,Premium,0
1547,18,Female,Canada,30.163028170281112,30,6,8,2,214.4568924756616,37,Mobile,Premium,0
1548,63,Female,UK,30.78115111652105,46,15,3,0,203.46041921533856,38,Mobile,Basic,1
1549,32,Female,Canada,36.985837337762035,30,18,0,2,198.54850157168718,9,Mobile,Basic,0
1550,26,Male,UK,38.80510688215635,7,6,8,2,135.84520609805213,37,Desktop,Premium,0
1551,32,Female,Ghana,40.609151117898655,10,13,4,2,119.1660490861102,2,Mobile,Premium,0
1552,41,Male,Germany,39.879621593128114,35,13,9,3,172.42152203029184,3,Mobile,Premium,0
1553,21,Male,UK,15.188817074892832,2,1,6,0,137.17152070349442,43,Mobile,Premium,1
1554,29,Male,Germany,3.868031196842985,30,16,2,0,199.00191595106818,10,Desktop,Premium,0
1555,54,Female,Germany,24.85623612916965,19,4,3,3,168.6687127636977,35,Desktop,Premium,0
1556,54,Male,UK,29.6458315539361,39,17,9,2,201.4407060171249,9,Desktop,Basic,0
1557,60,Female,Ghana,23.867322407131006,37,18,8,2,192.5684388866255,40,Desktop,Basic,0
1558,23,Female,USA,25.403018569988994,3,16,9,0,341.2215735515957,48,Mobile,Premium,1
1559,56,Male,Germany,26.637505722597993,25,1,0,2,89.10428596884404,54,Desktop,Basic,0
1560,63,Female,Germany,35.7744099941937,34,6,4,1,185.01221814016978,32,Desktop,Basic,0
1561,41,Male,Ghana,19.6630794496097,22,11,7,2,111.3835280978337,21,Desktop,Premium,0
1562,28,Male,Ghana,29.22172230039274,38,6,9,2,161.35432772180528,58,Desktop,Basic,0
1563,30,Female,Canada,29.2982638378096,14,17,6,4,134.63951940288706,34,Mobile,Premium,0
1564,51,Male,Ghana,35.54699338508486,39,4,3,0,251.11795134220972,25,Mobile,Premium,0
1565,42,Male,Germany,41.619048397129035,2,14,6,0,82.0870402937473,42,Desktop,Basic,1
1566,24,Male,UK,46.84107398121395,32,14,0,1,262.4646048069537,56,Desktop,Basic,0
1567,21,Female,USA,22.540092195785565,43,8,5,1,242.37512865201197,32,Desktop,Basic,0
1568,25,Male,Canada,10.000253894355073,3,2,8,1,364.4332592516106,46,Desktop,Premium,0
1569,37,Female,UK,27.580717712647136,41,5,2,0,344.2409955013533,37,Mobile,Premium,1
1570,46,Female,USA,14.113831417001537,8,4,3,4,136.16627290369436,22,Mobile,Premium,0
1571,62,Male,USA,57.34576909256972,26,10,7,4,298.9487445277936,25,Desktop,Premium,0
1572,63,Male,USA,21.271194811569693,32,3,4,3,174.051157327553,1,Desktop,Basic,0
1573,27,Female,UK,35.63833765652731,11,16,4,0,224.35653292587125,45,Desktop,Basic,1
1574,60,Female,Canada,39.34066106674429,1,10,0,3,337.6073024133622,36,Desktop,Basic,0
1575,51,Male,Canada,33.40622328238003,15,15,5,2,139.34274095531356,21,Desktop,Premium,0
1576,43,Male,USA,50.76720351309199,4,4,1,1,204.47521743976642,41,Desktop,Premium,0
1577,58,Female,UK,27.975188598841893,4,1,0,3,44.20711106758293,16,Desktop,Basic,0
1578,20,Female,USA,21.651182426285153,28,15,5,3,271.034603583873,32,Mobile,Premium,0
1579,23,Female,Ghana,21.133753878487415,10,10,4,0,368.2119895241479,21,Mobile,Premium,0
1580,22,Female,Canada,37.50005694603682,11,18,4,1,245.8605097262972,53,Mobile,Basic,0
1581,22,Female,Germany,28.102017537349425,23,16,8,1,309.449233443977,28,Desktop,Basic,0
1582,64,Male,USA,21.135110105967826,47,9,9,4,291.3560488168088,19,Mobile,Premium,0
1583,40,Female,Ghana,34.41305215523572,3,19,9,3,143.47186666230658,56,Desktop,Premium,0
1584,26,Female,Canada,37.09249225088313,39,17,2,4,225.93611162909852,14,Desktop,Basic,0
1585,52,Male,UK,32.71305186286211,39,10,0,3,239.5123123066741,23,Desktop,Premium,0
1586,37,Male,Canada,38.99596392335607,17,19,7,0,106.6871078403854,24,Mobile,Basic,0
1587,59,Female,UK,30.88098612850313,22,8,4,0,315.5729521310299,20,Mobile,Basic,0
1588,52,Female,UK,24.0637466281874,27,19,4,2,159.6244181422211,32,Desktop,Basic,0
1589,35,Male,USA,38.114000715115104,16,5,7,3,182.65418063249479,40,Mobile,Premium,0
1590,34,Female,USA,21.09911746471664,16,2,7,3,178.908457620447,10,Mobile,Basic,0
1591,41,Female,Canada,18.711146528000235,40,15,1,1,202.99867443532116,52,Mobile,Basic,0
1592,20,Male,Ghana,41.55949649200665,3,17,2,1,434.3742149008232,1,Mobile,Basic,0
1593,49,Female,Canada,26.521520289834076,47,10,9,4,151.47715994696347,31,Desktop,Basic,0
1594,52,Male,Germany,46.65683909444972,33,2,9,2,76.33128241712174,52,Desktop,Premium,0
1595,55,Male,UK,38.56594786726606,42,9,0,0,213.08847276942305,37,Mobile,Basic,1
1596,30,Male,UK,25.761612860991608,2,2,2,3,130.95953219115867,58,Mobile,Basic,0
1597,64,Male,USA,34.86221432262667,39,18,3,4,167.31040754259823,15,Mobile,Basic,0
1598,42,Female,Ghana,55.283802744468765,46,12,6,2,249.58672311024748,40,Desktop,Premium,0
1599,26,Male,USA,37.54273142812392,48,15,8,1,112.99581836713298,31,Mobile,Premium,0
1600,21,Female,Germany,35.8169890674244,27,6,4,2,170.8716632889215,28,Desktop,Basic,0
1601,31,Female,Canada,24.052789263533793,15,18,0,4,223.43783057617333,10,Mobile,Basic,0
1602,54,Female,Canada,48.445546961987276,7,13,1,0,137.73220722871002,6,Mobile,Basic,0
1603,51,Female,Ghana,43.17937713512973,45,4,9,1,196.8344128924963,15,Desktop,Basic,0
1604,28,Female,USA,24.144379682732982,42,12,1,1,223.39348379480907,47,Desktop,Premium,0
1605,58,Male,USA,48.804128554097915,9,9,8,0,190.69442273079096,27,Desktop,Basic,0
1606,20,Male,Germany,31.647512165023482,41,2,9,1,212.55412010031552,10,Desktop,Premium,0
1607,45,Male,Canada,21.596183253299728,6,16,6,4,228.5466918068688,21,Mobile,Basic,0
1608,46,Male,USA,24.014812931814635,12,1,1,1,146.14080814936463,19,Desktop,Premium,0
1609,26,Female,Ghana,38.77701367074777,30,4,0,3,82.54540071304183,4,Desktop,Premium,0
1610,20,Male,Canada,21.664998431445007,20,15,4,2,117.154931876526,22,Desktop,Premium,0
1611,42,Female,Germany,18.968836089470845,20,1,0,4,104.14640311890045,38,Mobile,Premium,0
1612,51,Female,Ghana,25.61125517581523,46,15,8,0,298.59631263822547,15,Desktop,Premium,0
1613,29,Male,UK,27.104867755903875,27,3,2,4,61.11899391385438,6,Mobile,Premium,0
1614,59,Male,Germany,23.266844743614378,20,13,1,3,250.24786108379544,50,Mobile,Basic,0
1615,26,Male,Ghana,25.460551060619693,7,18,5,1,145.23512720186235,11,Desktop,Premium,0
1616,32,Male,USA,39.16931234061393,40,13,2,1,282.8303969216128,44,Mobile,Premium,0
1617,57,Female,UK,32.56502436479449,40,10,4,4,166.23464387926458,30,Desktop,Basic,0
1618,42,Female,Germany,24.843592468514952,30,7,9,1,202.47804212552234,40,Mobile,Premium,0
1619,22,Male,USA,25.72151917719715,8,8,7,1,241.3900703343607,24,Mobile,Basic,0
1620,28,Female,UK,28.683438237386472,2,1,9,3,300.34054277441174,22,Desktop,Premium,0
1621,51,Female,Canada,29.25585792076479,14,18,1,0,154.3917907789276,30,Desktop,Premium,0
1622,41,Female,USA,29.29813743782586,10,12,4,2,150.6844579529993,46,Mobile,Premium,0
1623,32,Male,Ghana,38.80247663049985,18,18,7,4,240.90943450899852,4,Desktop,Basic,0
1624,55,Female,Germany,31.970384042920653,18,12,0,0,73.0397606641476,50,Desktop,Premium,1
1625,25,Male,UK,32.264576765992146,16,9,9,2,62.59698499992899,6,Mobile,Premium,0
1626,22,Male,USA,44.26785353700089,5,2,9,0,229.3575618658616,38,Mobile,Basic,1
1627,43,Female,Canada,48.766514318920684,31,14,3,4,253.537398954682,26,Mobile,Premium,0
1628,35,Female,Germany,17.69028713802001,37,4,4,3,226.70563235306204,19,Desktop,Premium,0
1629,23,Male,Germany,14.210918876043817,20,15,9,3,192.18632500159438,2,Mobile,Premium,0
1630,54,Female,USA,26.505938853776136,23,17,2,3,156.9241923802619,4,Desktop,Basic,0
1631,30,Female,Canada,37.831285728946476,32,19,1,0,327.0047113404763,56,Mobile,Premium,1
1632,45,Male,UK,33.759863999874305,42,6,2,4,337.4150250624034,5,Desktop,Premium,0
1633,22,Male,USA,40.54099702711882,17,9,4,1,208.60919719086075,47,Desktop,Premium,0
1634,30,Male,UK,26.07636154307886,13,17,6,1,145.30150431626328,35,Mobile,Premium,0
1635,34,Male,Germany,10.432931678219983,49,15,1,3,119.27129429075819,29,Mobile,Basic,0
1636,57,Female,UK,16.33218268721975,13,5,6,0,234.49483360283608,16,Desktop,Premium,0
1637,62,Female,Canada,35.64734058658601,17,18,5,1,101.72100498791323,45,Mobile,Premium,0
1638,49,Male,Ghana,40.61753605558219,15,4,6,0,103.57308853441504,12,Mobile,Basic,0
1639,46,Male,Canada,10.932031518978903,26,2,6,4,161.25998236493916,21,Desktop,Premium,0
1640,20,Male,UK,44.106575333080414,44,19,8,3,240.57484707009377,9,Desktop,Basic,0
1641,57,Female,USA,34.64632511799605,28,5,6,2,317.4984958656721,11,Mobile,Basic,0
1642,51,Male,Germany,29.295779017206293,42,4,5,3,220.06406525168424,8,Mobile,Basic,0
1643,57,Female,Ghana,23.731768421488308,45,5,9,2,239.72986495755578,26,Mobile,Basic,0
1644,44,Male,USA,45.91161076828998,30,19,7,1,278.6120197689906,32,Mobile,Premium,0
1645,30,Male,USA,38.97006432689067,43,13,6,2,271.15308483311867,39,Mobile,Premium,0
1646,62,Male,Canada,34.90823451876647,35,16,5,0,155.84469868608534,4,Desktop,Premium,0
1647,50,Female,UK,22.685974977966353,22,12,3,2,269.69452228723924,34,Mobile,Premium,0
1648,23,Female,Canada,46.14181226900389,10,9,6,1,282.5437329188019,28,Desktop,Basic,0
1649,41,Female,UK,30.303511579548093,11,16,7,1,224.85767386673825,25,Mobile,Premium,0
1650,36,Male,Canada,32.9901745705812,38,14,7,3,210.91812863296036,51,Mobile,Basic,0
1651,33,Female,USA,30.73059398177548,33,1,3,1,247.95556198615165,54,Mobile,Premium,0
1652,57,Female,Germany,22.34449535378607,6,4,9,0,239.6004596603321,55,Desktop,Premium,1
1653,45,Male,UK,33.197209859168716,37,9,8,2,50.95968419753257,44,Mobile,Basic,0
1654,50,Male,Ghana,36.96938561458403,7,19,2,4,234.30756387300215,35,Desktop,Premium,0
1655,58,Female,Ghana,25.58392589866378,44,14,8,1,294.3283096107185,19,Desktop,Premium,0
1656,30,Female,USA,32.34076660772311,12,12,2,2,279.0939839659857,35,Mobile,Basic,0
1657,60,Female,Canada,30.584994243769454,7,4,6,3,230.171987090023,51,Mobile,Premium,0
1658,62,Female,Canada,39.15131329474663,2,7,3,4,211.84417100683189,51,Mobile,Premium,0
1659,42,Male,USA,27.010587287313943,1,17,4,3,168.24994297331588,39,Mobile,Premium,0
1660,59,Male,Ghana,32.26570963684408,23,1,2,0,190.8392694025577,29,Desktop,Basic,0
1661,53,Male,Ghana,34.371694013256146,25,14,1,3,258.18816876653455,14,Desktop,Premium,0
1662,44,Female,Canada,26.78432904222432,18,15,7,2,230.7648881133397,21,Mobile,Basic,0
1663,55,Female,UK,21.746454323204887,44,12,6,4,272.29927495659257,36,Desktop,Basic,0
1664,24,Male,Germany,23.373938807478954,7,12,6,3,158.45639797880557,38,Mobile,Premium,0
1665,22,Male,UK,34.09190036528578,3,6,7,3,286.68838393651833,14,Desktop,Premium,0
1666,60,Female,Ghana,27.646838867227373,29,13,0,0,150.52432498229678,40,Mobile,Basic,1
1667,62,Female,UK,27.514105414143565,10,16,7,2,216.22254947046153,50,Mobile,Premium,0
1668,48,Male,Germany,36.04147567015733,43,14,9,3,155.04817358355498,15,Desktop,Premium,0
1669,40,Male,UK,40.19491523028647,5,7,4,2,192.12449535440888,51,Desktop,Basic,0
1670,59,Male,UK,41.917158733448204,34,16,7,1,362.70400396555425,50,Desktop,Premium,0
1671,27,Female,UK,23.874988418975928,8,9,8,0,240.7484744427621,30,Mobile,Premium,0
1672,49,Female,UK,39.22745618797659,14,14,1,0,218.0150318054723,47,Desktop,Basic,1
1673,60,Female,USA,50.849830935486516,40,7,2,0,312.9569604759729,55,Mobile,Basic,1
1674,47,Female,Ghana,31.260701996303386,6,12,5,2,-5.176624411991327,12,Mobile,Premium,0
1675,56,Female,Germany,29.26689806744007,1,3,8,3,187.29527005047944,50,Mobile,Premium,0
1676,48,Female,Ghana,27.182390828326,33,14,9,3,160.02345212111695,5,Mobile,Basic,0
1677,35,Male,USA,19.362428154609987,40,19,9,2,131.39641287178534,27,Desktop,Premium,0
1678,53,Male,USA,38.42253496404838,11,11,7,2,77.70808278442458,15,Mobile,Basic,0
1679,19,Female,USA,29.31138755793736,24,5,5,1,182.47304014306218,26,Mobile,Premium,0
1680,31,Male,USA,28.502901779759956,10,13,4,4,255.48049579512588,9,Mobile,Premium,0
1681,30,Female,UK,36.873434380801655,44,10,2,4,188.24966631237854,40,Desktop,Basic,0
1682,46,Male,Ghana,37.794830508720324,23,7,3,0,263.9126279034216,40,Desktop,Premium,1
1683,29,Female,Canada,23.991567313351844,16,17,6,3,205.71962739660225,35,Desktop,Basic,0
1684,56,Male,Germany,24.23035675019562,37,16,6,0,293.29360838657203,13,Mobile,Premium,0
1685,19,Male,USA,23.786443595140483,16,8,2,3,159.77625661288903,45,Desktop,Premium,0
1686,49,Female,Ghana,51.13514302797945,44,17,3,3,50.18628431826602,44,Desktop,Basic,0
1687,30,Female,USA,44.771459866634984,31,13,2,1,73.57188416515373,47,Mobile,Basic,0
1688,63,Male,USA,37.07040422541269,6,11,1,2,160.1794349585919,46,Mobile,Basic,0
1689,44,Male,USA,26.245887618393557,30,18,5,2,129.5880778677286,33,Desktop,Basic,0
1690,58,Female,USA,27.430709676818832,37,5,6,2,152.759921522891,34,Desktop,Premium,0
1691,34,Male,USA,33.634373230764105,1,6,3,4,291.09552862562697,55,Mobile,Basic,0
1692,57,Female,Germany,52.091302332171125,42,14,4,2,79.9122263970372,4,Desktop,Basic,0
1693,48,Female,Ghana,32.88877159139263,25,12,7,4,320.6508599017724,13,Mobile,Basic,0
1694,51,Male,USA,35.08825576467925,46,4,8,0,135.53764360333568,10,Mobile,Basic,0
1695,41,Female,USA,4.510189334528647,21,7,6,4,100.47919877311095,53,Mobile,Premium,0
1696,62,Male,USA,32.5757892729671,35,11,9,3,188.93037278387413,45,Mobile,Basic,0
1697,52,Male,USA,16.061385332443887,38,2,0,1,319.9214119433725,1,Desktop,Basic,0
1698,23,Female,UK,25.13005082758392,5,4,2,1,143.01655221639726,11,Mobile,Premium,0
1699,36,Male,UK,30.468859217398574,49,7,4,3,151.92234820587944,50,Mobile,Premium,0
1700,47,Female,Canada,26.978982910725925,12,1,2,0,157.2678514093144,9,Desktop,Basic,0
1701,24,Female,USA,23.64040079299975,5,15,0,1,292.0024918832005,38,Desktop,Premium,0
1702,27,Female,Canada,23.72953093667722,9,8,1,3,164.30617279035837,23,Desktop,Premium,0
1703,58,Male,Germany,27.889517348417442,44,5,7,1,235.69785220626324,13,Mobile,Basic,0
1704,49,Female,Canada,27.452915815284022,9,14,6,4,209.6470608134583,5,Mobile,Basic,0
1705,51,Male,Ghana,30.202725679867164,35,18,9,1,191.2002312925863,25,Mobile,Basic,0
1706,45,Female,UK,29.455216821563422,1,3,2,4,160.10684133101614,10,Desktop,Basic,0
1707,32,Female,UK,42.78875957253085,47,2,3,4,357.51853686393315,5,Desktop,Basic,0
1708,47,Female,USA,9.50399356061147,10,16,2,1,423.3647899827459,22,Mobile,Premium,0
1709,54,Male,USA,32.44973190250422,46,14,3,1,129.32306439339436,42,Mobile,Basic,0
1710,46,Male,Germany,30.710096102484805,39,16,7,4,114.28664960307773,25,Mobile,Premium,0
1711,39,Female,Germany,28.658096518408044,36,11,8,1,203.26229326280358,37,Desktop,Premium,0
1712,21,Female,Ghana,22.941895747691046,37,17,6,0,18.15928664860988,20,Desktop,Premium,0
1713,37,Male,USA,28.50291515321477,48,3,8,2,203.86393551483056,28,Mobile,Basic,0
1714,49,Male,USA,13.664924419004308,35,5,8,2,360.5748973588753,21,Desktop,Premium,0
1715,53,Male,Germany,32.06717892200417,17,3,6,3,152.08784514844658,11,Desktop,Basic,0
1716,21,Female,Germany,33.88059168420896,13,15,6,2,286.4372928056988,29,Desktop,Basic,0
1717,44,Male,Germany,22.959315069835704,6,5,7,0,317.54757907844237,5,Desktop,Basic,0
1718,34,Female,UK,49.40691042118414,37,3,9,2,131.07306823094393,37,Mobile,Premium,0
1719,29,Male,Canada,28.795556282515086,48,6,2,2,214.26283402348867,49,Mobile,Premium,0
1720,39,Female,Canada,30.44072823293391,32,14,7,0,228.32614430250956,53,Desktop,Premium,1
1721,34,Female,USA,43.35781664550156,11,2,0,4,258.3107544635841,5,Desktop,Basic,0
1722,27,Female,UK,51.42123469868223,17,18,5,2,264.14262256580736,33,Mobile,Premium,0
1723,18,Male,Germany,18.766605860708232,5,6,1,3,289.7999837487545,45,Desktop,Premium,0
1724,39,Male,USA,24.22837521126659,6,5,6,2,137.43007368092648,36,Desktop,Basic,0
1725,43,Male,UK,28.973228310071022,10,14,2,2,213.9218217299481,8,Mobile,Basic,0
1726,35,Female,Ghana,22.57127310356378,33,17,9,0,318.5930920752576,52,Desktop,Basic,1
1727,31,Female,UK,38.461125213505056,30,11,4,0,327.23965927803,55,Mobile,Premium,1
1728,64,Male,USA,21.470171639488328,21,1,9,3,218.00722633366607,6,Desktop,Basic,0
1729,46,Female,Canada,42.66603163546634,42,10,1,1,157.47023243289294,15,Desktop,Premium,0
1730,29,Female,Germany,36.23647249307473,17,9,0,0,282.81862037636364,15,Desktop,Basic,0
1731,53,Female,Ghana,41.640431861839836,27,12,4,1,242.8975140146547,53,Desktop,Premium,0
1732,52,Male,UK,21.514960668216467,3,1,8,3,241.1709059253352,48,Desktop,Premium,0
1733,29,Female,USA,26.165055840804513,29,18,8,2,262.0617919680746,9,Desktop,Premium,0
1734,24,Male,USA,38.979855477840715,2,12,6,2,123.94292474603948,56,Desktop,Premium,0
1735,46,Male,Germany,37.16593189500581,29,2,8,1,267.7704922818515,5,Desktop,Basic,0
1736,28,Male,USA,27.131412390469926,49,1,3,3,212.36214227613533,26,Mobile,Premium,0
1737,50,Male,USA,28.554675356470888,36,1,2,3,291.3198268107169,23,Mobile,Premium,0
1738,23,Male,Germany,25.65652052180145,34,1,3,0,201.6374544006964,16,Mobile,Basic,0
1739,64,Female,Ghana,28.285559755229727,37,12,6,1,246.67327876829467,59,Mobile,Basic,0
1740,32,Male,Canada,20.346594604732815,42,7,7,0,236.58748913747667,57,Desktop,Basic,1
1741,49,Male,Canada,18.667825467383395,1,4,1,1,156.32438295484715,39,Mobile,Premium,0
1742,28,Male,UK,40.054305156134234,26,4,4,0,127.86119735594728,35,Mobile,Premium,1
1743,40,Female,Ghana,27.94595569916678,1,15,4,0,264.53361259679156,10,Desktop,Basic,0
1744,43,Female,UK,41.513277408807014,4,1,8,3,131.4506704213896,27,Desktop,Basic,0
1745,51,Female,Canada,35.959848017194126,39,6,2,3,173.11441126230557,16,Desktop,Basic,0
1746,63,Female,Germany,33.12010512606716,14,14,5,2,170.69596280858974,21,Desktop,Premium,0
1747,51,Male,USA,22.897782595948833,46,14,9,2,229.36936355378953,12,Desktop,Premium,0
1748,46,Male,Canada,17.89220226001996,18,10,4,3,254.05981206764687,9,Mobile,Basic,0
1749,21,Female,Ghana,25.430912812728536,34,7,1,3,75.47238757511822,16,Desktop,Premium,0
1750,34,Female,Canada,45.31917407423551,1,12,1,0,141.98848556141255,9,Desktop,Premium,0
1751,52,Female,Ghana,38.88956862867167,22,19,3,2,138.2233069625928,56,Desktop,Basic,0
1752,30,Female,Ghana,24.495860128352696,16,9,3,3,181.7574626967679,29,Mobile,Premium,0
1753,58,Male,Ghana,25.544397692624585,22,3,6,1,40.62121667723059,54,Desktop,Premium,0
1754,56,Female,UK,20.709105194095116,16,4,0,1,290.7039935756349,23,Desktop,Basic,0
1755,32,Female,Germany,14.529143874658029,28,13,5,2,204.83178767287777,39,Mobile,Basic,0
1756,46,Female,Canada,31.01600013304527,28,10,8,1,189.25672544161284,43,Mobile,Basic,0
1757,46,Female,Germany,47.25077409716394,22,14,1,0,260.3978659576635,49,Desktop,Basic,1
1758,28,Female,USA,47.37632700108883,6,6,4,2,241.40267566100047,24,Mobile,Basic,0
1759,49,Female,Canada,36.07903959778603,25,8,9,3,240.53917541660442,22,Mobile,Premium,0
1760,19,Female,Germany,23.97327559550874,42,19,9,1,198.74925604353294,55,Desktop,Premium,0
1761,64,Male,Germany,15.505197909361257,2,10,3,0,208.37679609760517,31,Mobile,Premium,1
1762,31,Male,USA,40.470621856427115,7,5,3,3,267.54471554336106,10,Mobile,Basic,0
1763,37,Male,Ghana,34.47216801557102,17,5,7,4,242.56387069147172,47,Desktop,Basic,0
1764,39,Male,Canada,26.837718266894772,35,5,5,0,338.26206661028436,42,Mobile,Premium,1
1765,28,Male,Canada,25.16707897687727,20,9,6,1,211.2110242888031,27,Mobile,Premium,0
1766,44,Male,USA,36.004365776258425,44,9,8,0,252.0556872712985,34,Desktop,Basic,1
1767,20,Female,Ghana,21.733784821528527,2,15,2,4,190.16092339697988,48,Desktop,Basic,0
1768,34,Female,Canada,32.392321669000424,7,9,1,4,225.8968121440361,39,Mobile,Premium,0
1769,61,Male,Canada,17.801782532391567,32,14,2,0,230.06431953843423,24,Mobile,Premium,0
1770,45,Female,Canada,52.28511586438228,49,6,7,3,164.48816101596006,21,Mobile,Premium,0
1771,46,Male,Ghana,23.129526143917047,19,8,8,3,148.28522857798296,15,Mobile,Basic,0
1772,38,Female,USA,36.48398956274466,12,2,9,4,251.29288983101216,17,Mobile,Premium,0
1773,64,Female,Canada,18.019783536650465,9,5,4,2,236.35267362830228,54,Desktop,Premium,0
1774,33,Female,Germany,28.367468409006165,27,17,7,2,317.4061455643054,45,Mobile,Basic,0
1775,54,Female,Ghana,38.84618556763421,14,10,6,3,200.36339038239888,19,Mobile,Premium,0
1776,37,Female,UK,41.009553806240085,2,14,8,2,120.44460629382718,53,Desktop,Basic,0
1777,23,Female,USA,37.632882631029176,21,18,3,3,200.9220460881485,25,Desktop,Premium,0
1778,36,Male,Germany,28.617556706769395,4,1,9,1,261.56040410357195,55,Mobile,Basic,0
1779,22,Male,Canada,23.34049003894473,21,2,2,3,30.27861365681406,40,Mobile,Basic,0
1780,20,Female,UK,19.223228814808607,48,4,8,1,199.50616205760141,22,Desktop,Basic,0
1781,18,Male,USA,45.03798587771126,22,13,7,4,253.31062847020462,41,Mobile,Basic,0
1782,55,Female,Ghana,31.03371239988626,49,16,6,2,218.78154941541337,51,Desktop,Basic,0
1783,32,Male,UK,32.88239227088565,2,5,0,4,171.33289760677474,49,Desktop,Premium,0
1784,51,Female,UK,41.653698537661086,17,10,1,0,103.7848344638088,42,Desktop,Basic,1
1785,52,Male,Germany,35.867312835550365,19,17,8,0,199.04658518899058,14,Desktop,Premium,0
1786,42,Female,USA,28.725827469023674,40,11,4,4,102.0559828604417,28,Mobile,Basic,0
1787,41,Male,Germany,37.44403448380513,24,5,0,3,253.84749793594267,12,Desktop,Premium,0
1788,29,Female,Germany,23.774536514882794,20,15,8,3,204.90005977234912,27,Mobile,Premium,0
1789,35,Male,Canada,14.488585225183382,38,4,0,2,319.59832108432926,52,Desktop,Premium,0
1790,32,Female,Ghana,44.1184224201785,12,7,7,4,43.73402153158506,24,Mobile,Basic,0
1791,61,Female,UK,24.60796520266221,25,10,4,0,172.80251961127163,22,Mobile,Premium,0
1792,33,Female,USA,26.95710037282649,23,4,5,4,258.6700149090627,39,Desktop,Premium,0
1793,44,Male,Ghana,27.839165748738104,34,5,0,4,291.4129826332594,41,Mobile,Basic,0
1794,25,Male,Ghana,23.977946402823896,32,5,1,2,261.9098003930184,50,Mobile,Premium,0
1795,63,Male,USA,41.013338615085985,24,11,6,3,123.75377693603751,39,Mobile,Premium,0
1796,42,Female,Ghana,33.74456193541961,42,19,1,0,161.5038203554238,36,Desktop,Basic,1
1797,34,Male,Canada,26.962131002025338,25,5,4,2,21.139202884218435,23,Mobile,Basic,0
1798,46,Female,Ghana,17.243311189650555,3,8,8,0,203.63414295694224,8,Mobile,Basic,0
1799,25,Male,Canada,33.03797815360754,25,7,4,0,293.0625047260018,28,Desktop,Basic,0
1800,32,Male,UK,5.4939032242197,28,8,2,3,200.5620697074376,50,Desktop,Premium,0
1801,44,Male,UK,32.327460285694464,12,13,5,3,246.13504174252472,29,Mobile,Premium,0
1802,63,Male,Germany,43.431804448553976,26,5,6,2,244.00373074536526,15,Desktop,Basic,0
1803,24,Female,Canada,30.645584095490538,48,18,9,1,174.65148694863447,39,Desktop,Premium,0
1804,20,Male,UK,42.0632730372603,44,9,9,2,5.451844803206541,8,Desktop,Premium,0
1805,46,Male,Ghana,17.708224277622463,8,2,7,2,307.27196815751137,28,Mobile,Basic,0
1806,61,Female,USA,50.38541395288826,5,16,2,1,234.56001844222808,33,Desktop,Premium,0
1807,41,Female,USA,40.972854385416824,11,14,3,0,99.94141692791679,11,Desktop,Premium,0
1808,20,Male,Canada,34.759658621782236,42,17,9,4,229.67023227645367,42,Desktop,Basic,0
1809,37,Male,Germany,24.01605545109736,35,6,3,1,216.0049466453004,37,Mobile,Premium,0
1810,63,Female,Ghana,22.354778965054507,27,3,1,4,304.88706753218594,25,Desktop,Basic,0
1811,32,Female,Canada,29.29092571604621,41,17,6,0,237.76632644610646,34,Mobile,Premium,1
1812,42,Female,USA,42.02778229325564,44,13,3,1,238.0528449134598,22,Desktop,Premium,0
1813,47,Male,Canada,16.844791691283234,38,6,3,3,215.94630845558504,2,Mobile,Basic,0
1814,31,Male,Ghana,30.10410509941698,19,8,7,2,138.42222153024915,51,Desktop,Premium,0
1815,24,Male,UK,37.34220271663784,48,6,5,1,253.81961554294952,16,Desktop,Basic,0
1816,34,Female,Ghana,39.29348817267554,32,16,5,1,197.9665372303401,11,Mobile,Basic,0
1817,61,Female,UK,37.31236501061699,46,6,8,0,123.77709158132176,14,Mobile,Basic,0
1818,37,Female,UK,15.824064741312878,28,17,3,3,147.2768782978629,32,Desktop,Premium,0
1819,53,Male,UK,41.317778845209524,36,3,8,1,109.10743926026426,22,Desktop,Premium,0
1820,26,Female,Canada,30.671936560956972,18,12,0,3,284.7745547043613,5,Desktop,Basic,0
1821,55,Male,USA,19.144048440270495,10,6,8,4,358.3028873933106,36,Mobile,Basic,0
1822,39,Female,Canada,29.758317926596135,32,7,0,1,292.4129358581607,23,Desktop,Basic,0
1823,19,Male,USA,10.413348566877104,18,11,6,3,230.09842169983548,19,Desktop,Premium,0
1824,41,Male,Ghana,35.78298023010269,12,9,5,2,194.76371037766233,29,Desktop,Basic,0
1825,25,Female,Germany,28.722905334619497,8,16,6,0,176.72519509209485,42,Mobile,Premium,1
1826,28,Male,Ghana,17.29884343754169,33,5,8,3,121.09632313043966,23,Desktop,Basic,0
1827,30,Female,Canada,27.099233936574457,46,15,9,0,355.7431060793076,9,Mobile,Premium,0
1828,34,Male,Canada,22.925347809565235,38,4,3,1,117.27813525406964,18,Mobile,Premium,0
1829,25,Female,USA,23.564161810507915,14,5,8,1,132.04239886316037,31,Desktop,Premium,0
1830,38,Female,Canada,7.389670839401656,2,7,2,4,184.35988192540052,37,Mobile,Premium,0
1831,35,Male,UK,13.278365799653308,9,3,9,0,190.96641822602624,17,Mobile,Premium,0
1832,47,Female,Canada,27.703010086429188,44,4,8,2,248.16314639567452,55,Desktop,Premium,0
1833,35,Male,USA,25.982494049886395,5,15,0,2,146.12570945015307,18,Desktop,Basic,0
1834,63,Female,USA,39.73978161813727,34,2,4,3,40.91255141789301,27,Desktop,Basic,0
1835,64,Female,UK,23.682170213295215,19,5,9,2,181.48609313827146,21,Mobile,Basic,0
1836,48,Female,USA,24.730186803487307,7,7,4,0,186.87542334323956,1,Mobile,Premium,0
1837,55,Female,Germany,25.1976008417336,39,17,0,1,180.3780264987666,32,Mobile,Premium,0
1838,49,Male,Ghana,28.029702742009054,42,8,0,0,179.31398343433435,14,Desktop,Premium,0
1839,28,Female,Canada,30.914640670239674,17,9,2,0,171.950079155862,59,Mobile,Basic,1
1840,62,Female,Germany,25.936723891687404,26,10,8,1,94.04974247196077,46,Desktop,Premium,0
1841,42,Male,Canada,35.71221487459575,46,11,6,0,316.97600672371664,14,Desktop,Basic,0
1842,50,Male,Germany,53.00220973628592,27,1,5,2,312.44848195658653,33,Mobile,Basic,0
1843,55,Male,Canada,21.74556105155765,43,15,8,3,311.63404049600524,36,Mobile,Basic,0
1844,58,Male,UK,33.91830010172796,28,8,3,3,105.15559062894238,55,Mobile,Premium,0
1845,25,Male,USA,30.295262462813234,20,19,3,0,232.3046820558793,39,Desktop,Basic,1
1846,28,Male,USA,40.470345324467516,6,12,2,1,166.17234412937876,56,Mobile,Basic,0
1847,39,Female,UK,32.02999902905799,8,6,4,4,161.82351822523376,12,Desktop,Premium,0
1848,41,Male,Germany,22.73548809624642,32,10,4,0,125.70846756278601,45,Mobile,Basic,1
1849,58,Female,Ghana,18.349462526483258,19,5,9,0,405.24497761634836,25,Desktop,Basic,0
1850,34,Male,Germany,36.10489604092196,32,7,6,4,180.1008507641797,15,Mobile,Basic,0
1851,29,Female,USA,19.16198004729782,19,7,6,3,126.2404878272042,20,Mobile,Premium,0
1852,63,Female,Ghana,41.83740486168101,24,9,5,3,211.05418118496482,34,Desktop,Premium,0
1853,49,Female,Canada,35.53192687724189,24,15,3,4,261.0508673320582,58,Mobile,Premium,0
1854,32,Male,Ghana,30.867091501451018,17,6,6,1,188.69320593613588,14,Mobile,Premium,0
1855,33,Male,Germany,16.877449672405263,18,16,1,0,219.54061339803442,30,Desktop,Basic,0
1856,39,Male,UK,36.75323143112738,12,7,8,2,280.1501107418444,44,Mobile,Premium,0
1857,45,Male,Canada,46.167660748137074,41,15,6,3,123.63230594405852,13,Mobile,Premium,0
1858,37,Female,Germany,25.74905191931456,23,2,1,3,214.22330174169323,14,Desktop,Basic,0
1859,50,Male,Canada,22.580926626727695,48,8,9,3,148.8783822669953,29,Mobile,Basic,0
1860,27,Female,Ghana,29.07974207671774,18,12,1,1,138.05301684518756,26,Mobile,Premium,0
1861,57,Female,USA,34.66942271931881,16,11,5,4,340.15787123719406,3,Desktop,Basic,0
1862,49,Male,Germany,24.68780787000271,16,6,6,1,192.84885104484138,25,Mobile,Basic,0
1863,50,Male,UK,38.991981459900074,36,13,8,3,115.04614666905242,27,Mobile,Premium,0
1864,19,Male,Ghana,49.10717974270364,23,16,3,0,191.07733412957168,45,Desktop,Premium,1
1865,50,Female,Germany,33.30245883517934,22,8,7,3,103.24124116082817,40,Mobile,Basic,0
1866,50,Male,UK,26.75013896981674,39,17,9,0,182.60490268293165,16,Mobile,Basic,0
1867,58,Female,Germany,34.400037748489126,33,13,1,0,145.7212943217707,38,Mobile,Premium,1
1868,30,Male,Ghana,41.77299563001106,24,4,5,3,240.87552729803804,11,Desktop,Premium,0
1869,47,Female,Germany,31.596366285520165,20,10,3,3,354.9661389585725,29,Mobile,Premium,0
1870,50,Male,Canada,34.850950311032015,33,16,7,0,186.00594701682752,47,Mobile,Basic,1
1871,30,Male,Ghana,37.047661887422926,31,17,8,1,148.72688412846446,51,Desktop,Basic,0
1872,43,Female,Germany,21.245541441459032,40,8,1,1,207.28035164342006,58,Desktop,Basic,0
1873,39,Male,USA,34.59121341409609,8,11,6,1,319.3038110073202,24,Mobile,Premium,0
1874,56,Male,Germany,16.580511958242006,10,5,6,2,241.30648520795745,29,Mobile,Premium,0
1875,19,Male,Canada,23.415688619028998,1,16,7,0,188.71612430527102,34,Desktop,Premium,1
1876,55,Male,UK,41.456624012862946,21,8,4,2,34.68845946208927,11,Desktop,Premium,0
1877,56,Male,UK,38.71035235310766,25,16,2,2,195.8139241801043,20,Desktop,Premium,0
1878,43,Male,UK,27.298199897675907,32,4,0,0,262.1238837542933,20,Mobile,Basic,0
1879,63,Male,USA,47.057934334457315,46,6,3,2,276.60177027300466,9,Desktop,Basic,0
1880,32,Female,Canada,16.898099195999073,46,8,2,0,304.867342442641,56,Mobile,Basic,1
1881,51,Female,Ghana,27.94912307043066,10,9,1,4,146.0405035201557,23,Mobile,Basic,0
1882,59,Male,UK,32.75104289312429,48,13,5,4,167.75619409570652,36,Mobile,Basic,0
1883,61,Male,Canada,1.9175277428097033,9,17,6,0,190.3833477273363,55,Desktop,Basic,1
1884,57,Male,Germany,28.423374255239043,20,9,9,0,256.7701713629486,49,Desktop,Premium,1
1885,28,Female,USA,18.755017667716878,48,13,6,0,178.94938346578334,27,Desktop,Premium,0
1886,20,Female,Canada,18.982629371348864,20,9,7,1,241.9865395771478,24,Desktop,Premium,0
1887,23,Male,Canada,27.27770115630142,40,6,1,0,169.25050602973656,40,Mobile,Premium,1
1888,26,Female,Ghana,11.743416296989693,7,10,9,3,143.53269523666438,25,Mobile,Basic,0
1889,23,Male,Canada,21.920402164404575,11,5,5,4,288.77827803476293,25,Desktop,Basic,0
1890,26,Male,Ghana,11.97717643994774,21,7,5,4,224.98886981000425,48,Mobile,Basic,0
1891,56,Male,USA,31.237870467783033,38,11,9,0,259.73144620133263,33,Desktop,Premium,1
1892,48,Male,USA,31.043472318011816,47,9,0,4,183.4965363208106,31,Mobile,Premium,0
1893,49,Female,Germany,26.514520285406157,19,10,1,0,264.3301578763128,10,Mobile,Premium,0
1894,58,Female,Ghana,39.96445163860001,46,11,8,0,114.98639273304909,39,Desktop,Basic,1
1895,29,Male,Ghana,27.038374149059347,15,3,7,4,127.72551244325209,15,Mobile,Basic,0
1896,25,Female,UK,29.76919494262722,6,8,3,4,275.36843762952486,1,Mobile,Premium,0
1897,25,Female,UK,20.939992469193857,10,17,5,3,194.3807959217532,54,Mobile,Premium,0
1898,45,Male,Germany,6.967255124079269,46,7,1,2,180.2760436055783,16,Desktop,Premium,0
1899,37,Female,USA,28.54660287356577,16,12,4,3,126.43726524097633,21,Mobile,Premium,0
1900,64,Male,UK,27.240517396457378,45,16,1,3,264.35764663833015,59,Mobile,Premium,0
1901,24,Male,Canada,47.09908681407707,11,15,4,4,349.2319361354173,2,Mobile,Premium,0
1902,28,Male,USA,36.67446023983219,35,13,6,3,248.60964388468963,3,Desktop,Basic,0
1903,37,Male,Canada,25.86878880523699,8,18,6,4,164.06937485875466,15,Mobile,Premium,0
1904,33,Female,Ghana,31.416630247392757,28,18,8,1,310.94349126612076,32,Desktop,Basic,0
1905,21,Male,USA,39.07017963669654,3,5,2,0,228.75147363742352,56,Desktop,Basic,1
1906,23,Female,Germany,35.16755026989866,2,14,3,2,165.36089948901486,50,Mobile,Premium,0
1907,39,Male,Ghana,46.689058343307835,14,11,8,1,302.0545796020035,47,Mobile,Basic,0
1908,43,Male,Ghana,22.106035807797824,29,3,7,0,185.56721158490225,27,Mobile,Premium,0
1909,20,Female,Canada,39.75034206953751,47,17,6,0,84.58536895418753,36,Mobile,Premium,1
1910,58,Male,Ghana,25.771276646658954,3,12,7,2,174.59064692997362,35,Mobile,Premium,0
1911,59,Female,UK,31.93616494766987,1,3,8,3,242.56659141325113,39,Mobile,Premium,0
1912,31,Female,USA,24.42323005226828,15,2,3,0,142.58734755499012,24,Desktop,Basic,0
1913,28,Male,UK,28.57991826986273,20,4,4,2,50.213653853252765,52,Mobile,Basic,0
1914,35,Male,Canada,32.115620602789555,22,18,8,4,317.58604951396325,54,Mobile,Premium,0
1915,29,Male,Canada,35.93253564277809,34,14,6,0,439.51240543477326,51,Desktop,Basic,1
1916,40,Male,USA,30.613571413773244,33,8,3,0,161.9623743184652,55,Mobile,Premium,1
1917,29,Male,Ghana,5.138503215297639,9,2,5,3,149.61396803765342,8,Mobile,Premium,0
1918,30,Male,Germany,29.23051241700439,3,19,0,3,92.23265922349198,7,Desktop,Premium,0
1919,42,Female,Canada,44.70400762320152,2,10,0,4,134.3046871446553,4,Desktop,Premium,0
1920,62,Female,USA,29.15128203530622,4,5,8,0,77.77322172321686,30,Mobile,Premium,0
1921,36,Male,Germany,44.984818401267134,16,11,7,3,95.60209352918106,10,Desktop,Basic,0
1922,63,Female,Ghana,28.79803255733045,33,9,0,2,200.17968856250025,25,Desktop,Basic,0
1923,53,Female,Canada,14.280185792003879,9,16,1,0,73.67752875551315,42,Desktop,Basic,1
1924,62,Male,USA,25.67045153935241,40,5,3,2,82.52587188792594,47,Desktop,Premium,0
1925,25,Male,USA,24.415663145830145,38,15,0,1,216.56164075126634,32,Mobile,Premium,0
1926,46,Female,USA,27.70466937665178,18,14,1,4,150.6025061602031,56,Desktop,Basic,0
1927,49,Male,Canada,18.14681557597742,16,9,4,3,228.53387536415426,54,Mobile,Basic,0
1928,61,Female,Germany,29.91178533096846,8,5,7,1,172.6395526748273,32,Mobile,Premium,0
1929,35,Male,USA,26.71740159333162,23,15,5,3,185.15532772271627,50,Desktop,Premium,0
1930,23,Female,Ghana,42.878618573785914,36,9,5,1,262.4085052079266,32,Mobile,Premium,0
1931,35,Female,USA,17.897628780883252,3,4,3,3,156.1047672160067,10,Desktop,Premium,0
1932,36,Female,Germany,32.45668686634648,15,4,1,4,256.776082906876,55,Desktop,Basic,0
1933,39,Female,Canada,34.11028122617442,38,7,2,0,166.41218279416097,9,Desktop,Basic,0
1934,54,Male,USA,37.74980889007615,33,15,5,2,134.34065090390294,25,Desktop,Premium,0
1935,49,Male,USA,26.364121231815712,18,17,5,1,114.0784972012749,25,Mobile,Basic,0
1936,58,Female,Ghana,32.20800994592536,23,18,4,2,67.46608281969452,41,Mobile,Basic,0
1937,20,Female,Ghana,33.53278125446282,43,7,5,2,100.76619860285986,54,Desktop,Premium,0
1938,45,Male,USA,13.516361995056524,3,19,5,3,58.120651692910485,16,Desktop,Basic,0
1939,27,Male,USA,26.722994085445343,30,10,0,0,120.43923078610577,49,Mobile,Premium,1
1940,52,Female,Ghana,29.673349361330107,45,13,5,3,265.680468794604,16,Mobile,Basic,0
1941,46,Female,Germany,30.84578220117456,17,2,4,2,199.33486300256013,30,Desktop,Premium,0
1942,32,Female,UK,30.723389922954738,32,11,7,4,168.9699329336331,38,Desktop,Premium,0
1943,50,Female,UK,34.37521292307965,46,5,8,0,144.6968205272743,5,Desktop,Basic,0
1944,24,Female,USA,49.376049269941625,7,6,5,0,193.49981579999277,7,Mobile,Premium,0
1945,29,Male,Ghana,24.04571426255014,39,3,9,2,202.41668872624766,13,Desktop,Premium,0
1946,47,Female,Canada,33.81171772553241,14,1,3,3,110.79554287510419,8,Desktop,Premium,0
1947,38,Male,Canada,43.01303185999378,15,3,2,4,237.0846656663651,33,Mobile,Premium,0
1948,48,Male,UK,12.013613800387233,44,3,9,1,173.94935428588943,10,Desktop,Basic,0
1949,41,Male,Germany,32.6813107976411,12,4,0,3,223.7451381532052,52,Desktop,Premium,0
1950,37,Female,UK,13.19620693508287,8,7,6,0,197.43891399229202,20,Mobile,Basic,0
1951,54,Male,USA,51.85577740462536,16,15,4,3,86.52765423379124,32,Mobile,Basic,0
1952,21,Male,Germany,35.22050734297881,41,11,3,1,304.06796318380884,29,Mobile,Basic,0
1953,45,Male,Canada,33.8709065780436,34,18,8,4,199.08357626226547,1,Mobile,Premium,0
1954,61,Male,Ghana,11.266259709294978,46,12,6,4,170.5842042175602,27,Desktop,Basic,0
1955,37,Female,Ghana,24.95508180543807,24,4,9,1,246.60447681104745,20,Mobile,Premium,0
1956,41,Female,USA,25.002039414252273,29,11,7,1,107.41373847470754,55,Mobile,Premium,0
1957,49,Male,UK,47.66455553918789,16,6,3,2,74.05703754797878,14,Desktop,Premium,0
1958,58,Male,USA,37.29201236855766,5,19,9,0,244.527039976218,15,Mobile,Basic,0
1959,53,Female,Ghana,13.47073302583777,5,18,9,2,291.7253469042431,6,Mobile,Premium,0
1960,51,Female,Canada,34.69502252351967,30,15,7,3,222.9132483568671,52,Mobile,Basic,0
1961,53,Female,Ghana,14.97095716427765,5,3,3,1,264.46270641798947,2,Desktop,Premium,0
1962,19,Male,Germany,13.706667923557085,43,17,0,2,98.70645083946202,29,Mobile,Premium,0
1963,32,Female,Ghana,34.534220836935766,13,1,7,0,171.25807093087457,39,Desktop,Basic,1
1964,51,Male,Ghana,37.44769130986442,35,2,0,0,147.35648609972606,56,Mobile,Premium,1
1965,53,Male,Germany,34.587535900322365,49,19,2,1,282.20774287590075,57,Desktop,Premium,0
1966,23,Female,UK,48.795825820813164,25,9,6,2,239.52538691837253,57,Desktop,Basic,0
1967,56,Male,Ghana,33.68752536327712,14,8,2,4,282.492494412955,32,Mobile,Basic,0
1968,59,Female,USA,31.7009420877307,44,12,7,1,150.5700978862307,52,Desktop,Basic,0
1969,29,Male,Ghana,17.8399056165825,46,15,4,3,109.48169888999513,51,Mobile,Basic,0
1970,20,Female,USA,38.576136786527485,26,7,2,2,306.32629391912155,5,Mobile,Basic,0
1971,62,Male,Germany,13.485557496358098,18,16,4,2,202.08882823641488,22,Desktop,Premium,0
1972,35,Male,Ghana,50.20369073817916,20,7,4,1,285.19047849937107,28,Desktop,Premium,0
1973,57,Female,Germany,38.7079794225988,34,12,7,2,194.80440732976183,32,Desktop,Basic,0
1974,38,Female,Germany,57.89797353294396,7,17,8,2,376.3081677689763,29,Desktop,Basic,0
1975,32,Female,UK,33.893281085746054,47,11,5,3,294.23971959675845,40,Desktop,Premium,0
1976,50,Female,Ghana,39.20166061090669,10,4,9,3,187.1955661378879,3,Desktop,Basic,0
1977,52,Male,USA,27.228288900173283,15,19,2,4,201.64231214122168,31,Desktop,Premium,0
1978,43,Female,USA,29.567204121118664,17,2,1,3,201.91900209404238,13,Desktop,Basic,0
1979,25,Female,Ghana,19.484660911766944,11,2,2,4,109.11524889834797,6,Mobile,Premium,0
1980,53,Male,UK,15.522913514323307,34,17,8,3,161.44440642403865,21,Mobile,Premium,0
1981,47,Female,UK,31.894978069133202,27,9,6,4,155.36184884641568,55,Desktop,Basic,0
1982,40,Female,UK,29.508174938261682,21,1,8,3,218.60106851088548,14,Desktop,Basic,0
1983,59,Male,USA,19.24026283901508,31,10,5,3,134.7889374424032,25,Mobile,Premium,0
1984,61,Female,Germany,21.012682576783533,4,15,7,1,187.99425006493675,7,Desktop,Premium,0
1985,31,Female,UK,30.324699907079758,41,15,9,3,170.70641507869772,43,Desktop,Basic,0
1986,31,Female,USA,19.06878250218417,49,2,8,4,206.066362622863,22,Desktop,Basic,0
1987,19,Female,USA,33.56645079475141,17,14,2,1,317.44850144529585,32,Mobile,Premium,0
1988,54,Female,Germany,19.379108328797596,49,4,6,4,287.6349026143223,41,Mobile,Premium,0
1989,22,Female,Ghana,32.55854479926148,48,18,8,3,95.16007872540354,32,Mobile,Premium,0
1990,55,Male,Ghana,18.492878879398866,20,9,1,3,195.85291488164987,42,Mobile,Basic,0
1991,62,Female,UK,18.534844231747602,25,2,6,4,175.77054443425703,52,Desktop,Basic,0
1992,58,Male,UK,6.377688401598078,40,2,4,2,148.27202979685694,30,Desktop,Basic,0
1993,64,Male,Germany,28.397210100158897,23,18,7,1,372.24171111742936,17,Mobile,Basic,0
1994,31,Male,UK,44.54064767303491,15,17,3,1,157.85857554527348,40,Mobile,Basic,0
1995,56,Male,Germany,43.97330813916266,33,9,0,3,163.40504974412235,54,Mobile,Premium,0
1996,42,Female,USA,33.24067503460914,19,8,9,1,340.351148821827,38,Desktop,Premium,0
1997,37,Female,UK,9.98985517606457,15,2,7,4,277.52288265406594,21,Mobile,Basic,0
1998,19,Female,USA,38.438751932339244,41,2,5,3,164.53613790716864,26,Mobile,Premium,0
1999,56,Male,Canada,32.256662735209474,5,5,7,1,260.8483606127229,43,Desktop,Premium,0
2000,23,Female,Germany,25.934968403086607,16,12,2,0,180.84519173960084,3,Desktop,Premium,0
2001,34,Female,Canada,42.07366127913661,45,16,7,1,186.17468970933237,38,Mobile,Premium,0
2002,42,Female,UK,36.15444686808514,48,14,7,4,135.56937197620982,17,Mobile,Premium,0
2003,45,Male,USA,49.61549042785889,32,2,0,1,5.355748119471315,39,Desktop,Basic,0
2004,19,Male,UK,15.943611660519657,22,8,3,2,86.01013435948632,6,Desktop,Premium,0
2005,52,Female,Canada,16.7256969276535,43,4,6,2,111.63155159871229,21,Mobile,Basic,0
2006,54,Male,UK,18.410205492675413,32,9,0,3,233.52030190931583,45,Desktop,Basic,0
2007,22,Male,Ghana,27.14978489308756,13,19,2,2,212.275064349531,46,Mobile,Premium,0
2008,18,Female,Canada,45.8817225479641,38,2,2,4,286.89866273655946,51,Mobile,Premium,0
2009,57,Male,UK,23.764074746462285,26,16,5,0,103.73305251312462,40,Desktop,Premium,1
2010,29,Male,USA,23.97795819441766,17,11,4,0,342.94323883517376,13,Mobile,Premium,0
2011,53,Female,UK,34.17291933514622,5,8,6,3,335.5483114836481,52,Desktop,Basic,0
2012,62,Male,USA,38.43155447794504,49,12,2,3,202.83493200383276,9,Desktop,Premium,0
2013,40,Male,Ghana,7.632084056853383,33,3,0,2,145.09996983491226,57,Mobile,Basic,0
2014,64,Male,UK,40.39714876188584,27,13,2,4,149.23975405574168,5,Desktop,Basic,0
2015,48,Male,Ghana,23.44783694065029,5,2,7,2,215.85084865514398,43,Desktop,Premium,0
2016,28,Male,Canada,28.975752860398728,37,13,4,4,350.60762424444675,7,Mobile,Basic,0
2017,27,Male,USA,44.18264132737538,7,8,2,4,192.40638084553152,38,Mobile,Basic,0
2018,20,Male,Canada,27.83556400705527,48,15,7,0,73.43739379454757,44,Desktop,Basic,1
2019,31,Male,USA,14.68129479814092,18,9,5,4,351.62941232798437,44,Mobile,Premium,0
2020,33,Female,Ghana,15.260946990690547,31,11,2,1,167.96911120158484,38,Mobile,Basic,0
2021,27,Female,Germany,29.7088811887064,6,3,4,4,316.30368416578,31,Desktop,Premium,0
2022,46,Female,UK,26.65635264835246,2,7,0,0,250.06212118644936,4,Desktop,Basic,0
2023,27,Female,Ghana,30.594731741695345,13,14,5,2,188.12568988394818,58,Mobile,Basic,0
2024,29,Male,USA,25.987220189703624,42,15,8,4,277.27516438877615,13,Desktop,Premium,0
2025,47,Female,USA,42.414268502848714,11,9,6,1,141.22032980368678,44,Mobile,Basic,0
2026,58,Female,USA,30.247672398150698,26,11,7,3,176.7234508527631,15,Mobile,Premium,0
2027,18,Male,USA,12.370223429739614,21,7,5,2,157.541171653375,40,Mobile,Basic,0
2028,22,Male,UK,38.16532991863408,2,12,4,3,183.9455095029692,13,Mobile,Basic,0
2029,37,Male,Canada,49.06270944160178,40,19,5,1,243.82004714391311,43,Desktop,Premium,0
2030,25,Male,Germany,31.54930981188195,20,18,6,0,243.22257312207097,43,Desktop,Basic,1
2031,60,Male,UK,32.32550363440325,17,13,8,0,75.57464001656136,43,Desktop,Premium,1
2032,29,Female,USA,22.201149879372917,16,11,7,2,157.15681832515972,26,Desktop,Basic,0
2033,18,Male,UK,27.575492605429016,42,1,4,4,170.96870410253024,19,Desktop,Premium,0
2034,37,Female,Ghana,35.0287000949325,5,6,6,4,246.89212722605345,53,Mobile,Basic,0
2035,45,Female,USA,41.31790065978925,14,2,7,3,87.97461622114699,49,Mobile,Premium,0
2036,60,Male,Germany,34.46000278930405,24,13,0,0,256.51741991183815,1,Mobile,Premium,0
2037,54,Female,USA,48.180408785389744,4,13,7,4,109.86328333212212,13,Desktop,Premium,0
2038,64,Female,Germany,30.98470314051085,48,19,6,4,219.86781472015687,25,Mobile,Basic,0
2039,54,Male,Germany,18.783044964814692,24,9,1,0,289.1551732000338,20,Desktop,Premium,0
2040,29,Female,Canada,19.069446092112223,47,19,1,0,101.84956923426292,41,Desktop,Basic,1
2041,54,Female,Canada,42.34411731877702,9,1,5,1,219.3399740437729,23,Mobile,Premium,0
2042,61,Female,UK,40.071019746210986,3,8,2,3,185.1615003414765,58,Mobile,Premium,0
2043,45,Male,UK,13.553959316531152,9,14,0,0,121.80418666919846,24,Desktop,Premium,0
2044,64,Male,Germany,27.90491809564103,18,16,7,1,102.00297947757768,43,Desktop,Basic,0
2045,32,Male,USA,28.26806191377488,36,4,6,0,143.39728664940668,41,Mobile,Premium,1
2046,23,Female,Ghana,22.484671417021403,19,18,3,2,135.16002072651673,49,Desktop,Basic,0
2047,61,Male,Ghana,15.896269455514606,24,14,0,2,183.55236551637302,39,Mobile,Premium,0
2048,37,Female,USA,22.263958344017205,4,9,1,2,165.8700495697682,40,Mobile,Premium,0
2049,31,Male,USA,20.466514386850434,9,15,8,0,233.88929696580036,30,Desktop,Premium,0
2050,19,Female,Canada,16.13531535776876,33,3,3,4,264.67938195430816,34,Mobile,Basic,0
2051,26,Male,Ghana,38.29065320165773,1,4,2,4,77.6795490722286,46,Desktop,Premium,0
2052,54,Male,Germany,32.829465707424085,35,18,7,2,179.94795404505246,10,Desktop,Basic,0
2053,37,Female,UK,25.358773385880472,10,14,3,3,124.00602849629968,41,Mobile,Premium,0
2054,43,Male,Canada,9.294314881696984,12,15,6,1,113.1866943116886,1,Mobile,Basic,0
2055,46,Female,Ghana,27.0092389066518,18,8,4,2,74.49586919322819,12,Desktop,Basic,0
2056,18,Male,USA,35.21055624580556,14,10,4,1,68.58484142437112,46,Mobile,Premium,0
2057,52,Male,Ghana,22.6395602123103,10,12,5,1,158.4699200223605,51,Desktop,Premium,0
2058,23,Female,Germany,18.500342193868885,10,9,3,2,231.4326266667709,29,Desktop,Basic,0
2059,54,Female,Canada,28.769779826993247,18,8,1,4,231.14776182454324,11,Mobile,Basic,0
2060,22,Female,USA,33.3506882808645,24,17,5,3,115.78565728775334,41,Mobile,Basic,0
2061,50,Male,Germany,10.000691342279847,1,9,4,2,107.69432906851216,17,Mobile,Premium,0
2062,31,Female,UK,43.54009137886551,30,13,2,1,219.13958830401074,20,Mobile,Basic,0
2063,29,Male,Canada,17.508729427631884,15,14,3,0,165.46058741571971,58,Mobile,Premium,1
2064,59,Female,Germany,25.772172793528817,8,5,2,0,271.1768145282722,38,Mobile,Premium,1
2065,37,Female,Germany,41.81271032202449,35,9,2,1,111.14230842253619,6,Desktop,Basic,0
2066,41,Female,USA,31.253590556178914,18,16,3,2,51.38312388546245,20,Desktop,Basic,0
2067,60,Female,UK,40.96091434159942,41,19,1,4,248.9987368238252,10,Desktop,Basic,0
2068,51,Female,Germany,45.536789604456935,16,7,3,2,48.79685891159838,10,Mobile,Basic,0
2069,42,Female,Canada,15.403239648423153,21,12,9,3,84.3360078202926,31,Mobile,Basic,0
2070,46,Male,Germany,39.02043905382864,15,2,1,0,146.46172882419623,26,Mobile,Basic,0
2071,56,Female,Ghana,43.254868541848126,5,18,9,1,177.2005246599299,58,Desktop,Basic,0
2072,48,Male,Canada,26.241944521732158,45,18,7,4,248.11818620533106,17,Mobile,Premium,0
2073,64,Female,Canada,27.03785973449775,7,16,9,2,118.86254583683866,53,Mobile,Basic,0
2074,60,Female,Germany,10.869561845452868,48,11,4,3,305.41693809671096,14,Mobile,Basic,0
2075,40,Female,USA,37.810794517497335,7,2,6,2,78.71211345598908,5,Desktop,Basic,0
2076,61,Male,Canada,4.651316846485596,27,14,3,3,170.24488479460248,3,Desktop,Premium,0
2077,55,Male,Ghana,39.68807814063367,25,4,9,2,266.41239674119197,43,Desktop,Premium,0
2078,37,Female,USA,15.823305986342998,22,7,5,4,270.6474919358782,51,Mobile,Basic,0
2079,40,Male,USA,43.90688701595443,48,2,9,4,-36.40207590215442,20,Mobile,Premium,0
2080,62,Female,USA,33.96273435024342,13,14,3,1,416.63553134268284,51,Desktop,Basic,0
2081,33,Female,Canada,40.08967697615691,17,7,5,4,174.2217461774867,46,Desktop,Basic,0
2082,59,Male,USA,21.872230291694795,41,9,0,3,222.27562699352052,15,Desktop,Basic,0
2083,25,Male,Germany,16.665464048072536,44,8,5,1,173.3088896022479,3,Mobile,Premium,0
2084,38,Male,USA,12.363778361767089,13,9,5,4,370.81231103962017,3,Mobile,Premium,0
2085,18,Male,Ghana,40.91203012225875,26,7,1,0,303.1474992742366,23,Desktop,Premium,0
2086,25,Female,UK,36.629400690638796,9,19,9,3,368.60055505906564,9,Desktop,Premium,0
2087,46,Male,Ghana,36.984130460742705,5,17,9,1,237.8586459913892,11,Mobile,Premium,0
2088,49,Male,Canada,32.914423710788405,39,13,8,3,272.97176216131675,47,Desktop,Premium,0
2089,55,Female,USA,35.43871582588393,33,11,5,1,116.43049655278364,49,Desktop,Basic,0
2090,22,Male,USA,27.083349514332046,4,18,6,3,178.83229074262596,56,Desktop,Premium,0
2091,64,Male,Germany,33.70300633844428,28,17,1,0,273.03636962455346,58,Desktop,Basic,1
2092,39,Male,USA,21.431630604802095,26,16,1,4,225.45965103899732,44,Mobile,Premium,0
2093,64,Male,Ghana,26.57266901127312,4,10,1,2,208.45634709731544,49,Mobile,Basic,0
2094,51,Female,Canada,60.43329495499404,16,4,9,2,137.9464960692299,41,Mobile,Basic,0
2095,18,Female,UK,30.38921346932634,37,4,8,2,293.2377136615434,13,Desktop,Premium,0
2096,43,Male,USA,10.283791371438365,22,11,2,1,292.1024220057146,8,Desktop,Basic,0
2097,60,Male,UK,25.9140999439605,36,8,3,4,283.3767045227774,22,Mobile,Premium,0
2098,27,Female,USA,19.424776191065305,38,9,0,1,223.3630381600062,38,Desktop,Basic,0
2099,47,Male,Canada,31.592185147158833,35,16,0,1,200.8083640844744,27,Mobile,Basic,0
2100,35,Male,Ghana,21.106408871763364,25,10,3,1,289.93059089856683,26,Desktop,Premium,0
2101,34,Male,Canada,27.881686234439055,8,9,1,1,274.9440386416717,23,Desktop,Basic,0
2102,43,Male,UK,22.601599837285086,17,3,7,4,128.58349476916553,56,Desktop,Basic,0
2103,25,Male,USA,31.971841181970166,18,2,3,2,225.3078164677207,39,Mobile,Basic,0
2104,64,Male,UK,23.726011742168645,12,9,2,3,252.64411406442224,31,Mobile,Premium,0
2105,57,Male,Ghana,33.56880072499037,33,13,2,1,146.15174705206945,29,Desktop,Basic,0
2106,29,Male,Canada,49.48581459048721,23,6,5,4,272.2752222720985,1,Desktop,Basic,0
2107,44,Male,UK,18.455877834370238,12,4,5,0,257.4125032263718,10,Mobile,Premium,0
2108,25,Female,UK,37.238552136184694,11,14,5,3,166.69557803371578,47,Mobile,Basic,0
2109,42,Female,Ghana,5.471702373731141,13,11,5,1,91.45687772989777,46,Mobile,Basic,0
2110,63,Female,USA,27.67228562684378,35,2,7,1,246.89926751940257,4,Desktop,Premium,0
2111,21,Male,UK,32.28904775950575,27,3,7,3,357.16897999132306,31,Mobile,Basic,0
2112,50,Male,Ghana,22.51987316161598,25,5,8,3,220.43192864439425,4,Desktop,Basic,0
2113,18,Female,USA,12.126071769936505,40,7,0,1,251.31065419225627,29,Mobile,Premium,0
2114,36,Male,USA,29.619602212301302,3,11,9,4,106.77318691253186,9,Desktop,Premium,0
2115,48,Female,Canada,45.32115396486286,49,12,7,0,196.1768293770654,15,Mobile,Premium,0
2116,33,Male,Ghana,28.535506433166262,25,11,4,4,191.0831193934575,44,Mobile,Basic,0
2117,31,Female,USA,35.585737239336076,45,19,2,2,129.08681026612567,41,Mobile,Basic,0
2118,22,Female,Canada,41.26880641761363,10,13,9,2,235.1828410510754,3,Mobile,Basic,0
2119,58,Female,Germany,54.714745455059386,17,4,2,2,232.11147168929116,59,Mobile,Basic,0
2120,43,Male,Ghana,19.477123636931754,3,14,5,1,176.4685944339779,15,Mobile,Basic,0
2121,45,Female,Germany,20.50889360447335,45,12,7,0,198.98126751223867,57,Mobile,Basic,1
2122,19,Male,USA,27.07765462382155,22,2,9,0,364.23587515679816,53,Desktop,Basic,1
2123,23,Male,Ghana,36.15436638354316,38,8,1,1,150.3512926294386,11,Desktop,Basic,0
2124,26,Male,Canada,6.792984165343189,14,19,8,1,109.49152978784727,6,Desktop,Basic,0
2125,50,Male,USA,36.53758928000724,27,13,4,1,107.5698760405624,47,Mobile,Basic,0
2126,58,Male,Ghana,31.482640540480922,42,1,4,0,219.9321966778421,7,Desktop,Premium,0
2127,42,Male,Ghana,24.660556439983857,20,5,0,1,-3.5613745841424986,51,Desktop,Basic,0
2128,30,Male,Germany,34.25509949785287,48,11,5,3,159.17412298405537,46,Desktop,Premium,0
2129,26,Female,USA,38.89649232364361,18,11,4,3,122.50643986533875,4,Mobile,Basic,0
2130,30,Female,Canada,40.28021775888133,13,13,6,3,195.41987458030508,21,Mobile,Premium,0
2131,48,Female,Canada,30.147633810531556,42,2,6,1,195.7520560315702,1,Mobile,Premium,0
2132,58,Male,USA,33.26032996208986,6,19,3,3,227.57930302136356,56,Mobile,Premium,0
2133,28,Male,USA,32.88321819182406,10,16,4,1,249.24152187403666,59,Mobile,Basic,0
2134,21,Male,UK,42.31197280646529,37,5,9,3,291.3437679691534,23,Desktop,Basic,0
2135,51,Male,Germany,33.812162146098274,29,14,7,1,171.70789734881248,13,Desktop,Premium,0
2136,55,Female,USA,36.452232825229,6,19,1,4,146.69409747643806,43,Mobile,Basic,0
2137,63,Male,USA,38.92660549463688,39,5,0,2,268.2105781365722,28,Desktop,Premium,0
2138,21,Female,UK,49.58564066957061,11,9,5,4,67.28248336858829,29,Desktop,Basic,0
2139,55,Male,UK,24.14185140330684,48,12,3,2,260.58908249671055,18,Desktop,Premium,0
2140,36,Female,Ghana,46.257086938472234,25,16,9,2,211.44183269975122,23,Desktop,Premium,0
2141,23,Male,Canada,54.710997795809774,44,19,2,3,235.9231588668301,28,Mobile,Premium,0
2142,51,Female,Germany,24.779572342590065,44,15,6,2,229.1973904206761,9,Mobile,Premium,0
2143,35,Male,Ghana,27.832098560831824,30,17,7,2,210.91439767194922,53,Desktop,Premium,0
2144,30,Female,USA,25.71549038910829,20,15,3,4,214.1731008689917,43,Mobile,Basic,0
2145,58,Male,UK,36.568884071890636,37,3,9,2,111.15292701431237,6,Desktop,Basic,0
2146,40,Female,Canada,11.383233639140546,16,17,5,1,147.89934522401404,16,Mobile,Premium,0
2147,36,Female,Ghana,25.005018765048263,31,13,1,1,342.1844561434074,37,Desktop,Basic,0
2148,62,Male,Canada,27.263578229075225,29,9,7,3,253.8286150148695,1,Mobile,Basic,0
2149,28,Female,UK,26.38905643464134,6,13,5,4,284.84824020620556,22,Desktop,Premium,0
2150,18,Male,Ghana,26.288375294794672,29,16,8,0,172.3702545856693,46,Mobile,Basic,1
2151,41,Male,Ghana,25.10740421728247,32,19,5,4,206.34875741202288,23,Desktop,Basic,0
2152,24,Male,Canada,37.77385666486001,9,14,5,0,242.13552811733533,21,Desktop,Premium,0
2153,42,Female,UK,35.38244218900295,37,8,1,2,296.45659783066685,51,Desktop,Basic,0
2154,38,Female,USA,47.03400945048787,23,19,4,0,187.78903671037966,31,Desktop,Premium,1
2155,32,Male,Ghana,37.79933358565925,16,3,8,2,238.16538749675158,38,Desktop,Premium,0
2156,18,Male,USA,19.024108888948255,18,18,0,4,256.8557467191042,28,Mobile,Basic,0
2157,29,Female,UK,28.29962930470785,19,16,3,4,274.7927666906595,44,Mobile,Premium,0
2158,24,Female,Ghana,27.237681716288446,44,14,9,3,183.86951678251285,27,Desktop,Basic,0
2159,32,Female,Ghana,32.552382384297665,2,16,9,3,302.53788316758914,39,Desktop,Premium,0
2160,38,Male,USA,40.93249639577378,10,17,2,2,86.20335445570495,42,Mobile,Premium,0
2161,36,Male,Germany,31.858350583287724,12,11,0,2,109.64094857260983,42,Desktop,Premium,0
2162,46,Male,USA,31.884918229663683,46,13,0,1,238.45284027320804,57,Mobile,Premium,0
2163,42,Male,USA,30.100418832496793,18,11,0,1,236.34320426480826,13,Desktop,Basic,0
2164,50,Male,Germany,38.10583990079276,19,4,0,1,181.20421350410842,32,Mobile,Basic,0
2165,49,Female,UK,24.31094831044113,38,14,1,4,164.61728832306738,7,Desktop,Basic,0
2166,52,Male,UK,15.429902209142906,37,5,4,0,165.68391522488133,51,Desktop,Basic,1
2167,61,Female,Ghana,36.445789762112305,27,4,1,2,128.07610609270148,33,Desktop,Basic,0
2168,55,Female,Canada,33.75167148175473,48,1,3,3,196.40479391175074,47,Desktop,Basic,0
2169,43,Male,Canada,43.23418275147979,14,14,8,2,75.51616249202948,46,Desktop,Premium,0
2170,28,Female,Ghana,5.720877827871451,45,7,2,0,290.56104187374035,13,Desktop,Basic,0
2171,52,Male,Canada,28.996506001452122,34,10,1,2,230.5500141745223,32,Mobile,Basic,0
2172,25,Female,USA,31.067135528291757,2,2,3,3,303.50143387210005,7,Desktop,Basic,0
2173,63,Male,USA,14.891220415840573,44,10,8,3,212.88350726109314,12,Mobile,Basic,0
2174,31,Male,Germany,29.13403647079664,33,3,3,0,197.02606120121322,40,Desktop,Basic,1
2175,27,Female,Germany,41.869226682354366,19,8,4,3,210.03556154210062,15,Mobile,Basic,0
2176,19,Male,Ghana,50.861147077320965,27,10,3,4,144.03750493964117,59,Desktop,Basic,0
2177,63,Female,Ghana,39.82406899358662,48,8,7,3,100.52393584604175,49,Mobile,Basic,0
2178,26,Male,Ghana,26.755286188399,30,14,3,0,121.23938490194422,21,Mobile,Premium,0
2179,20,Male,USA,42.615151804712525,7,18,1,0,165.89579854565974,12,Desktop,Basic,0
2180,38,Male,Canada,39.11402616099363,27,9,3,2,129.33211162736433,13,Desktop,Premium,0
2181,43,Female,Ghana,25.1560943185716,21,9,1,3,307.89745626481124,40,Desktop,Basic,0
2182,25,Female,Ghana,24.182039806996606,7,4,8,3,143.57043160438997,42,Desktop,Basic,0
2183,19,Male,USA,28.314979594714508,48,3,7,0,231.49000873486355,39,Mobile,Basic,1
2184,23,Female,USA,19.491509754831213,25,14,8,2,246.7488665296471,2,Desktop,Basic,0
2185,45,Male,USA,26.892080889446085,38,14,3,2,298.99508420517446,29,Desktop,Basic,0
2186,46,Female,Canada,34.86752921563201,18,16,0,4,254.53294738061427,48,Mobile,Basic,0
2187,43,Female,Ghana,40.385072661712606,33,5,2,4,186.12301686125184,29,Desktop,Basic,0
2188,42,Male,UK,26.2114789932101,33,15,6,0,336.4776782622226,36,Desktop,Basic,1
2189,29,Male,UK,43.88420868580404,32,9,0,2,100.47907326612085,38,Mobile,Premium,0
2190,22,Male,Ghana,36.501054668355096,25,7,7,2,124.7938750451222,7,Desktop,Premium,0
2191,51,Male,Ghana,36.95653018926372,14,13,8,4,217.59368919167298,30,Desktop,Premium,0
2192,54,Male,Ghana,20.809882460089188,38,8,7,4,206.87022833358833,23,Mobile,Basic,0
2193,32,Female,Ghana,48.07760220773568,38,12,4,0,265.37009116491294,51,Desktop,Basic,1
2194,61,Female,Canada,35.5336445202159,4,4,8,2,212.84415506498217,28,Desktop,Basic,0
2195,53,Male,UK,26.673326371036627,44,16,3,0,229.52277672251893,56,Desktop,Premium,1
2196,32,Male,Germany,24.908827622566207,18,6,8,4,279.6933083518915,23,Mobile,Premium,0
2197,60,Male,UK,26.89547857300177,10,5,0,3,211.26188796653335,36,Desktop,Basic,0
2198,40,Female,UK,19.81662455122266,35,1,2,4,254.36751896254577,42,Mobile,Premium,0
2199,23,Male,USA,39.88300544349492,35,14,3,2,139.5487277538525,29,Mobile,Premium,0
2200,63,Male,Ghana,20.84077909729593,40,9,9,0,144.82650386184457,4,Desktop,Basic,0
2201,61,Female,Ghana,32.898248388748584,23,18,0,2,270.48278029110287,20,Mobile,Premium,0
2202,60,Female,Ghana,25.50082753798615,25,6,5,4,209.6817980301801,5,Desktop,Premium,0
2203,62,Female,USA,36.70796468918347,1,15,3,4,213.543537981514,46,Desktop,Basic,0
2204,38,Female,Canada,38.067048162619145,18,16,3,1,144.5193739726318,11,Desktop,Premium,0
2205,40,Male,Canada,23.56094937580878,15,8,0,4,167.3047828520834,2,Mobile,Basic,0
2206,60,Female,Germany,29.66126334242018,25,19,4,2,222.93637703087842,41,Desktop,Basic,0
2207,33,Female,Canada,15.566085384055949,32,5,8,0,175.91203828243846,54,Mobile,Premium,1
2208,64,Male,Canada,47.00543175313815,20,14,5,0,131.0443050862956,44,Mobile,Basic,1
2209,32,Male,Ghana,40.68003106929842,17,7,7,1,131.97421081455053,24,Mobile,Premium,0
2210,42,Male,UK,16.044611003024517,11,4,3,2,149.01347851605735,59,Desktop,Premium,0
2211,53,Female,Canada,21.330957946513195,13,1,8,4,172.88451063522464,33,Mobile,Basic,0
2212,28,Male,Canada,28.651816798016593,25,4,6,3,177.87877094458997,22,Mobile,Premium,0
2213,32,Female,USA,30.387607200614823,20,14,6,0,325.47014041981345,47,Mobile,Basic,1
2214,21,Female,Germany,23.139486994734504,25,16,7,2,273.9339479714972,6,Mobile,Premium,0
2215,38,Female,USA,18.550720022947264,42,7,1,1,223.7535845528107,24,Mobile,Basic,0
2216,30,Male,Ghana,33.95031310866156,45,10,5,3,348.9913574563029,29,Mobile,Basic,0
2217,39,Female,UK,47.394844705186884,49,10,6,2,190.75657301798196,49,Desktop,Basic,0
2218,36,Male,Germany,30.546654184046133,31,4,2,4,238.03874141710654,32,Mobile,Basic,0
2219,51,Male,USA,27.08287795818878,1,12,7,0,226.30509224338087,53,Desktop,Basic,1
2220,31,Male,Canada,26.031605869941334,16,6,0,4,237.8036414041929,47,Desktop,Basic,0
2221,21,Female,Canada,19.032763493561585,48,13,0,1,140.1262424522415,30,Desktop,Basic,0
2222,63,Female,Germany,23.280152485093236,28,1,9,0,175.64499385957802,46,Mobile,Basic,1
2223,44,Female,Canada,41.36111080363663,21,8,2,3,135.07744629603235,51,Desktop,Premium,0
2224,46,Male,USA,9.291499920672095,30,16,5,0,232.61260816830537,54,Desktop,Premium,1
2225,64,Female,USA,30.70103323647302,3,5,6,4,200.2661935666556,41,Mobile,Premium,0
2226,45,Female,Canada,30.279546668593557,34,7,1,2,49.426493673637594,58,Mobile,Premium,0
2227,52,Female,Canada,31.183993334896442,6,3,5,2,241.08417574903135,3,Desktop,Premium,0
2228,25,Female,Ghana,37.274177084235184,43,2,4,2,217.33891633597142,25,Desktop,Premium,0
2229,33,Female,UK,30.611612635689742,29,2,5,1,336.33819955943693,28,Desktop,Premium,0
2230,59,Male,Germany,25.46040567678985,3,10,0,1,274.16107558798683,57,Mobile,Premium,0
2231,53,Male,USA,23.433772418112156,33,9,9,2,289.0269394839565,15,Mobile,Basic,0
2232,47,Male,Germany,42.98343763148232,11,18,6,3,109.69272687878636,17,Mobile,Premium,0
2233,35,Male,Ghana,40.410519775558036,45,6,7,4,289.4579455664873,2,Desktop,Premium,0
2234,19,Female,USA,58.77637519611291,5,6,6,3,184.4082885993211,27,Mobile,Premium,0
2235,30,Male,Ghana,27.19011571317401,32,10,8,2,144.6466251726061,36,Mobile,Premium,0
2236,21,Female,Ghana,23.61786992695368,47,9,0,4,12.366645234565453,14,Mobile,Basic,0
2237,43,Male,Canada,34.53166896300501,18,9,9,1,305.06962009423955,43,Desktop,Basic,0
2238,42,Male,Germany,34.29016491863055,47,3,8,0,177.23414037768168,59,Mobile,Premium,1
2239,47,Male,Germany,36.36355078882783,20,12,2,0,190.2224776762174,32,Desktop,Premium,1
2240,28,Female,Canada,38.47130877356365,39,11,1,4,225.68294942917223,12,Desktop,Basic,0
2241,24,Female,Germany,36.266736121033404,49,14,5,3,348.98398418777225,23,Mobile,Basic,0
2242,48,Male,Canada,40.750316059832045,40,19,4,4,181.93313122341746,16,Mobile,Basic,0
2243,61,Female,USA,42.080053105854866,28,10,3,3,198.76538242520192,44,Mobile,Premium,0
2244,27,Male,Ghana,42.25844716531459,13,19,3,3,277.49192051630064,2,Desktop,Basic,0
2245,56,Male,Ghana,7.386620497818043,26,5,7,0,177.67083750960484,7,Desktop,Basic,0
2246,30,Male,Germany,32.3238090257094,16,9,9,1,133.50207564288405,21,Desktop,Basic,0
2247,48,Female,UK,20.767898114554544,25,1,2,2,24.93021662652339,58,Desktop,Basic,0
2248,24,Male,Ghana,40.55447765702033,10,15,0,1,306.9027250800308,31,Mobile,Basic,0
2249,59,Male,Canada,7.176983049007095,29,4,4,2,219.0982662684861,23,Mobile,Basic,0
2250,59,Male,UK,44.69225277733243,46,7,7,0,243.68461900510593,57,Desktop,Premium,1
2251,53,Female,UK,21.353002856323474,38,6,2,2,161.10614503488802,25,Desktop,Premium,0
2252,37,Male,Ghana,19.061363600184663,20,15,1,3,254.3795035498782,35,Desktop,Basic,0
2253,21,Female,Ghana,33.56249320697575,26,6,0,4,153.29629073167294,35,Desktop,Basic,0
2254,24,Male,Ghana,26.267292426691476,32,7,3,2,213.01364853154277,45,Mobile,Basic,0
2255,18,Female,Canada,47.79389307604242,39,3,1,1,208.62431660228955,7,Mobile,Premium,0
2256,61,Male,UK,43.63033147127596,38,13,7,0,290.3470143349213,5,Mobile,Premium,0
2257,62,Male,Germany,24.891652975219237,49,2,9,0,251.76053199290453,32,Mobile,Premium,1
2258,59,Female,Canada,40.42484960205803,24,3,8,4,149.8767108471506,53,Desktop,Premium,0
2259,64,Female,USA,24.547130996972477,31,13,9,3,248.1020144903804,5,Desktop,Basic,0
2260,30,Male,Ghana,24.460853745839884,40,9,0,3,170.6303205210425,25,Mobile,Premium,0
2261,39,Female,UK,37.14184758062929,12,19,1,0,135.0217202566822,31,Mobile,Basic,1
2262,38,Male,Canada,44.55841090469153,36,18,5,3,244.07837234428098,20,Mobile,Basic,0
2263,39,Male,USA,25.589274821878508,10,5,9,4,215.51930631592683,22,Mobile,Basic,0
2264,45,Male,Canada,26.350712264978572,6,10,6,0,104.3256032962114,38,Mobile,Basic,1
2265,26,Female,Canada,33.01204719091721,7,14,1,3,158.78370965138862,13,Mobile,Basic,0
2266,43,Male,Germany,21.06009525530402,31,17,7,2,259.6327806956462,39,Desktop,Basic,0
2267,26,Female,Germany,45.65410389826253,27,3,9,2,231.12919634756128,2,Desktop,Basic,0
2268,32,Male,Canada,20.964473914383646,8,7,8,3,234.48365106602714,22,Mobile,Basic,0
2269,27,Female,USA,23.668062344640045,3,9,7,2,347.62719017397126,9,Mobile,Premium,0
2270,41,Female,UK,47.67239071039536,40,5,8,4,279.6799171509179,51,Desktop,Basic,0
2271,59,Male,UK,32.14588428888502,47,4,5,1,190.65709281071014,2,Desktop,Premium,0
2272,25,Female,Ghana,49.43583428819606,21,3,6,4,167.68424051846893,45,Mobile,Basic,0
2273,41,Male,Ghana,27.807224793155335,1,13,5,4,145.58959880881716,32,Desktop,Basic,0
2274,33,Male,UK,55.19518819872356,45,9,6,3,163.21737505883283,8,Desktop,Basic,0
2275,43,Male,Canada,36.15649980496148,15,7,2,4,72.06863159143685,16,Desktop,Basic,0
2276,44,Male,Canada,22.475640473880837,7,8,3,3,102.71232760206401,33,Desktop,Basic,0
2277,54,Male,Germany,22.321623813253087,15,10,8,0,252.62089631557376,11,Desktop,Premium,0
2278,21,Female,Germany,15.427920891989114,25,1,2,3,322.78220781555376,32,Desktop,Basic,0
2279,41,Male,Ghana,16.52185053990594,3,1,1,3,204.4185998810435,8,Desktop,Premium,0
2280,36,Female,UK,23.404684155506384,30,19,6,0,143.79025932688262,32,Desktop,Basic,1
2281,53,Female,Canada,20.084015604168815,14,2,5,1,-72.35891887454824,21,Desktop,Premium,0
2282,56,Male,UK,4.220688077255083,4,12,2,0,336.30900935802276,25,Desktop,Premium,0
2283,27,Female,USA,38.41520991880931,36,13,5,3,92.91819823591865,57,Mobile,Premium,0
2284,42,Male,UK,37.75337720906054,3,14,6,2,82.23122349381552,20,Mobile,Basic,0
2285,35,Female,USA,33.08376876975784,5,5,5,3,176.2039025873815,1,Desktop,Premium,0
2286,36,Female,Germany,18.65033583047243,25,3,0,0,196.61392722856112,21,Mobile,Premium,0
2287,53,Female,Germany,46.46792108755312,31,17,0,3,200.8290490487905,7,Mobile,Basic,0
2288,27,Male,Ghana,28.218319097034275,11,1,8,0,131.60467505979784,57,Desktop,Basic,1
2289,50,Female,UK,21.667671945152364,8,14,5,4,233.2570658958359,58,Mobile,Basic,0
2290,22,Male,UK,32.325861323433244,26,6,1,1,158.25872433154083,25,Desktop,Premium,0
2291,64,Female,USA,31.75239171548709,2,17,0,1,160.243561474441,9,Mobile,Basic,0
2292,52,Female,Germany,4.97249616762069,28,4,1,0,177.7029141252476,22,Mobile,Basic,0
2293,61,Female,USA,29.690546251461093,48,6,7,1,145.84685118788238,2,Mobile,Premium,0
2294,51,Female,Germany,31.20539025469707,10,1,4,2,99.65683208714344,53,Desktop,Basic,0
2295,50,Male,USA,26.2125882595585,39,9,6,2,104.87930558122686,19,Mobile,Basic,0
2296,38,Male,Germany,16.785451390188175,37,4,6,1,111.58790138911696,6,Desktop,Basic,0
2297,34,Female,USA,17.08005391661132,39,9,1,0,236.48621579777142,59,Mobile,Basic,1
2298,39,Female,Germany,35.140654308189795,21,9,3,2,231.92949456517516,5,Mobile,Premium,0
2299,54,Male,USA,37.61600982940194,28,13,1,1,178.4994900769382,45,Desktop,Basic,0
2300,32,Male,UK,25.519905051027692,38,17,6,3,182.47180126431525,10,Mobile,Premium,0
2301,52,Male,Ghana,33.823177320427554,33,3,4,2,293.4031098900465,59,Desktop,Basic,0
2302,45,Male,USA,25.42081744906154,11,6,0,4,241.13665221189922,1,Desktop,Premium,0
2303,24,Female,Ghana,21.467609972568663,45,15,1,2,325.19083041461175,26,Desktop,Premium,0
2304,49,Female,UK,32.144968860886564,44,14,5,1,153.8150831436173,26,Desktop,Basic,0
2305,28,Male,UK,18.509049977464812,1,13,3,1,106.80354716136387,18,Mobile,Basic,0
2306,27,Male,Germany,48.93784089832049,47,9,6,1,279.7523465117487,59,Desktop,Basic,0
2307,26,Male,Ghana,15.62486287168628,33,15,1,0,198.35471528318084,21,Desktop,Premium,0
2308,31,Male,Canada,32.83827364229263,3,14,1,0,135.7729413021866,46,Desktop,Premium,1
2309,30,Male,Germany,31.50239332559649,26,4,5,3,239.10389131224352,12,Mobile,Basic,0
2310,42,Male,Ghana,30.61475680722367,15,11,7,3,143.59868993978586,38,Mobile,Premium,0
2311,19,Female,USA,44.83393396023429,41,2,0,2,255.11967569954763,14,Desktop,Basic,0
2312,52,Female,USA,3.1378873245409338,14,16,4,1,238.87613367663766,49,Mobile,Basic,0
2313,24,Female,UK,34.11732105488908,23,19,0,3,181.9229233840572,32,Mobile,Basic,0
2314,38,Male,Canada,27.26622502622299,8,16,5,1,65.06675450377304,39,Desktop,Basic,0
2315,35,Male,USA,35.83975795513874,36,7,6,2,126.14689762088798,35,Desktop,Premium,0
2316,20,Male,Ghana,30.546822758182593,20,11,5,0,321.46834540365785,17,Mobile,Basic,0
2317,59,Female,Ghana,29.249796202535318,6,12,8,3,339.638219497571,55,Mobile,Premium,0
2318,56,Male,USA,17.92685334278285,33,4,2,4,407.460411686664,55,Mobile,Basic,0
2319,58,Male,Ghana,23.268624995894424,28,16,7,4,232.03057867256953,10,Mobile,Basic,0
2320,28,Female,Ghana,61.31509881952745,38,16,2,4,112.79274431346595,35,Desktop,Premium,0
2321,56,Male,UK,35.93102095942694,30,7,6,4,307.1204798336941,16,Mobile,Premium,0
2322,41,Female,Canada,40.525931743720456,46,13,4,4,178.86655149952708,6,Mobile,Basic,0
2323,63,Female,UK,26.48103176376843,43,5,0,4,145.4141777145349,4,Mobile,Basic,0
2324,36,Male,Canada,21.443906314234408,17,1,3,4,226.77952214578363,52,Desktop,Premium,0
2325,21,Female,Ghana,37.764277744479855,9,5,8,3,351.75432359754325,9,Mobile,Premium,0
2326,43,Male,Canada,10.962817308522489,28,14,7,4,191.57527205326835,29,Desktop,Premium,0
2327,55,Female,Ghana,23.492615006219474,7,11,2,4,201.36012663896116,7,Desktop,Basic,0
2328,59,Male,Ghana,26.45424545262699,46,2,1,2,77.42815743604466,16,Desktop,Basic,0
2329,49,Female,UK,39.44989103368654,28,18,8,3,208.62020026795247,6,Mobile,Basic,0
2330,56,Male,UK,34.137127136213095,17,15,0,2,253.23848412732593,44,Mobile,Basic,0
2331,62,Female,Germany,25.27100271367391,40,14,8,1,192.98844718916646,57,Desktop,Premium,0
2332,63,Female,USA,33.68973012102345,48,13,6,4,198.92033506505229,3,Mobile,Premium,0
2333,53,Female,Germany,26.96848161023324,44,2,1,0,218.0110034060333,44,Desktop,Premium,1
2334,57,Male,Germany,40.70037758934324,44,19,4,4,116.06582257414601,52,Desktop,Premium,0
2335,54,Male,Canada,32.36156722077082,5,8,1,4,17.782287525162957,14,Mobile,Premium,0
2336,50,Female,Ghana,47.36442804766293,5,17,4,2,191.73694532550758,14,Desktop,Premium,0
2337,53,Male,Ghana,27.2220567266956,14,15,6,1,181.95053027770828,9,Desktop,Basic,0
2338,20,Female,Ghana,42.253952328596725,6,14,4,2,245.60015530343227,36,Mobile,Basic,0
2339,26,Male,USA,30.904139936951886,7,3,1,3,391.76828790938936,23,Desktop,Premium,0
2340,25,Female,Canada,23.027563491076677,17,17,4,1,303.68190149730793,57,Mobile,Premium,0
2341,50,Male,Canada,56.01574515484019,9,3,9,1,35.44030885197233,52,Mobile,Basic,0
2342,23,Female,Ghana,43.09708824363341,31,13,5,1,401.6626698315605,57,Desktop,Premium,0
2343,58,Female,Germany,32.34323293179914,22,18,4,2,253.12068794351958,15,Desktop,Basic,0
2344,56,Female,USA,37.65996349810396,45,1,1,4,178.82569354413326,7,Mobile,Basic,0
2345,21,Female,Germany,19.17981301697008,9,7,5,4,318.111096767248,20,Desktop,Premium,0
2346,30,Male,UK,19.531884873489112,16,5,5,4,-4.249984377679283,19,Mobile,Premium,0
2347,19,Female,Canada,41.140902868275454,36,2,1,4,156.43755413285874,6,Desktop,Basic,0
2348,22,Male,Canada,30.047973787501203,34,17,3,4,215.7665293585718,51,Mobile,Basic,0
2349,61,Male,Germany,28.44182444798786,45,10,6,3,205.38580556576775,39,Desktop,Premium,0
2350,44,Female,USA,27.12062305039343,13,4,0,0,321.12622358093404,1,Mobile,Basic,0
2351,49,Male,Canada,31.52067435469113,19,9,0,1,294.4392294864543,7,Desktop,Premium,0
2352,38,Male,Germany,27.457505884487077,12,11,5,0,254.5698908306344,35,Desktop,Basic,1
2353,25,Male,USA,9.678592231285737,36,12,6,3,177.84289167037906,25,Mobile,Premium,0
2354,55,Female,Germany,44.158752668283014,10,12,4,4,276.9065948565414,38,Mobile,Basic,0
2355,25,Male,USA,28.89439638161214,16,18,9,3,152.15483541876895,23,Desktop,Premium,0
2356,20,Male,Ghana,48.315286296380286,28,4,7,3,261.78563054187833,25,Desktop,Premium,0
2357,61,Female,USA,12.37803723825737,19,9,3,0,141.6817920843137,38,Desktop,Premium,1
2358,20,Female,UK,12.338806774029912,40,8,2,1,223.53551385370096,58,Desktop,Premium,0
2359,39,Male,Ghana,27.245864644827613,6,19,6,2,83.53453718795265,11,Mobile,Premium,0
2360,23,Female,Germany,39.775273185396316,4,13,3,2,282.8415042768787,34,Desktop,Basic,0
2361,19,Male,Ghana,17.803327784725568,30,2,0,1,164.434081117034,31,Desktop,Basic,0
2362,40,Male,Ghana,17.415219446745898,39,19,7,4,90.47669285565577,38,Mobile,Premium,0
2363,61,Male,Germany,33.719523387104054,31,14,4,3,122.90751779500005,54,Desktop,Basic,0
2364,19,Female,Germany,26.871263333812816,46,5,7,4,175.48333385365197,50,Mobile,Basic,0
2365,55,Male,UK,35.44079911095245,27,10,7,3,127.02320785566255,55,Desktop,Premium,0
2366,34,Female,Germany,27.050501967525996,45,17,4,2,257.61339505658947,46,Mobile,Basic,0
2367,52,Female,Canada,33.85137282804983,21,16,7,1,177.7811688906806,12,Mobile,Basic,0
2368,51,Male,Canada,43.66133238946735,37,17,6,0,274.7976286420078,9,Desktop,Basic,0
2369,40,Female,UK,17.824532082440037,9,1,2,0,177.36769107182022,13,Mobile,Premium,0
2370,47,Female,USA,41.84787013816127,35,15,3,1,257.3663223252558,58,Desktop,Basic,0
2371,25,Female,USA,12.958525313266783,42,17,6,2,200.71877796958233,20,Mobile,Basic,0
2372,39,Female,Canada,36.09336573836615,47,11,3,3,179.24987947143666,59,Mobile,Premium,0
2373,61,Female,Germany,44.19269169363041,21,5,5,0,116.7494936249146,21,Mobile,Basic,0
2374,53,Male,UK,24.759319763472703,17,4,1,2,205.42817934476403,22,Desktop,Premium,0
2375,22,Female,USA,36.445551141916944,24,9,1,1,258.8316794156269,1,Desktop,Basic,0
2376,30,Male,USA,25.12906843050459,31,16,2,4,144.99901029118536,40,Mobile,Premium,0
2377,46,Male,Ghana,35.85381134126975,6,12,9,2,199.00236744239473,41,Desktop,Premium,0
2378,48,Male,Canada,7.41500643690452,35,18,6,2,155.87380443553337,17,Mobile,Premium,0
2379,64,Male,Germany,31.621566640874146,37,3,2,4,354.8973827364749,45,Mobile,Basic,0
2380,33,Male,UK,33.95390963843464,13,15,2,2,224.95939429527164,4,Desktop,Premium,0
2381,59,Male,USA,43.446819510731096,25,18,3,0,207.19550985990736,6,Mobile,Basic,0
2382,47,Female,Ghana,39.252555412798145,32,12,9,0,161.13974642432441,45,Desktop,Basic,1
2383,33,Female,Canada,28.387639476024948,1,13,5,0,270.7138800983314,58,Mobile,Basic,1
2384,29,Female,Canada,32.680647979486416,49,1,0,2,199.9457122663727,49,Desktop,Basic,0
2385,34,Male,UK,15.538835750937075,35,4,5,2,194.80738518317486,19,Mobile,Premium,0
2386,33,Female,USA,46.44074938040169,19,8,7,2,194.1369473331215,30,Mobile,Premium,0
2387,29,Female,UK,36.91159398322071,12,19,7,1,111.52182570279612,23,Mobile,Premium,0
2388,25,Female,UK,11.390992307892393,40,5,5,4,319.667087990725,32,Mobile,Basic,0
2389,37,Male,Ghana,32.45987048128154,40,11,5,2,273.568590530332,56,Mobile,Premium,0
2390,20,Female,Canada,33.22340444477964,47,17,2,4,200.71358974778096,29,Desktop,Basic,0
2391,33,Male,Germany,22.260561041371396,43,17,1,3,191.75178690981883,8,Desktop,Basic,0
2392,47,Female,Canada,30.96865535626178,20,2,6,0,129.47246638353505,21,Mobile,Premium,0
2393,62,Male,Canada,21.255198016852823,33,1,7,1,81.91856885139138,17,Mobile,Premium,0
2394,40,Male,Ghana,15.954024272934168,29,4,9,4,129.52399901589644,17,Desktop,Basic,0
2395,45,Male,Germany,23.866530173759468,16,9,5,0,291.490298914851,56,Desktop,Basic,1
2396,57,Female,USA,31.71590259139284,14,2,4,1,169.06415293636965,21,Mobile,Premium,0
2397,22,Female,Germany,39.28331733376234,7,3,3,0,286.59112466585634,15,Mobile,Premium,0
2398,37,Male,USA,30.698184508715183,6,6,0,2,197.59987830237955,27,Mobile,Premium,0
2399,57,Female,Germany,39.38091368939708,21,13,8,2,130.52692243237973,25,Mobile,Basic,0
2400,61,Male,UK,36.487030777040516,36,15,9,0,141.27957866088806,33,Mobile,Basic,1
2401,18,Male,Germany,19.64601954162142,22,11,3,1,219.7279665527411,2,Mobile,Premium,0
2402,47,Female,Ghana,36.41103037041897,40,10,1,0,70.44061181462459,52,Desktop,Basic,1
2403,38,Female,USA,36.68743402621395,19,3,3,3,138.63714914716522,42,Mobile,Basic,0
2404,37,Female,Canada,47.41801047436961,25,9,4,1,163.71119419751525,59,Mobile,Premium,0
2405,23,Male,Ghana,34.106543613356514,3,10,1,1,265.6438906720258,16,Desktop,Premium,0
2406,39,Male,USA,17.65325952187467,36,12,6,0,222.63543094869593,55,Desktop,Basic,1
2407,35,Female,USA,24.45919203659774,45,8,2,4,214.99188919950058,36,Desktop,Basic,0
2408,25,Male,Canada,11.474428652405393,34,17,7,0,237.07042435118254,8,Mobile,Premium,0
2409,56,Female,UK,35.104775188058,11,5,3,4,282.7293384724805,16,Desktop,Premium,0
2410,49,Male,Ghana,46.539675407780415,48,8,4,1,204.04544105666344,7,Mobile,Premium,0
2411,50,Female,Canada,6.088525101504629,42,18,2,2,117.25745489424045,5,Desktop,Premium,0
2412,33,Female,Canada,46.962303425235746,47,11,4,2,215.03136182994228,23,Desktop,Premium,0
2413,29,Male,UK,34.97237503039355,27,10,8,0,132.7685388688926,8,Desktop,Basic,0
2414,55,Female,Ghana,19.234183458427868,42,15,1,4,34.474423694005935,3,Mobile,Premium,0
2415,51,Female,Canada,32.56694639492551,2,6,6,0,215.11467282514135,35,Desktop,Premium,1
2416,31,Male,UK,19.55672322635676,6,19,9,3,241.3383215300642,50,Desktop,Basic,0
2417,53,Female,Ghana,34.40419765582764,46,17,7,0,227.74919730932533,36,Desktop,Premium,1
2418,50,Male,Germany,30.6336105010855,2,10,2,0,240.4269667921359,59,Mobile,Basic,1
2419,40,Female,USA,33.29343569381472,42,5,3,0,289.1744384963844,36,Mobile,Premium,1
2420,62,Male,UK,20.81060682813557,17,16,9,0,122.47438734462911,15,Mobile,Basic,0
2421,19,Female,USA,22.266793933854814,40,12,1,4,168.95969418975082,30,Mobile,Basic,0
2422,58,Female,Germany,35.018214128389715,48,5,9,4,97.03257353605923,15,Mobile,Premium,0
2423,38,Female,Canada,24.972737060673346,14,1,8,4,235.94738479615995,29,Desktop,Premium,0
2424,19,Female,Canada,31.490178081716554,10,2,2,3,298.30504922827004,4,Desktop,Basic,0
2425,44,Male,Ghana,34.52983529707083,45,5,8,3,156.44196361492325,34,Mobile,Basic,0
2426,26,Male,UK,27.776441421954942,33,19,6,0,257.7844956328329,23,Desktop,Premium,0
2427,18,Male,UK,41.551011783717485,42,15,5,4,138.45166706684233,58,Desktop,Basic,0
2428,28,Male,Ghana,28.144495169852625,12,1,2,3,251.638838711684,35,Mobile,Basic,0
2429,20,Male,USA,27.8442451292833,32,11,6,2,21.291730905792264,28,Mobile,Basic,0
2430,40,Male,Canada,23.682948245871664,49,18,2,0,321.8111913338538,31,Mobile,Premium,1
2431,43,Male,Canada,40.39982025278316,24,3,5,1,112.7781068577998,42,Desktop,Basic,0
2432,21,Female,UK,22.927917599756682,14,9,7,4,213.51545397123476,33,Mobile,Premium,0
2433,35,Female,UK,42.54490194153569,5,4,4,0,312.38436415484176,18,Mobile,Basic,0
2434,23,Female,Ghana,31.631127113654106,5,13,2,0,106.55806465346072,5,Mobile,Basic,0
2435,52,Female,Germany,56.8209481364969,47,9,5,1,340.76378174636494,9,Desktop,Premium,0
2436,39,Male,USA,23.395401264374915,32,3,7,2,368.24701829345827,20,Desktop,Premium,0
2437,60,Male,Germany,42.7519390449444,45,16,9,3,255.1186837345249,38,Desktop,Premium,0
2438,32,Male,Germany,35.10241979589149,49,8,2,3,201.3448114857515,51,Mobile,Basic,0
2439,39,Female,UK,24.862457878167408,33,7,4,1,185.21564280209324,9,Desktop,Basic,0
2440,54,Male,UK,35.23679656030524,46,17,8,1,245.93923987059304,18,Mobile,Premium,0
2441,59,Female,UK,34.74954015430535,4,16,9,3,259.6952512604977,56,Mobile,Basic,0
2442,29,Male,Germany,26.68061374814411,30,18,9,2,38.95422479413784,15,Desktop,Premium,0
2443,64,Male,USA,34.28280879007511,41,16,2,2,177.21344837984222,15,Mobile,Basic,0
2444,59,Male,UK,41.63441592814206,17,15,1,0,153.2230877028235,59,Desktop,Premium,1
2445,55,Male,Canada,35.11354160725999,3,2,7,1,141.64551172801418,14,Mobile,Premium,0
2446,35,Female,USA,25.80814830273597,13,4,6,1,143.22306986650148,35,Mobile,Basic,0
2447,62,Female,Canada,25.244976143243573,44,5,8,1,96.47076202229337,40,Desktop,Premium,0
2448,52,Male,USA,29.125901317584685,48,7,3,3,323.9897363327412,51,Mobile,Premium,0
2449,47,Female,UK,41.12462014582164,36,15,2,3,153.01518417214498,43,Desktop,Premium,0
2450,41,Male,Ghana,22.462109094037732,18,17,9,3,188.41280936397317,36,Desktop,Premium,0
2451,59,Male,UK,33.921311743141445,23,10,4,2,174.9996201200831,47,Mobile,Premium,0
2452,47,Male,Germany,14.375324383749994,35,9,0,3,156.09951040648107,56,Mobile,Basic,0
2453,31,Male,Germany,35.94611507529627,49,16,4,0,233.35780503841227,42,Mobile,Premium,1
2454,23,Female,USA,37.51770897970807,33,3,2,3,175.02260647312224,20,Mobile,Basic,0
2455,20,Male,Germany,50.27621496249071,36,9,0,2,248.42987154295224,11,Mobile,Premium,0
2456,33,Male,UK,39.25293053716278,17,8,2,1,325.604071797609,57,Mobile,Basic,0
2457,24,Female,Canada,25.98799074389658,39,7,4,0,111.98616712760511,41,Mobile,Premium,1
2458,31,Male,UK,14.65420702619188,34,17,4,2,225.82534705014015,54,Mobile,Basic,0
2459,26,Female,USA,35.141964859880105,12,5,9,4,223.45952375831752,17,Mobile,Premium,0
2460,32,Male,Germany,26.727776966049042,5,7,7,1,105.96875494247222,41,Mobile,Premium,0
2461,38,Male,Canada,33.34102397724238,48,13,0,3,251.69318975105358,25,Mobile,Basic,0
2462,52,Male,Ghana,22.798149197908383,40,18,6,2,179.01621584468742,29,Desktop,Basic,0
2463,19,Male,Canada,28.268037783529305,27,14,4,4,326.3437261251174,23,Mobile,Basic,0
2464,44,Male,Canada,13.000146979607607,40,18,2,2,279.92010643700996,9,Mobile,Premium,0
2465,19,Male,UK,19.537939029236924,13,3,3,3,199.95966321010116,56,Mobile,Basic,0
2466,52,Female,Ghana,18.127297743383302,26,17,2,2,182.68822623937007,25,Desktop,Premium,0
2467,35,Male,USA,38.72789839282155,14,19,7,4,338.6071154847805,41,Mobile,Basic,0
2468,31,Female,USA,21.72735762724787,32,7,3,2,153.6553487121469,23,Desktop,Premium,0
2469,37,Female,Canada,43.77930075974714,11,4,2,0,221.15662219556984,54,Desktop,Premium,1
2470,35,Male,Canada,21.825561187009615,38,15,1,0,194.78997144718062,2,Mobile,Basic,0
2471,27,Female,Germany,50.95938067563793,16,8,2,3,295.58909368931495,45,Mobile,Premium,0
2472,42,Male,Ghana,10.511657334111803,22,16,6,4,301.7367274176613,55,Mobile,Premium,0
2473,19,Female,Canada,34.243017999521875,47,1,5,4,243.39171077119144,1,Desktop,Basic,0
2474,42,Male,Germany,30.385980321572944,16,16,9,4,157.77559484686117,38,Desktop,Basic,0
2475,50,Female,Ghana,17.885584859561774,13,2,4,4,187.4802642729506,6,Desktop,Basic,0
2476,53,Female,USA,24.49068431135001,12,2,7,4,101.58262292171477,48,Mobile,Basic,0
2477,48,Male,Germany,27.387184821136326,18,8,0,1,219.91108185155738,44,Mobile,Basic,0
2478,31,Female,Ghana,32.4980626003137,29,12,2,2,135.47314580225805,15,Desktop,Premium,0
2479,18,Male,Germany,20.635833011360234,18,11,1,4,379.10663159078484,7,Desktop,Premium,0
2480,63,Male,Canada,34.25320388555482,46,6,1,0,156.18763181702022,2,Desktop,Premium,0
2481,33,Male,UK,31.197238499971803,2,19,0,2,282.06315438673727,30,Desktop,Premium,0
2482,63,Male,USA,37.79184760641414,2,18,4,3,322.2787037239845,29,Mobile,Basic,0
2483,20,Male,Canada,21.37637975790205,3,5,4,3,266.30695081616307,12,Mobile,Basic,0
2484,52,Female,Canada,25.90666999697244,29,15,2,4,159.46897259432922,52,Desktop,Premium,0
2485,58,Female,Ghana,44.421183764634804,8,8,8,1,153.75272507394808,34,Mobile,Premium,0
2486,23,Female,Germany,20.939615076941518,11,6,5,1,435.52928071860805,30,Desktop,Premium,0
2487,42,Male,USA,16.075232801680684,12,12,9,2,357.9156721137882,36,Desktop,Premium,0
2488,30,Female,Canada,23.690448369205022,32,19,5,1,224.27771653646732,35,Mobile,Premium,0
2489,51,Female,Ghana,12.240503011999472,4,12,9,3,172.9302253772572,2,Mobile,Basic,0
2490,25,Female,USA,46.7289347749836,9,12,5,4,130.3990784145808,50,Mobile,Premium,0
2491,38,Female,Germany,27.172366648362768,24,9,1,0,150.41702023631396,3,Desktop,Premium,0
2492,51,Female,Canada,27.268946145344273,49,10,9,3,256.82466639550273,42,Desktop,Premium,0
2493,21,Male,Canada,37.42526957185977,16,17,9,3,385.0328503808699,12,Mobile,Premium,0
2494,42,Male,Canada,22.74443116990531,17,18,7,2,190.4960794022266,4,Mobile,Basic,0
2495,32,Female,USA,27.84069630650279,47,16,5,1,295.87812288795175,55,Mobile,Basic,0
2496,21,Male,USA,22.480563383349523,22,4,2,0,271.8789950955437,52,Desktop,Premium,1
2497,62,Male,USA,12.449690894613298,7,18,9,0,176.60157319052712,59,Desktop,Premium,1
2498,29,Female,USA,30.507578804855356,10,3,8,1,279.92578822830933,7,Mobile,Basic,0
2499,49,Female,Ghana,40.25727428958436,29,16,1,4,282.41118848660653,20,Mobile,Basic,0
2500,49,Male,UK,30.79294953170136,36,14,6,1,273.3447116707105,19,Desktop,Basic,0
2501,45,Female,Ghana,39.19791324050006,24,9,2,4,166.9913140521667,8,Mobile,Premium,0
2502,30,Male,Canada,19.0420810093309,46,6,5,0,257.36880758935285,3,Desktop,Premium,0
2503,48,Male,Ghana,22.45960753057235,14,4,4,2,295.12352433830404,27,Mobile,Premium,0
2504,31,Female,Germany,17.057029349100908,14,2,5,3,276.4605189009298,15,Desktop,Premium,0
2505,37,Male,USA,33.6655754531179,25,10,7,0,286.2253152310055,8,Desktop,Premium,0
2506,35,Male,Germany,26.823913700174014,46,11,2,0,183.75820176211732,18,Mobile,Premium,0
2507,46,Male,Germany,26.44941417868401,22,7,1,0,285.80372095557186,29,Mobile,Premium,0
2508,23,Female,Canada,36.689861898515495,47,5,7,3,303.20520287013426,46,Desktop,Premium,0
2509,49,Female,USA,25.270170161130515,23,4,0,4,163.44676533046714,51,Mobile,Premium,0
2510,46,Female,Germany,40.7967171338837,32,6,1,2,89.27470370004882,36,Mobile,Premium,0
2511,60,Female,Canada,32.356575879871976,26,2,9,2,330.84687991810233,3,Mobile,Premium,0
2512,19,Male,USA,26.338521591988147,27,2,0,2,162.99753678994415,54,Desktop,Basic,0
2513,40,Female,UK,14.483966614013752,45,16,4,4,140.5930722221546,9,Desktop,Basic,0
2514,36,Female,Canada,36.63274278037027,12,13,7,1,216.98330571833853,10,Desktop,Premium,0
2515,48,Female,Ghana,32.82935630881526,19,7,1,1,178.40199473928155,40,Mobile,Premium,0
2516,22,Female,USA,33.31068475764938,19,5,3,2,45.90144386220027,20,Desktop,Premium,0
2517,36,Male,Germany,33.629636003026356,34,17,3,0,271.3454542456378,2,Mobile,Basic,0
2518,51,Male,Germany,24.70913931276629,32,13,6,0,269.34302204696587,58,Mobile,Premium,1
2519,27,Male,Ghana,28.486259220323674,29,15,0,3,117.49057590016903,1,Desktop,Premium,0
2520,42,Female,Ghana,25.414487297540227,21,3,8,1,197.96311113884067,27,Desktop,Premium,0
2521,19,Female,Germany,42.50064483743968,35,4,2,0,118.62278607008471,4,Desktop,Basic,0
2522,28,Male,USA,27.248797068133506,42,15,5,2,131.29873339335177,48,Mobile,Premium,0
2523,48,Female,Canada,23.80759808700062,5,18,9,3,151.8475445322279,37,Mobile,Basic,0
2524,32,Female,Ghana,43.187640782957075,12,3,4,1,242.28604056601037,32,Desktop,Premium,0
2525,26,Male,Ghana,42.099712350029534,7,7,3,3,360.8950146568671,18,Mobile,Basic,0
2526,40,Male,Ghana,32.36374292137607,41,8,8,0,166.93978448370044,14,Desktop,Basic,0
2527,36,Female,UK,28.70131673252721,2,11,8,2,267.1167096923491,45,Desktop,Premium,0
2528,26,Female,USA,26.204504652323237,25,9,0,2,263.8103916431263,48,Desktop,Premium,0
2529,52,Female,USA,29.560259237961244,10,12,6,2,29.6185389973204,15,Mobile,Basic,0
2530,38,Male,USA,21.25288416790617,38,5,9,0,89.19914111969418,51,Desktop,Premium,1
2531,26,Male,USA,34.83366940824098,44,1,8,4,363.70253250312635,4,Desktop,Basic,0
2532,45,Male,USA,46.52502964092954,6,14,4,2,159.50330259568773,19,Desktop,Basic,0
2533,63,Male,Germany,35.62619878734863,27,3,0,4,236.24617814019155,24,Desktop,Premium,0
2534,24,Female,Ghana,18.967637215644018,35,15,7,2,226.94371618227535,30,Mobile,Basic,0
2535,33,Male,Germany,34.55100765968018,10,10,4,4,29.754936052119263,13,Mobile,Basic,0
2536,33,Male,UK,31.945385636308746,9,10,5,1,145.43624217489673,11,Mobile,Basic,0
2537,50,Female,Canada,34.46294803302976,20,3,6,1,258.1329201695281,28,Mobile,Premium,0
2538,21,Female,Ghana,21.804312554266716,37,6,9,2,124.97627005156576,50,Mobile,Premium,0
2539,21,Female,UK,30.033573424779494,35,5,6,3,169.75225166521375,57,Mobile,Basic,0
2540,56,Male,Germany,38.830989009953385,37,19,6,3,103.67283873268192,11,Mobile,Premium,0
2541,57,Female,Canada,19.30002109490645,40,14,0,0,132.75833917647842,54,Desktop,Premium,1
2542,34,Female,UK,25.508767688467138,8,17,6,1,157.8608647294472,1,Desktop,Premium,0
2543,54,Male,Canada,27.121463554191042,46,12,2,1,51.266957024707835,47,Mobile,Basic,0
2544,56,Male,UK,39.98367118870968,31,9,4,3,293.7247208376182,56,Desktop,Premium,0
2545,46,Female,Germany,41.47499246578517,49,3,9,2,88.91270153789833,42,Mobile,Premium,0
2546,53,Male,Canada,10.848677456560335,43,18,4,0,186.20587505296433,54,Mobile,Premium,1
2547,55,Female,UK,39.97508786329563,16,4,7,1,140.4098205010084,4,Desktop,Basic,0
2548,56,Female,Germany,41.78955083267427,28,14,6,0,286.148255916018,38,Desktop,Premium,1
2549,54,Male,Ghana,41.14687427781902,6,6,6,1,101.40943972138479,34,Desktop,Premium,0
2550,52,Female,Germany,24.703727606622046,32,15,5,4,137.4349375008268,49,Desktop,Basic,0
2551,24,Male,Germany,27.701980519062086,28,17,6,4,93.02944394564139,12,Mobile,Premium,0
2552,44,Male,Ghana,14.32578735766475,11,5,6,0,7.3520974681217695,54,Desktop,Premium,1
2553,45,Male,Germany,9.050468851320215,42,6,4,3,240.72714648460362,24,Mobile,Premium,0
2554,39,Female,Ghana,26.38485594805635,23,5,4,3,202.58411208300333,37,Mobile,Basic,0
2555,31,Male,Ghana,30.76468715540293,30,19,3,1,217.526665229058,56,Desktop,Premium,0
2556,24,Male,Ghana,31.767694719870853,9,14,3,4,264.8388998103417,32,Desktop,Basic,0
2557,54,Female,UK,38.21139654147888,28,4,4,4,208.64810105001322,19,Desktop,Premium,0
2558,39,Female,Canada,60.61135784893347,24,5,9,0,164.47891237944896,29,Mobile,Basic,0
2559,22,Female,UK,26.040093351030098,28,11,8,0,220.7708932254688,38,Mobile,Premium,1
2560,19,Female,Ghana,19.44430862090442,24,2,5,3,159.48094601506867,49,Desktop,Basic,0
2561,44,Male,Canada,35.461346805872914,15,2,7,3,288.9880861938575,29,Desktop,Basic,0
2562,38,Male,Canada,32.22242386955943,39,12,8,3,171.03381259528695,19,Mobile,Premium,0
2563,55,Male,Ghana,24.254785791806547,33,16,3,2,190.46116660979774,20,Desktop,Basic,0
2564,32,Female,Canada,39.1085217412239,47,17,6,4,250.92568621361426,53,Desktop,Premium,0
2565,38,Female,Canada,21.88065015285325,34,4,4,4,386.8891315080249,3,Desktop,Basic,0
2566,27,Male,UK,28.71433280528611,22,14,3,0,118.22535348506565,40,Desktop,Premium,1
2567,40,Female,Canada,29.290822584334965,29,7,6,4,102.53142756947987,5,Desktop,Basic,0
2568,56,Female,Ghana,20.522872977304942,34,15,2,0,180.3997595873533,23,Desktop,Premium,0
2569,22,Male,USA,12.902950202497333,42,16,0,2,140.14165273884657,5,Desktop,Basic,0
2570,18,Male,USA,32.18950012387585,47,8,6,3,255.99704530587536,30,Mobile,Basic,0
2571,30,Female,USA,43.687154884890234,10,2,8,2,215.79535809870882,32,Desktop,Premium,0
2572,38,Female,Ghana,39.60901855647977,45,19,1,3,110.44382251253842,24,Desktop,Premium,0
2573,43,Female,USA,40.27799582204109,30,1,6,3,259.95684317526616,49,Mobile,Basic,0
2574,62,Male,UK,22.01050304163099,11,4,9,0,347.8135281694844,51,Mobile,Basic,1
2575,38,Male,Ghana,32.140695714903,34,11,1,3,136.07762207688944,51,Desktop,Basic,0
2576,35,Male,Ghana,15.758402854292225,21,10,2,2,226.021216334094,58,Mobile,Basic,0
2577,54,Male,Ghana,31.68915012858787,13,18,9,1,24.42626564937808,42,Desktop,Premium,0
2578,62,Male,Canada,43.88784507474798,25,1,9,0,170.55138679514388,35,Mobile,Premium,1
2579,49,Female,Canada,44.19837123394075,21,17,2,3,224.77304479724654,32,Mobile,Basic,0
2580,53,Female,Canada,50.3044866764353,1,16,3,3,188.6913458307239,54,Mobile,Premium,0
2581,34,Female,Germany,39.891780243461135,5,12,5,4,209.00698079256486,57,Desktop,Premium,0
2582,52,Male,UK,34.75749055877253,22,16,2,0,137.75610939702145,45,Mobile,Basic,1
2583,28,Male,Ghana,38.74723182402134,7,9,8,0,300.8014191537096,48,Desktop,Basic,1
2584,38,Male,Ghana,36.80574159651872,13,17,1,2,167.14746378092286,44,Desktop,Basic,0
2585,43,Female,Canada,21.92745752588464,45,3,6,1,101.64313722216589,22,Mobile,Premium,0
2586,21,Male,Ghana,14.846700194339071,23,18,5,2,196.89577293961202,21,Mobile,Premium,0
2587,51,Male,Ghana,38.82758719419752,21,15,1,2,273.8324167215519,28,Desktop,Basic,0
2588,35,Female,USA,50.933482605585226,6,15,2,2,244.3581007853592,49,Desktop,Basic,0
2589,57,Male,Ghana,39.23971427871622,20,16,5,1,158.5814232968899,34,Desktop,Basic,0
2590,52,Female,Germany,11.112762840894447,12,1,9,2,341.85280796697486,16,Mobile,Premium,0
2591,58,Male,Canada,24.806981559609873,40,1,3,0,194.02100273149236,11,Desktop,Basic,0
2592,46,Male,UK,28.033072301277752,9,4,0,1,63.01225280529681,33,Mobile,Premium,0
2593,46,Female,UK,11.439566731305458,28,13,0,3,247.55058966191135,44,Desktop,Premium,0
2594,55,Female,USA,16.231029582103005,11,4,2,4,189.01378982813046,38,Mobile,Premium,0
2595,59,Female,UK,29.62924505832527,32,8,7,4,194.07618606513094,19,Desktop,Basic,0
2596,38,Female,UK,32.616343777027055,11,13,3,0,271.10526525420903,28,Desktop,Premium,0
2597,59,Female,Canada,20.13985857300277,24,8,0,4,179.11806290132458,29,Mobile,Premium,0
2598,30,Female,Canada,15.77060359456377,15,14,7,4,176.78595684816747,37,Mobile,Premium,0
2599,58,Male,Germany,41.93305879217435,41,1,9,4,99.71803609839822,54,Mobile,Basic,0
2600,34,Male,USA,26.174711416210243,35,9,5,3,157.64460450503233,53,Mobile,Basic,0
2601,26,Female,UK,27.605878243154674,17,1,0,4,219.59815213160272,3,Mobile,Premium,0
2602,58,Male,Germany,24.53329757510059,25,7,9,2,152.9691213258472,18,Desktop,Premium,0
2603,18,Female,USA,22.288247075498475,49,13,9,0,66.45000461965319,18,Mobile,Premium,0
2604,19,Male,UK,43.02783276821044,35,15,5,0,252.11929194567927,12,Mobile,Premium,0
2605,46,Female,UK,21.20203654629581,19,9,0,0,255.39833881202873,18,Mobile,Premium,0
2606,50,Male,Canada,31.79683492577264,41,16,9,3,256.0005047897615,32,Mobile,Basic,0
2607,27,Male,Ghana,30.087043296512327,31,17,9,3,125.95661212934105,42,Mobile,Premium,0
2608,57,Male,USA,10.518262211427075,17,9,2,4,198.34870292830314,36,Desktop,Basic,0
2609,38,Male,UK,32.40946881999318,23,6,1,2,219.17164599117277,52,Mobile,Basic,0
2610,45,Male,USA,14.560311015247665,47,12,3,4,247.56742732944716,19,Desktop,Premium,0
2611,28,Female,Germany,36.35460108829912,1,16,1,0,249.35420085494604,56,Mobile,Premium,1
2612,51,Female,Germany,18.135834702829897,10,15,4,2,86.97518560462498,4,Mobile,Premium,0
2613,25,Female,Ghana,35.220186105991495,8,7,3,0,337.7714580684953,56,Desktop,Basic,1
2614,39,Male,UK,25.704941552632214,42,10,5,2,103.32204037987029,11,Mobile,Premium,0
2615,25,Female,Canada,23.25675252797616,26,4,6,1,69.50688087369105,3,Mobile,Basic,0
2616,32,Male,UK,32.10566457311559,34,3,1,3,-34.698759437961684,27,Desktop,Premium,0
2617,34,Male,USA,15.281409322823784,19,18,1,3,255.8824896862027,47,Desktop,Premium,0
2618,40,Male,Germany,29.30779341036738,14,1,7,0,315.9076024944927,16,Mobile,Basic,0
2619,41,Female,USA,37.82250039940246,8,13,8,0,149.40308740596325,44,Desktop,Premium,1
2620,62,Male,Ghana,40.42604431624458,1,18,4,1,58.56108499201767,18,Mobile,Basic,0
2621,36,Female,Germany,25.37369086276211,48,8,6,4,269.9630407546804,30,Mobile,Premium,0
2622,22,Female,Canada,26.833476994926055,25,11,8,2,96.16976106228249,24,Mobile,Basic,0
2623,49,Male,Germany,15.080975373068748,24,10,0,1,249.51922634030603,6,Desktop,Basic,0
2624,61,Male,UK,22.492868381193684,47,4,7,1,126.04125477536013,47,Desktop,Premium,0
2625,18,Female,UK,14.398894930904806,20,4,9,0,164.87383507762425,34,Mobile,Premium,1
2626,40,Female,Germany,34.4007359523518,30,4,9,0,225.53960904100157,55,Mobile,Premium,1
2627,54,Female,Ghana,38.421667197294035,5,12,8,4,226.13160795092483,12,Desktop,Basic,0
2628,25,Female,UK,25.457758281837307,3,8,8,4,208.5403172572882,42,Mobile,Premium,0
2629,30,Female,UK,19.417678513054184,32,13,9,0,317.6141378387612,23,Desktop,Premium,0
2630,25,Female,Canada,33.081917735796736,17,8,6,3,337.14614677416745,36,Desktop,Premium,0
2631,40,Male,Germany,21.320342935150773,42,3,9,4,343.38578012811865,40,Desktop,Basic,0
2632,60,Female,UK,36.719388688465955,5,12,2,1,185.91457505540268,15,Desktop,Basic,0
2633,18,Female,Ghana,49.35430282703556,11,18,4,0,208.48643969250227,51,Desktop,Basic,1
2634,62,Female,USA,21.155669402985787,38,15,1,2,310.2624650997265,16,Mobile,Premium,0
2635,41,Female,Germany,22.583243971096525,4,14,9,2,147.86293016857502,45,Desktop,Basic,0
2636,52,Male,Canada,15.404292984570718,39,9,2,3,165.61956700380372,57,Desktop,Basic,0
2637,41,Male,UK,31.46109093327877,19,5,9,0,201.66796802019115,47,Desktop,Premium,1
2638,34,Female,Ghana,30.781240685981324,39,15,6,1,198.45675539370748,14,Mobile,Premium,0
2639,22,Female,Germany,27.294407039372977,46,8,0,3,177.08768197198316,15,Desktop,Premium,0
2640,37,Female,Ghana,30.161470475522716,49,3,2,1,125.2016039981057,12,Desktop,Premium,0
2641,38,Male,Ghana,19.563250179448378,23,12,4,2,268.3408907218893,43,Desktop,Basic,0
2642,57,Male,Canada,13.368003231958891,17,5,3,1,169.00905002001963,53,Mobile,Basic,0
2643,48,Male,Germany,22.40930223909456,13,9,2,2,212.50844186535335,35,Mobile,Basic,0
2644,63,Male,UK,10.844772839268984,27,3,5,4,199.43796643497714,25,Mobile,Basic,0
2645,53,Male,Canada,21.154717700713054,1,8,5,2,254.0322217526588,14,Desktop,Premium,0
2646,28,Male,UK,33.09727440991166,2,13,3,2,236.49966977857073,2,Desktop,Basic,0
2647,32,Female,USA,30.596651856465478,18,8,8,3,179.57712482741084,18,Mobile,Premium,0
2648,36,Male,Ghana,12.262172695862446,36,5,5,3,166.80299278136766,35,Mobile,Premium,0
2649,24,Male,USA,40.49346545597032,45,7,8,0,191.14044332683318,9,Desktop,Basic,0
2650,45,Female,Ghana,28.054291025224714,33,5,9,0,111.21604705144466,11,Mobile,Premium,0
2651,60,Male,Canada,17.006763982172103,36,9,9,2,135.65821466177016,26,Mobile,Premium,0
2652,22,Female,UK,26.356450901134707,2,5,1,4,242.44019502195624,3,Mobile,Premium,0
2653,22,Male,UK,24.16988251190972,4,8,5,0,223.94951688241434,5,Desktop,Premium,0
2654,47,Female,Canada,21.322612968587094,16,12,3,2,122.71720283376364,32,Mobile,Premium,0
2655,49,Female,Germany,38.12592703857598,4,4,1,3,190.41345574532275,41,Mobile,Basic,0
2656,25,Female,USA,18.936750204328362,9,9,4,0,74.9515021201209,10,Mobile,Premium,0
2657,27,Female,USA,31.84646158503202,49,14,2,0,210.82011603062944,38,Desktop,Basic,1
2658,55,Female,UK,16.586818099391994,21,19,5,2,173.1084510867122,6,Desktop,Premium,0
2659,64,Male,UK,29.631039069072862,23,13,7,2,367.6040485653044,11,Mobile,Premium,0
2660,49,Male,UK,32.65422681247978,2,3,3,1,246.97230134662135,17,Mobile,Basic,0
2661,45,Female,Canada,32.6733828008645,3,4,3,1,123.74761438208824,59,Mobile,Basic,0
2662,34,Female,Germany,30.808061387072392,23,1,4,4,122.6466600308988,2,Mobile,Premium,0
2663,48,Female,USA,27.609847502620795,26,1,5,0,251.0185955959273,41,Mobile,Basic,1
2664,25,Male,Ghana,19.359058485728998,47,11,6,1,270.34603064160416,24,Desktop,Basic,0
2665,57,Female,Canada,19.474482106531266,7,16,5,2,348.68419293002694,50,Mobile,Basic,0
2666,42,Female,USA,32.98828801411863,36,4,6,0,292.50872964477014,5,Mobile,Premium,0
2667,26,Female,Germany,17.385911629964212,44,7,8,1,238.17154707130953,21,Desktop,Basic,0
2668,19,Female,Canada,15.092925723509552,33,12,3,4,313.8534024142332,6,Desktop,Basic,0
2669,32,Male,USA,44.29769815913518,49,6,9,4,205.9660921628902,4,Mobile,Basic,0
2670,20,Female,Canada,27.402831029850493,36,9,0,4,202.4053110116154,9,Desktop,Premium,0
2671,53,Female,USA,36.350146860713465,4,8,8,4,102.98718015555335,5,Desktop,Basic,0
2672,21,Male,USA,38.73488212885673,23,14,6,2,320.6695759927558,4,Mobile,Basic,0
2673,31,Female,Germany,30.511269941314286,25,15,3,4,210.59127826251978,9,Mobile,Premium,0
2674,58,Female,Ghana,26.23223287140358,41,5,9,3,192.11064553361211,18,Desktop,Basic,0
2675,58,Male,Germany,26.402147826956277,26,15,7,4,136.47962762524813,59,Mobile,Premium,0
2676,42,Male,USA,46.08030572268912,28,6,6,1,298.0301059740291,43,Mobile,Premium,0
2677,27,Male,Canada,24.41192168872042,28,1,1,0,278.92214959353004,16,Desktop,Premium,0
2678,38,Female,Germany,31.7643184576697,21,9,0,1,127.82112493177146,2,Mobile,Basic,0
2679,53,Female,Ghana,36.77319146599111,10,4,8,0,240.83862078621513,29,Desktop,Basic,0
2680,29,Male,USA,32.50709777857417,27,2,6,2,263.6787406811893,48,Desktop,Premium,0
2681,44,Male,Germany,40.84383631260806,15,6,9,0,100.29788591023761,51,Desktop,Basic,1
2682,57,Male,Germany,26.133839863372113,17,2,0,3,251.2991182147236,42,Desktop,Basic,0
2683,19,Female,Germany,36.73350189409071,39,3,3,4,235.27941505105233,36,Desktop,Premium,0
2684,30,Female,Germany,12.053912581574568,35,7,4,1,249.85427891447628,12,Mobile,Basic,0
2685,49,Male,Canada,43.469154638699955,5,17,4,0,358.93683324021134,58,Desktop,Basic,1
2686,48,Female,Ghana,41.23150100481699,16,9,4,1,436.9327958874716,41,Mobile,Basic,0
2687,33,Male,Ghana,26.955740211951564,23,9,2,4,298.89840204907216,45,Mobile,Basic,0
2688,49,Female,USA,34.3883843675644,39,19,4,2,220.83945734861263,37,Desktop,Premium,0
2689,49,Female,UK,38.9106496946247,48,5,3,4,251.05932794936683,34,Mobile,Basic,0
2690,51,Female,Canada,19.62247072060829,9,6,4,2,234.7221995064485,35,Desktop,Premium,0
2691,28,Female,USA,28.554739044373125,33,18,6,1,388.13999758879174,40,Desktop,Premium,0
2692,27,Male,USA,16.94250022758448,35,1,4,2,210.9923063447359,6,Mobile,Premium,0
2693,32,Female,Germany,41.384164263603765,40,17,7,2,166.8590516231701,37,Desktop,Basic,0
2694,34,Female,UK,38.22760620829165,24,14,7,2,243.89886651938343,36,Mobile,Premium,0
2695,57,Male,UK,27.190510838521554,24,15,2,2,367.01763853418356,20,Mobile,Basic,0
2696,35,Female,Canada,26.030867008456113,24,5,4,2,122.50840909022843,16,Mobile,Premium,0
2697,26,Male,UK,28.51043439165053,19,17,3,0,146.2483003806797,8,Desktop,Basic,0
2698,42,Male,USA,21.027426649241335,39,11,4,2,141.81995554141588,44,Mobile,Premium,0
2699,57,Female,UK,28.259624236385136,25,10,7,2,104.23378534089679,22,Desktop,Premium,0
2700,31,Female,UK,19.62269222015763,31,17,3,4,123.90637405815097,5,Mobile,Premium,0
2701,42,Male,Ghana,38.98331116178841,38,1,4,4,275.2299941162904,5,Mobile,Premium,0
2702,39,Male,USA,41.36935706554595,25,5,6,4,217.58502064356523,54,Desktop,Premium,0
2703,47,Male,UK,39.451929880127985,27,16,2,2,96.49150703467163,45,Mobile,Premium,0
2704,37,Female,UK,18.05800160513916,32,7,5,4,254.85426216979752,11,Mobile,Premium,0
2705,38,Male,Germany,27.91549221730697,11,12,8,0,227.63636089500474,43,Mobile,Premium,1
2706,61,Male,UK,35.84729091142538,5,8,3,1,276.13120498596925,19,Desktop,Premium,0
2707,49,Male,UK,37.687580372209126,44,18,3,4,151.67976182936258,39,Desktop,Basic,0
2708,63,Female,Ghana,11.611351659522313,33,1,5,4,101.83273969003727,17,Mobile,Basic,0
2709,38,Male,USA,37.404896004105325,19,12,5,0,254.3904898470207,37,Mobile,Basic,1
2710,52,Female,Canada,17.56731791360711,43,4,2,3,266.0078260979261,38,Desktop,Premium,0
2711,49,Female,USA,28.460356193635505,47,12,0,3,111.64459183049358,18,Desktop,Basic,0
2712,47,Male,Germany,42.57487657589456,16,1,2,0,219.04799411219756,50,Desktop,Premium,1
2713,56,Female,USA,41.22070344896746,35,1,7,4,150.69897474492004,9,Mobile,Basic,0
2714,29,Male,UK,43.26130189747805,11,3,7,1,277.6923503881529,50,Mobile,Basic,0
2715,58,Female,Germany,19.337296286128986,11,12,5,4,252.97395543780488,51,Desktop,Premium,0
2716,64,Female,USA,21.807097144235808,10,13,6,0,297.49929832060025,17,Desktop,Basic,0
2717,35,Male,Germany,24.371989574620002,34,13,1,0,132.70167686708004,41,Mobile,Premium,1
2718,38,Male,Canada,28.535594212853074,5,9,8,2,144.82181274533525,33,Mobile,Basic,0
2719,30,Male,USA,32.16701144806568,23,18,2,0,170.3526948852453,20,Desktop,Basic,0
2720,38,Female,UK,42.7725495097409,25,1,1,2,157.59594444456496,55,Desktop,Basic,0
2721,25,Female,Germany,20.71387866831006,29,6,4,0,229.47615999724093,18,Mobile,Premium,0
2722,63,Male,Ghana,23.71146813457216,40,5,0,2,113.83358425200058,24,Desktop,Basic,0
2723,57,Male,Germany,44.23641070036729,13,4,4,2,321.6962893321205,13,Mobile,Premium,0
2724,63,Female,Ghana,18.409521235594692,47,6,9,4,339.506227536618,40,Mobile,Basic,0
2725,24,Female,UK,37.268524990705025,32,3,3,2,288.755418312781,28,Mobile,Basic,0
2726,40,Female,Canada,29.11352217202302,34,17,5,3,240.00669668697515,46,Desktop,Premium,0
2727,61,Male,Ghana,33.880737337864254,12,11,4,0,190.14696405380104,3,Mobile,Premium,0
2728,49,Female,Canada,21.88628896977205,24,4,8,1,215.11268562517753,36,Desktop,Basic,0
2729,28,Male,Germany,37.071762874138635,40,1,4,0,139.49668525841884,11,Desktop,Basic,0
2730,39,Female,UK,23.457915304672916,21,4,7,4,212.59450745492322,39,Mobile,Premium,0
2731,39,Female,Ghana,15.804010365440227,29,3,1,4,226.8276685805422,21,Desktop,Premium,0
2732,60,Male,Germany,34.800391512100674,23,10,2,2,133.97215151425303,37,Mobile,Basic,0
2733,42,Male,USA,4.969112765104029,33,1,2,4,329.71266802644914,2,Desktop,Premium,0
2734,39,Male,Germany,24.319981798817196,8,4,2,4,193.26188562993505,6,Mobile,Basic,0
2735,45,Female,Canada,32.91138098035271,42,19,5,0,117.70206150040215,52,Mobile,Premium,1
2736,46,Female,UK,37.5778014437391,13,1,6,3,183.57528482476386,5,Mobile,Premium,0
2737,30,Female,UK,42.26519196251551,5,16,6,3,151.7986717510563,47,Mobile,Basic,0
2738,35,Male,Germany,47.7754488347765,41,19,6,2,132.77685103458776,43,Mobile,Basic,0
2739,19,Female,USA,44.71748219718815,10,18,2,4,325.7059504362704,32,Desktop,Basic,0
2740,46,Male,Canada,31.915479534989323,14,2,0,4,200.79634792345564,37,Desktop,Basic,0
2741,38,Male,Germany,41.25617777332886,24,6,5,3,282.38267375824677,50,Mobile,Premium,0
2742,32,Male,Germany,31.761131176095237,11,1,2,2,232.9162260160812,40,Desktop,Premium,0
2743,44,Female,UK,36.85905626462268,46,19,2,4,238.1301362994758,11,Desktop,Premium,0
2744,48,Female,Canada,24.00653584810853,3,5,2,2,198.90445040742523,17,Mobile,Premium,0
2745,32,Male,USA,34.620758159981406,29,2,8,0,165.44033362237235,14,Mobile,Premium,0
2746,40,Female,UK,25.267537777226053,48,1,3,4,303.99732931232427,2,Mobile,Basic,0
2747,41,Male,Germany,28.264559274782602,30,16,4,4,252.339722029906,39,Mobile,Basic,0
2748,61,Male,UK,34.65228896459463,49,2,2,4,185.53125209719457,55,Mobile,Premium,0
2749,30,Female,UK,50.913790773911664,37,4,9,3,279.55095210236067,18,Desktop,Premium,0
2750,39,Male,Ghana,33.94770400300197,7,3,0,3,320.8103460703513,33,Desktop,Basic,0
2751,60,Male,UK,29.88292066487498,17,17,3,4,229.2838175885328,30,Desktop,Premium,0
2752,54,Female,UK,21.682237903040996,20,15,0,4,324.11294159364775,15,Mobile,Basic,0
2753,50,Male,Canada,38.96201584670636,11,10,6,0,161.82544978560864,29,Desktop,Premium,0
2754,20,Male,UK,26.645400030904533,44,12,6,0,128.02949143130428,26,Mobile,Premium,0
2755,36,Male,USA,33.74152658987076,25,12,3,2,172.5621947563072,1,Mobile,Premium,0
2756,40,Male,Germany,37.01942258800403,24,7,4,2,203.29965484741672,17,Mobile,Basic,0
2757,46,Male,Canada,42.64109108562502,2,10,9,3,324.4300069831122,54,Mobile,Basic,0
2758,47,Male,UK,38.423724790196545,27,5,6,1,169.52554935668414,58,Desktop,Premium,0
2759,56,Male,USA,17.765419674934357,19,11,5,0,230.73897715805134,39,Mobile,Premium,1
2760,61,Female,Germany,12.828015401073817,29,2,3,2,288.07752499863454,48,Desktop,Basic,0
2761,64,Female,Canada,37.014717166517585,37,16,3,0,237.395554396601,2,Mobile,Basic,0
2762,42,Male,USA,30.86004395159997,11,12,1,0,160.5148156446972,15,Desktop,Premium,0
2763,54,Male,UK,33.914695928703765,19,16,9,1,97.71101402323305,22,Desktop,Basic,0
2764,64,Female,Ghana,47.19757576151098,28,4,1,0,297.50923604681816,20,Mobile,Premium,0
2765,25,Female,Ghana,23.834119107894956,39,2,3,1,115.80075032228459,29,Desktop,Premium,0
2766,59,Female,Canada,42.914092431291536,21,10,4,1,169.7069967000532,25,Desktop,Premium,0
2767,33,Female,USA,23.933367560701537,26,13,3,0,202.7153746132733,43,Mobile,Basic,1
2768,25,Female,Germany,45.65268742591067,22,19,2,0,301.07469073757215,56,Desktop,Basic,1
2769,18,Male,USA,37.505184841575534,6,15,1,2,279.81660559612294,24,Desktop,Premium,0
2770,61,Female,Ghana,14.928719770848486,11,1,3,0,211.86744484450318,34,Desktop,Premium,1
2771,22,Female,Canada,25.827213028243715,14,17,4,0,297.0223456163636,43,Mobile,Premium,1
2772,20,Female,UK,49.15668058465522,36,4,0,0,314.6156426897642,21,Mobile,Premium,0
2773,18,Male,USA,47.90191817378643,40,9,0,2,161.8661056039038,48,Desktop,Basic,0
2774,21,Male,Ghana,36.04221388988103,41,6,5,1,168.54406040152702,2,Desktop,Premium,0
2775,57,Male,Germany,33.54234734529208,2,3,4,2,259.93555040749555,51,Desktop,Basic,0
2776,52,Male,Canada,32.39734672641449,43,2,3,0,335.7597972235766,16,Desktop,Premium,0
2777,49,Male,UK,34.370276569034516,20,18,0,4,144.4130867025083,40,Mobile,Premium,0
2778,59,Male,USA,28.59199540358488,22,19,6,0,52.63025476194181,21,Desktop,Basic,0
2779,51,Female,Germany,42.11019259374201,39,7,3,2,251.9677799599361,52,Desktop,Basic,0
2780,60,Male,UK,35.77849864667919,4,3,2,2,309.14681501953373,37,Desktop,Basic,0
2781,42,Male,Ghana,20.346447144643683,29,18,6,3,210.35846231282753,8,Mobile,Basic,0
2782,27,Female,Ghana,36.54991787862111,46,19,1,4,410.72201865773553,58,Desktop,Basic,0
2783,38,Male,Germany,31.649841811296632,24,9,9,2,133.02779630998137,14,Desktop,Basic,0
2784,63,Female,Ghana,26.87538148825239,1,16,0,1,140.6248175180828,46,Mobile,Premium,0
2785,56,Female,Canada,48.98526853356068,24,6,3,0,139.53854380105335,55,Desktop,Basic,1
2786,44,Male,Germany,31.037705210807584,30,12,7,1,206.96791569693724,22,Desktop,Premium,0
2787,44,Female,Ghana,10.431602685760836,12,6,5,2,208.80090128719124,18,Desktop,Basic,0
2788,19,Female,USA,27.586621275267376,19,13,8,2,138.4177174290982,58,Mobile,Basic,0
2789,58,Female,Ghana,39.93488469248925,37,5,0,1,289.86670288886535,5,Mobile,Basic,0
2790,30,Female,Canada,20.735251201660382,40,13,0,1,221.4245009179079,42,Desktop,Premium,0
2791,26,Male,UK,39.59505170649642,43,7,4,3,117.21454747261271,47,Desktop,Premium,0
2792,53,Female,UK,20.023114036351505,4,12,5,0,249.09854775805644,45,Mobile,Basic,1
2793,39,Male,Ghana,43.366736637183024,15,4,7,1,166.37122996298064,30,Mobile,Basic,0
2794,59,Female,UK,24.27433160845706,20,5,2,0,208.12615741934314,31,Desktop,Premium,1
2795,43,Female,Ghana,26.482087118569844,44,16,5,4,270.98525679705136,9,Desktop,Basic,0
2796,29,Female,Canada,25.74075208019332,20,4,2,2,279.9286996296812,57,Desktop,Premium,0
2797,34,Male,UK,35.974526762167876,21,8,7,1,273.32521782195886,31,Mobile,Basic,0
2798,31,Male,USA,48.44119551681124,10,16,3,4,203.9758074402141,31,Mobile,Premium,0
2799,31,Male,Ghana,30.148333879647197,30,8,1,2,122.0160440485283,41,Mobile,Premium,0
2800,51,Female,UK,29.890958468504383,24,17,8,3,174.51094630889526,51,Mobile,Basic,0
2801,37,Female,Canada,24.267314139607823,48,14,9,2,201.85552921814485,57,Mobile,Basic,0
2802,28,Female,Canada,13.726535265166238,40,12,7,1,323.6945890096133,9,Desktop,Premium,0
2803,33,Female,USA,25.264769485963562,40,3,5,4,157.91418613597406,37,Desktop,Basic,0
2804,48,Male,Canada,17.409973770662297,38,2,2,4,216.14050154083935,6,Desktop,Basic,0
2805,23,Female,Canada,11.126840356812611,3,13,1,4,101.36296811028869,55,Mobile,Basic,0
2806,36,Male,UK,29.23003687048042,29,11,3,2,227.24259841695778,42,Desktop,Basic,0
2807,54,Female,Ghana,24.574047916254543,8,12,3,0,196.3659268170764,26,Mobile,Premium,0
2808,21,Male,Germany,43.76572433323562,29,18,0,0,189.66193362321155,10,Mobile,Premium,0
2809,64,Male,Canada,21.44397778192259,10,9,8,2,267.7302742557447,6,Desktop,Premium,0
2810,21,Female,Canada,36.70367405873519,5,7,9,1,145.14047410243145,53,Desktop,Premium,0
2811,37,Female,Germany,36.50822652418789,11,6,7,2,312.0703405799687,33,Desktop,Premium,0
2812,27,Male,Canada,43.37133095199581,4,14,6,0,139.23103151619074,52,Desktop,Basic,1
2813,41,Female,UK,28.157742069728844,49,18,5,2,309.28428791504604,45,Desktop,Premium,0
2814,52,Female,UK,43.19042433361259,35,14,2,4,72.30699031625892,30,Mobile,Premium,0
2815,43,Male,Germany,35.60946698100082,40,5,3,1,224.46749610235406,40,Mobile,Basic,0
2816,54,Male,Canada,41.392846302228584,12,13,1,1,248.8237422670232,24,Mobile,Premium,0
2817,55,Male,Canada,53.941567425009765,21,1,6,3,171.22006645852474,28,Desktop,Basic,0
2818,38,Male,Ghana,28.767765870712683,16,12,1,2,222.22260212035098,45,Desktop,Premium,0
2819,57,Female,Canada,31.708095238180007,14,19,9,4,170.91245320588968,38,Desktop,Basic,0
2820,56,Male,UK,26.381839109953077,21,10,0,2,235.82073965418323,29,Desktop,Premium,0
2821,38,Male,USA,45.42309637665957,48,5,5,3,220.0289414669561,51,Mobile,Premium,0
2822,27,Male,USA,56.0465277290184,27,6,3,3,377.3545085272242,44,Desktop,Premium,0
2823,55,Female,USA,37.34165102053768,36,12,7,2,89.71347597493846,15,Desktop,Basic,0
2824,63,Male,USA,13.899187552211309,1,3,0,2,216.07412159365308,8,Desktop,Basic,0
2825,21,Female,Canada,21.168900545132583,1,14,8,2,166.33552007661726,23,Desktop,Premium,0
2826,62,Male,Canada,41.59589898143476,22,4,5,0,209.9649698482358,43,Desktop,Premium,1
2827,37,Male,Ghana,18.556436335330453,15,17,1,3,189.13160823258465,9,Mobile,Basic,0
2828,34,Female,Canada,23.994673684470627,20,17,7,1,172.1186027232146,51,Desktop,Basic,0
2829,24,Male,USA,23.64392350803993,3,14,4,0,158.1555008862808,11,Desktop,Premium,0
2830,21,Male,Germany,29.228495596210777,14,15,4,4,257.15024858296687,6,Desktop,Basic,0
2831,46,Female,Germany,32.56710169352931,9,7,4,1,170.1494510047002,47,Mobile,Basic,0
2832,31,Male,UK,11.105685561933871,19,4,6,1,198.26200031646107,49,Desktop,Basic,0
2833,20,Male,UK,14.725612530889807,40,17,6,1,214.86010942861495,12,Mobile,Basic,0
2834,41,Male,Canada,14.964268504177301,34,6,9,3,142.03826550763583,56,Mobile,Basic,0
2835,54,Male,Germany,16.15972364086072,4,11,6,4,248.74222847718067,34,Desktop,Basic,0
2836,33,Female,USA,30.160068734679477,33,12,9,0,123.30862615199563,21,Desktop,Basic,0
2837,21,Male,USA,31.94578058766931,43,15,1,4,239.46714290487225,32,Desktop,Basic,0
2838,41,Female,USA,40.13184231527296,37,12,7,0,232.15094131591758,54,Desktop,Premium,1
2839,51,Male,Canada,35.54929429415818,2,11,0,3,189.35847568547075,36,Mobile,Basic,0
2840,47,Female,Canada,24.17742620254956,27,17,1,4,112.41163945241598,25,Mobile,Basic,0
2841,35,Male,Ghana,32.299282784207854,45,8,6,1,200.53908362456744,35,Mobile,Basic,0
2842,36,Female,USA,40.54228175563202,17,12,3,4,117.41193995461984,34,Mobile,Basic,0
2843,48,Male,USA,27.72617315484922,49,9,9,3,191.04064682921734,19,Desktop,Premium,0
2844,36,Female,Canada,26.895813698390292,31,11,9,3,263.11176483714183,37,Desktop,Premium,0
2845,63,Female,Canada,20.55042715018594,41,3,8,3,198.76423261140633,17,Mobile,Premium,0
2846,36,Male,Ghana,21.951741849149638,6,7,8,0,300.3228359452113,16,Mobile,Basic,0
2847,39,Female,Ghana,36.85574270740875,31,3,2,4,223.6066809797573,16,Mobile,Premium,0
2848,41,Male,UK,29.96175509247929,3,16,2,1,261.8644698499344,58,Mobile,Premium,0
2849,62,Male,Germany,49.583910176728395,40,10,8,1,257.33692812287126,44,Desktop,Premium,0
2850,29,Male,USA,23.23292787727647,3,7,9,2,312.5691166939184,4,Mobile,Basic,0
2851,47,Male,USA,37.613731656581045,33,15,7,3,95.59088106415801,49,Mobile,Basic,0
2852,55,Male,Ghana,33.86409150872173,13,10,0,1,158.16069811024238,57,Mobile,Premium,0
2853,48,Female,Ghana,29.106255786259453,21,12,5,3,202.23186517532974,30,Mobile,Premium,0
2854,53,Male,UK,25.644979771488245,37,18,6,1,264.0545084529708,51,Desktop,Basic,0
2855,36,Male,Germany,36.00101871678048,16,9,7,4,213.46938131899296,34,Mobile,Basic,0
2856,62,Male,UK,35.42673785357549,21,9,1,2,199.48685585779742,5,Mobile,Premium,0
2857,53,Male,Germany,32.0198845902709,48,4,0,3,282.4305771049578,33,Mobile,Basic,0
2858,47,Male,USA,34.25634403779669,44,5,3,0,172.98211215250595,58,Mobile,Premium,1
2859,50,Male,UK,30.364867663411992,13,7,0,0,169.26037793300986,46,Mobile,Basic,1
2860,35,Female,Ghana,13.588192611325539,4,7,1,1,241.66508897966975,55,Desktop,Premium,0
2861,45,Female,UK,30.84373502766062,31,11,2,4,391.52158519826276,9,Mobile,Premium,0
2862,64,Male,UK,27.314495906752754,9,10,3,3,198.42325692816692,17,Mobile,Premium,0
2863,28,Female,USA,49.4624351739951,48,11,5,2,148.30825384910787,12,Mobile,Premium,0
2864,62,Male,Ghana,36.33385633763597,33,18,7,4,154.64553537298556,24,Mobile,Premium,0
2865,50,Male,Ghana,32.01509128199093,37,12,8,1,170.72712241872057,56,Desktop,Premium,0
2866,34,Male,Canada,34.62830073226668,37,16,3,4,306.0836939821628,55,Desktop,Basic,0
2867,23,Male,Canada,19.76881870388305,24,4,0,2,170.71594351213756,58,Desktop,Basic,0
2868,21,Male,Canada,23.902313711103247,25,17,4,4,224.36651696958296,52,Mobile,Premium,0
2869,37,Female,USA,26.65211075718443,41,17,4,3,192.64356269300066,12,Desktop,Basic,0
2870,64,Female,UK,33.88422503640754,29,5,8,1,94.94835501050281,15,Mobile,Basic,0
2871,44,Female,Ghana,25.652477127417033,40,13,5,2,173.78329360695182,16,Desktop,Basic,0
2872,32,Female,Ghana,24.98561463730588,47,3,4,1,2.043067333574413,23,Desktop,Premium,0
2873,23,Male,UK,19.32136331299164,36,17,9,3,214.00806040254315,18,Desktop,Premium,0
2874,64,Female,Ghana,30.251210885512684,15,11,9,2,239.16360497172468,22,Desktop,Basic,0
2875,31,Male,UK,31.655661929143896,45,1,4,2,132.3519578459218,46,Mobile,Basic,0
2876,28,Female,USA,34.285232957470924,18,18,7,1,156.63241330276205,44,Desktop,Premium,0
2877,56,Female,USA,23.039837794480327,20,17,0,4,92.75844117214204,31,Desktop,Premium,0
2878,26,Female,USA,33.707757516194526,5,9,4,4,22.693460911091393,43,Mobile,Basic,0
2879,43,Female,UK,19.597256232899756,18,7,0,0,79.5058917637892,15,Desktop,Basic,0
2880,33,Male,UK,27.80936205505426,40,5,6,0,252.16034447744022,53,Desktop,Basic,1
2881,22,Female,Germany,33.01572136085464,1,16,6,2,174.85831235985796,21,Desktop,Basic,0
2882,27,Female,Ghana,27.412877726193017,19,7,9,1,216.74960911252037,59,Mobile,Basic,0
2883,20,Male,Ghana,14.381555499847895,23,13,7,2,363.27576480923926,8,Mobile,Basic,0
2884,30,Male,Germany,15.573674057685015,26,13,6,1,279.9031577573289,49,Desktop,Basic,0
2885,60,Female,Germany,32.20894868007404,49,15,8,3,243.1228596367198,40,Desktop,Basic,0
2886,47,Male,USA,35.79651356748445,29,17,7,0,161.22140974456195,36,Mobile,Basic,1
2887,62,Male,Germany,33.393167887920555,34,17,7,2,324.7513445670759,42,Mobile,Premium,0
2888,23,Male,UK,36.03742209237833,19,19,2,3,298.8202990235926,38,Desktop,Premium,0
2889,34,Female,Canada,27.194575141302174,48,10,9,4,271.45033130227085,6,Mobile,Premium,0
2890,62,Male,UK,37.38441910913249,18,2,3,0,199.60637320054113,17,Desktop,Basic,0
2891,36,Female,Germany,33.36060079488937,2,14,3,1,126.03721356838128,40,Mobile,Basic,0
2892,59,Female,Ghana,23.605432348952608,27,3,0,4,321.3852905920179,45,Mobile,Premium,0
2893,52,Female,UK,35.14453711393618,6,7,5,4,269.64121274455744,47,Desktop,Basic,0
2894,63,Female,Ghana,32.96050204134496,39,11,1,3,183.71438564656123,36,Desktop,Basic,0
2895,43,Male,UK,46.72494087607589,6,17,8,2,177.85820526575517,28,Desktop,Premium,0
2896,22,Female,Ghana,43.793199534874915,6,15,0,2,102.27397063641217,57,Mobile,Premium,0
2897,46,Male,UK,29.07696451853886,31,19,0,3,260.828684260686,47,Desktop,Premium,0
2898,54,Female,Ghana,25.823193977097304,41,11,9,4,213.63865353569935,23,Desktop,Basic,0
2899,37,Male,Canada,45.5911125308812,40,15,5,0,231.82059143811517,31,Mobile,Premium,1
2900,38,Female,USA,35.51539519255181,30,15,0,4,274.42386840609964,46,Mobile,Premium,0
2901,27,Male,UK,28.25852233231252,21,6,2,3,257.7556621148017,11,Desktop,Basic,0
2902,22,Female,Canada,10.109382431711868,41,15,9,4,130.00151557212706,20,Mobile,Premium,0
2903,53,Female,USA,22.44500551632894,44,9,1,4,201.79025072514537,32,Desktop,Basic,0
2904,23,Male,UK,21.74971923230392,18,5,8,4,233.02399019957784,17,Mobile,Basic,0
2905,43,Female,Canada,28.53619373312865,23,19,4,4,239.05985439585737,57,Mobile,Basic,0
2906,21,Female,Canada,36.1851833675465,38,5,5,0,72.77813436851362,42,Mobile,Basic,1
2907,56,Female,Canada,37.71253224322237,23,13,1,1,119.51742695733104,38,Mobile,Basic,0
2908,56,Male,Germany,45.0003568528931,28,18,7,1,252.58750922351481,6,Desktop,Premium,0
2909,52,Female,Ghana,39.313958376702175,36,17,5,2,251.36730895918728,1,Mobile,Premium,0
2910,18,Female,USA,16.995320851790154,25,15,7,1,328.7750061347456,37,Desktop,Basic,0
2911,41,Male,Ghana,40.300075795404254,7,14,7,1,75.99580913243365,4,Mobile,Basic,0
2912,53,Male,Ghana,47.3332470527336,18,16,0,1,271.80924134908975,31,Desktop,Premium,0
2913,23,Male,Ghana,46.83808077020602,20,4,6,4,230.10666257375055,11,Desktop,Premium,0
2914,58,Male,Canada,17.871365506917563,5,17,1,4,115.9273015156689,17,Mobile,Basic,0
2915,63,Male,Ghana,28.08903398021554,18,14,7,0,58.600661177391316,7,Desktop,Premium,0
2916,61,Female,Germany,39.609737495699726,42,18,1,4,275.2728707103478,52,Desktop,Basic,0
2917,48,Female,UK,18.416569664378706,40,6,3,4,121.31754395828406,35,Desktop,Basic,0
2918,37,Female,Canada,12.750850160808504,33,8,1,1,94.867395932633,2,Desktop,Premium,0
2919,41,Male,USA,33.13955686770623,15,9,6,0,236.28248266180339,40,Desktop,Basic,1
2920,42,Female,UK,23.244085728932973,35,1,4,0,199.22695379241986,37,Desktop,Basic,1
2921,53,Male,UK,13.685489329853834,47,13,8,1,245.97058282977994,58,Mobile,Premium,0
2922,38,Male,UK,42.295204427525455,46,3,4,1,234.44654651931398,57,Desktop,Premium,0
2923,47,Female,Ghana,31.64312658117983,1,6,7,0,467.63797532784236,37,Desktop,Premium,1
2924,41,Male,Ghana,24.7930766545754,21,17,1,3,257.88017352350136,10,Desktop,Basic,0
2925,61,Male,Canada,20.363159158075874,8,8,2,1,252.76599202686245,12,Mobile,Premium,0
2926,59,Female,Ghana,31.745661483433604,7,6,5,1,129.41915207168483,17,Mobile,Basic,0
2927,47,Male,Ghana,35.154171989255275,41,16,6,0,324.9887067266344,46,Mobile,Basic,1
2928,39,Male,Ghana,33.25932672803449,44,1,9,3,159.57417740651854,26,Desktop,Basic,0
2929,45,Female,Canada,14.810866787311184,40,10,7,3,127.16858296708064,5,Mobile,Basic,0
2930,24,Male,Canada,34.768520642370355,40,18,2,2,183.08067369961606,5,Mobile,Premium,0
2931,52,Male,Germany,36.94449509346998,30,14,6,3,235.20855528945967,56,Mobile,Basic,0
2932,45,Female,Germany,26.565959292976654,38,5,7,1,163.05387416722218,38,Desktop,Premium,0
2933,31,Female,Germany,40.396103819489184,35,17,9,4,129.88548121756742,47,Mobile,Premium,0
2934,27,Female,Germany,21.48082607057615,2,14,5,0,128.17820363547128,27,Mobile,Premium,0
2935,33,Female,UK,42.905847860310026,46,18,3,1,216.45717213085518,5,Desktop,Premium,0
2936,33,Male,UK,31.323156844306443,8,4,5,0,244.82606428772448,8,Desktop,Premium,0
2937,48,Male,Germany,25.03830527983444,38,2,8,3,251.3890545096938,31,Mobile,Premium,0
2938,59,Female,Germany,26.81551509669224,4,7,2,0,75.54937169357429,33,Desktop,Premium,1
2939,42,Male,USA,39.99284883429965,37,7,1,1,133.55367454815052,21,Mobile,Premium,0
2940,30,Male,UK,32.37242349915376,21,7,4,4,274.4969334990618,35,Desktop,Premium,0
2941,23,Female,USA,36.450673265075565,13,13,6,1,166.06296323715821,21,Mobile,Basic,0
2942,61,Female,USA,40.7466930272541,9,19,2,2,216.21162536786437,51,Desktop,Premium,0
2943,26,Male,Ghana,24.740229340666822,45,6,4,0,410.1048188624893,15,Desktop,Basic,0
2944,62,Female,Canada,31.272983360793628,29,17,3,1,19.63169468662295,36,Desktop,Basic,0
2945,53,Female,UK,27.755440396830124,41,18,6,3,189.6603827807786,59,Mobile,Basic,0
2946,60,Female,Germany,40.170579779563376,24,1,1,3,256.63394801253196,57,Mobile,Premium,0
2947,37,Male,Germany,26.175445813294402,16,13,6,1,121.460637338656,2,Mobile,Premium,0
2948,35,Female,Canada,30.478317643618713,12,19,1,2,189.2103834007653,30,Desktop,Basic,0
2949,60,Male,UK,52.95724601147533,2,16,2,0,103.98005350639227,58,Desktop,Premium,1
2950,38,Male,Germany,42.85116274233078,19,10,4,2,246.22346008230008,28,Mobile,Basic,0
2951,21,Male,Germany,19.6477188980458,30,13,6,4,146.31302412775582,17,Desktop,Premium,0
2952,50,Female,Ghana,39.019761073580185,16,10,5,1,165.5439541354951,44,Mobile,Premium,0
2953,44,Female,USA,36.8876928835664,24,14,6,2,271.7384450140697,20,Mobile,Basic,0
2954,24,Female,Germany,18.99363662165108,13,9,5,4,244.48841505635198,40,Mobile,Premium,0
2955,23,Female,UK,28.89944264210394,5,11,0,2,277.8699559509267,29,Desktop,Premium,0
2956,32,Female,Canada,20.522969387827864,23,3,4,4,340.60039054174206,5,Mobile,Basic,0
2957,35,Male,Ghana,6.073982254807213,38,8,0,3,205.8943847411955,25,Mobile,Basic,0
2958,49,Male,UK,28.540284754572507,31,12,6,3,369.334290501909,10,Mobile,Premium,0
2959,28,Male,Ghana,24.939098704928057,17,3,3,1,215.49364575047287,19,Mobile,Premium,0
2960,37,Female,USA,18.990976146803895,49,7,4,2,305.4109821302549,41,Mobile,Basic,0
2961,41,Male,Germany,29.90413733327604,49,14,0,3,197.69593442400947,48,Desktop,Basic,0
2962,32,Male,UK,8.793875443412364,3,7,7,0,267.22799586814585,1,Desktop,Basic,0
2963,24,Female,Canada,30.412749393430396,26,7,3,3,165.84730503063633,47,Mobile,Basic,0
2964,38,Female,USA,30.153981211111375,13,14,2,3,307.15473332727595,34,Mobile,Premium,0
2965,59,Male,USA,36.78739553220597,44,12,0,2,292.0817902560859,57,Mobile,Basic,0
2966,43,Male,Ghana,13.968207641287918,38,1,3,4,182.90878025390106,14,Mobile,Basic,0
2967,61,Female,USA,51.39424255858326,22,5,2,0,212.4982319847219,25,Desktop,Basic,0
2968,31,Female,UK,47.55802225416881,21,11,7,0,124.4650651290654,26,Desktop,Premium,0
2969,54,Female,Ghana,22.267852318341955,29,1,8,4,274.4038860236115,21,Mobile,Basic,0
2970,38,Female,USA,44.59738855667112,45,13,4,2,267.24810864134935,16,Desktop,Premium,0
2971,35,Male,Canada,38.57072112742525,46,17,8,3,101.38978423185384,10,Desktop,Basic,0
2972,22,Male,UK,25.605748742136864,39,3,0,4,373.71920370119426,32,Mobile,Premium,0
2973,20,Female,Canada,23.931469941687357,5,10,6,0,231.80490426974276,44,Mobile,Basic,1
2974,40,Male,Canada,24.687754149213628,14,19,6,0,181.4171862585235,45,Mobile,Premium,1
2975,43,Male,Ghana,58.26368876969372,18,7,5,3,295.89651390283586,20,Mobile,Premium,0
2976,54,Female,Germany,43.60119428911403,4,3,3,3,158.23674812905497,9,Mobile,Basic,0
2977,41,Male,Ghana,27.97227106117464,33,12,8,1,304.55713709057125,58,Desktop,Basic,0
2978,36,Male,UK,28.835775999702197,39,10,2,4,105.8994601643643,34,Desktop,Premium,0
2979,42,Male,UK,38.47448210681312,20,12,0,3,182.24598798410616,31,Desktop,Basic,0
2980,38,Female,Ghana,38.03644248482639,13,15,1,1,193.0062148904084,19,Desktop,Basic,0
2981,29,Female,Germany,20.4312382261769,36,6,2,2,156.476444832283,47,Mobile,Premium,0
2982,58,Male,Ghana,32.9753863522024,45,19,1,0,141.06144902051156,31,Desktop,Basic,1
2983,50,Female,UK,24.474564716566473,4,5,5,4,161.05193730507503,30,Mobile,Basic,0
2984,21,Female,Germany,31.521997813160798,35,2,6,2,157.41353698555292,47,Desktop,Basic,0
2985,59,Female,UK,29.519868668591485,8,19,4,4,162.47381317699654,24,Mobile,Basic,0
2986,24,Male,Germany,40.176444722437665,40,19,4,4,314.7362339002396,33,Desktop,Premium,0
2987,39,Male,Germany,27.31723078675554,49,4,6,3,234.66885527276,18,Desktop,Premium,0
2988,50,Female,Ghana,31.18317484560876,47,5,5,1,192.9548169727055,21,Desktop,Premium,0
2989,34,Male,Ghana,11.219081661169994,36,7,7,4,261.19977551423347,31,Mobile,Premium,0
2990,41,Male,Ghana,33.236529291532825,6,4,8,2,192.3727966218692,39,Mobile,Basic,0
2991,51,Male,Germany,22.214782728990876,22,11,1,4,136.4718411639686,42,Desktop,Premium,0
2992,45,Male,Germany,14.828649701573786,6,3,1,1,71.54401756237377,41,Mobile,Basic,0
2993,60,Male,UK,41.29114227585737,42,5,0,0,279.10598173779897,51,Desktop,Basic,1
2994,58,Female,Canada,29.58230632534026,36,15,6,4,21.944122090402402,43,Desktop,Premium,0
2995,56,Male,Ghana,9.228408802640185,9,18,3,2,79.30940179870775,4,Mobile,Basic,0
2996,39,Male,UK,22.16376437942305,16,16,8,0,240.36866343384347,26,Mobile,Premium,0
2997,34,Male,UK,30.05001751435204,39,16,5,0,198.61866029688534,33,Desktop,Basic,1
2998,51,Female,USA,30.34749139827806,46,10,6,3,316.7341078140866,44,Desktop,Basic,0
2999,23,Female,Ghana,25.005943109891668,38,1,6,3,148.46738254232798,33,Desktop,Premium,0
3000,63,Female,UK,-3.6529591983263643,33,11,7,4,261.55405113330755,49,Desktop,Basic,0
3001,23,Male,USA,24.48087843506509,18,17,3,2,185.88450946206706,20,Desktop,Basic,0
3002,51,Female,Ghana,40.7103331472267,12,15,2,3,243.93731442799728,41,Desktop,Premium,0
3003,18,Female,Germany,44.02394464512437,27,7,2,1,213.5953499934074,8,Desktop,Premium,0
3004,27,Female,USA,23.92509036576401,47,6,9,1,240.32217977292862,36,Mobile,Basic,0
3005,38,Female,Germany,48.83334109669005,1,15,7,0,217.1978194134386,8,Mobile,Premium,0
3006,22,Male,Canada,13.829889152518522,15,15,2,0,223.47997125735253,31,Mobile,Basic,1
3007,19,Female,Canada,21.899684813704418,47,7,7,0,112.91606760228804,55,Mobile,Premium,1
3008,39,Female,Canada,38.91496123716068,27,3,1,1,206.053068520987,22,Mobile,Premium,0
3009,19,Male,Canada,37.3405520500327,16,14,4,3,248.2120607388203,42,Mobile,Basic,0
3010,27,Male,UK,29.903809215046472,21,9,4,3,195.86780811920883,50,Mobile,Premium,0
3011,51,Female,Canada,18.80874187919688,1,3,6,4,191.86260625316996,47,Desktop,Basic,0
3012,33,Male,UK,18.78201976402322,29,6,4,2,49.36433162447696,19,Desktop,Premium,0
3013,56,Female,UK,22.743162987417772,3,9,8,1,322.7273297547174,20,Mobile,Basic,0
3014,39,Male,Ghana,19.21658638179946,12,1,2,0,90.58893405681202,23,Desktop,Basic,0
3015,29,Male,UK,31.30703150590903,28,9,8,2,150.54781853745362,24,Mobile,Premium,0
3016,41,Female,UK,29.077326482325258,39,12,0,0,136.9324699007743,43,Mobile,Premium,1
3017,64,Male,Canada,18.386381690970822,37,4,2,2,223.74014413615464,24,Mobile,Basic,0
3018,57,Female,UK,26.45117132666131,31,16,3,2,227.3569210713522,36,Mobile,Premium,0
3019,55,Male,Germany,3.50563518691888,31,5,5,3,252.74727719662312,9,Desktop,Basic,0
3020,27,Female,Canada,33.392204793250784,33,17,9,4,256.30440970910274,40,Mobile,Basic,0
3021,52,Male,USA,37.16725604880571,33,17,7,4,337.87711056886184,16,Mobile,Basic,0
3022,49,Male,Canada,20.88189886193004,47,6,6,0,175.56633176131606,27,Mobile,Premium,0
3023,24,Male,UK,22.13624023134644,40,15,7,1,133.49964621879278,45,Desktop,Premium,0
3024,38,Male,Germany,32.57888737961254,11,1,5,4,181.21437644339332,37,Desktop,Basic,0
3025,37,Male,Canada,31.06266139169571,46,13,5,1,111.58126426780301,13,Mobile,Premium,0
3026,43,Female,Germany,37.73118356081682,29,16,5,0,172.38013867829534,51,Desktop,Premium,1
3027,21,Male,USA,22.23320329936379,25,2,2,1,75.9148767985318,2,Mobile,Premium,0
3028,63,Female,USA,23.394426627277632,13,19,9,2,133.14230751764097,12,Desktop,Basic,0
3029,39,Female,Ghana,27.793015165436778,44,2,3,2,65.00247510295691,41,Mobile,Basic,0
3030,32,Female,Ghana,19.338778754546396,19,12,5,0,296.6812421797869,33,Mobile,Premium,1
3031,57,Male,Canada,27.575209458461067,36,12,6,1,208.8874554449368,23,Mobile,Basic,0
3032,38,Female,Ghana,19.5022684173936,28,8,2,1,350.42536854753394,59,Desktop,Basic,0
3033,32,Male,Germany,34.17570217567366,4,12,3,0,288.8449820265014,14,Desktop,Basic,0
3034,39,Female,Ghana,20.646940448195995,3,11,5,4,296.7362038461106,39,Mobile,Premium,0
3035,45,Female,Germany,32.52892746160019,38,2,0,3,188.82557782171656,49,Desktop,Basic,0
3036,31,Female,Ghana,44.56616237848038,37,1,6,4,239.20252610633946,30,Desktop,Basic,0
3037,44,Female,Ghana,34.28224176706844,43,4,0,3,128.28719423413946,55,Mobile,Premium,0
3038,58,Female,Ghana,31.758860557608674,25,9,9,1,157.41053150187048,46,Mobile,Premium,0
3039,57,Male,UK,16.36359991767406,41,7,8,3,201.12081663759056,49,Desktop,Basic,0
3040,45,Female,UK,43.890345328181056,35,10,9,3,60.86718443111491,34,Mobile,Premium,0
3041,43,Female,Ghana,41.157282220190545,29,14,8,1,159.48036140362717,9,Desktop,Basic,0
3042,19,Male,Germany,28.436547329782172,41,1,8,2,263.43605630770753,15,Mobile,Premium,0
3043,42,Male,Canada,26.15882994107874,29,5,3,3,160.78509715494147,24,Mobile,Basic,0
3044,20,Male,USA,21.860198453148698,12,13,1,0,141.10010273550085,48,Mobile,Premium,1
3045,25,Female,UK,47.893769437158205,35,6,6,4,169.24385937630268,41,Mobile,Basic,0
3046,61,Female,Ghana,37.83964573916242,20,17,3,1,259.8432644215899,25,Mobile,Basic,0
3047,50,Female,USA,22.415922086399327,17,15,4,1,228.87790567528225,36,Mobile,Basic,0
3048,59,Female,UK,40.99269650472072,12,7,0,3,181.97703405344535,32,Mobile,Basic,0
3049,52,Female,Canada,43.391486751575414,36,8,9,2,201.41037453913094,47,Mobile,Premium,0
3050,23,Female,Germany,29.787870250832874,10,2,5,2,268.5622989455383,21,Desktop,Basic,0
3051,56,Male,Ghana,26.55652646329529,18,18,6,4,304.5911056403381,42,Desktop,Basic,0
3052,40,Male,Canada,20.06916547162846,30,7,2,4,162.01794337220275,39,Desktop,Premium,0
3053,42,Female,UK,37.074285342229366,8,16,9,2,193.40426357863635,6,Desktop,Premium,0
3054,60,Female,Ghana,25.72924261423429,41,19,1,2,299.58701194505943,47,Desktop,Basic,0
3055,36,Female,USA,25.315760535128426,13,9,9,2,241.82992158837578,25,Desktop,Premium,0
3056,22,Female,Germany,29.884709903580685,31,12,6,3,87.76675820040283,2,Desktop,Basic,0
3057,28,Female,UK,21.819926142776108,6,14,0,0,128.5460319293188,31,Desktop,Premium,1
3058,29,Male,Germany,45.28423301303148,7,7,1,4,131.0317452919631,56,Desktop,Premium,0
3059,27,Male,Ghana,39.67911790098064,21,2,2,1,166.74525357703106,30,Mobile,Basic,0
3060,25,Female,Canada,30.765573439434164,38,17,3,2,229.58675530463913,15,Desktop,Basic,0
3061,41,Male,Germany,21.48753388363359,43,11,4,2,350.81791414385344,18,Desktop,Basic,0
3062,45,Female,USA,22.027416926401088,49,18,3,0,193.3621675478709,32,Mobile,Basic,1
3063,58,Female,UK,21.586413033277694,28,12,9,2,252.76135424350383,14,Desktop,Basic,0
3064,53,Female,USA,17.693027741420508,44,3,2,4,290.7050712077664,18,Mobile,Premium,0
3065,54,Male,Germany,33.22685953739596,21,14,0,2,318.94539703761666,35,Mobile,Premium,0
3066,38,Male,Canada,23.575622397183093,21,15,6,0,290.7859124794999,52,Desktop,Premium,1
3067,25,Female,Canada,23.004488368138624,24,19,9,3,140.24433272591182,22,Desktop,Premium,0
3068,26,Male,USA,21.860630973015738,27,10,5,4,83.94475575185197,14,Mobile,Basic,0
3069,64,Male,Ghana,40.035785908277305,27,9,1,3,149.71017467496358,38,Desktop,Premium,0
3070,32,Female,Ghana,22.414254997572424,13,10,1,1,213.4787657332206,14,Desktop,Premium,0
3071,63,Male,Canada,42.69044485001615,29,4,2,0,140.55754991905906,34,Desktop,Premium,1
3072,57,Male,USA,27.12306211265151,39,19,7,1,69.99117898469609,22,Desktop,Premium,0
3073,35,Female,USA,17.549192120915222,28,10,7,1,102.7708177574783,16,Mobile,Basic,0
3074,59,Female,USA,34.69267802503634,37,17,9,1,440.52641445973785,56,Mobile,Basic,0
3075,37,Male,Germany,38.872761899575835,29,12,9,1,182.45629387836445,48,Desktop,Premium,0
3076,23,Female,Ghana,21.419666967056017,48,1,9,0,344.01064323222295,53,Desktop,Premium,1
3077,29,Male,Ghana,30.632405144637637,22,11,9,3,181.22140386215796,49,Desktop,Premium,0
3078,19,Female,Germany,33.184628381496275,36,13,7,2,263.4098314639564,16,Mobile,Premium,0
3079,24,Female,UK,30.956338522231047,30,1,6,1,188.54499519791563,16,Desktop,Basic,0
3080,33,Female,Germany,25.41855726235773,28,1,1,2,200.58502233138918,40,Desktop,Premium,0
3081,20,Female,USA,38.816203644170656,23,16,0,2,262.2719896944348,38,Mobile,Basic,0
3082,62,Male,Germany,27.48883140597926,33,7,5,1,167.80473337252556,18,Mobile,Premium,0
3083,20,Female,USA,23.943201263895126,4,10,7,4,104.46793533550392,23,Desktop,Basic,0
3084,44,Female,Canada,12.34917093676916,3,16,0,2,135.5838319336604,46,Mobile,Premium,0
3085,60,Female,USA,12.4424210488834,32,1,2,4,135.1520344383805,48,Desktop,Basic,0
3086,57,Male,Ghana,32.159038705262276,4,9,0,3,206.70183991467164,40,Mobile,Basic,0
3087,55,Male,Germany,29.229500878739966,1,6,9,2,48.31952889803577,18,Mobile,Basic,0
3088,50,Female,USA,38.87445019119629,12,15,8,0,224.4169442463502,46,Mobile,Premium,1
3089,45,Female,UK,41.302843415298646,13,4,6,3,301.30386109387644,49,Mobile,Premium,0
3090,18,Female,Canada,27.54896411434169,34,15,7,3,159.35637969501022,22,Mobile,Basic,0
3091,25,Female,UK,39.48649896410103,29,10,8,4,147.6294363113401,54,Mobile,Basic,0
3092,54,Female,UK,24.381538870822332,9,16,2,1,357.38600973191865,40,Desktop,Premium,0
3093,49,Female,UK,28.50110149947683,31,13,9,0,317.75831998097294,30,Desktop,Premium,0
3094,60,Male,Canada,28.21515072998873,7,19,1,0,234.20607575362405,48,Mobile,Basic,1
3095,54,Female,Canada,45.79062546233642,13,4,5,4,140.1981838169187,55,Mobile,Premium,0
3096,21,Female,Canada,17.215138930537677,2,16,4,4,246.70901947750116,56,Desktop,Basic,0
3097,47,Female,Canada,30.59137656144669,33,11,3,3,119.31889989566024,42,Desktop,Premium,0
3098,23,Female,UK,23.03964922670111,7,15,5,4,94.16360461756186,42,Mobile,Premium,0
3099,63,Female,Ghana,27.009850275032242,18,11,5,1,236.174290529625,53,Mobile,Basic,0
3100,36,Female,Ghana,26.58217428677151,8,11,2,3,161.7381352881061,18,Desktop,Premium,0
3101,49,Male,Canada,30.720639335444343,12,3,1,3,38.13874856091945,53,Mobile,Premium,0
3102,26,Male,Germany,43.46917502809448,43,17,8,3,246.94107056775846,18,Desktop,Premium,0
3103,29,Male,USA,49.02000367007379,30,5,7,0,316.81387759723884,41,Mobile,Basic,1
3104,28,Male,Germany,36.565714977531584,9,13,3,0,252.77036698510136,53,Mobile,Basic,1
3105,63,Male,Germany,20.208670333191904,28,10,5,3,160.0955635362298,1,Mobile,Premium,0
3106,33,Male,Germany,28.253731944345763,4,5,2,1,28.77081357415605,57,Mobile,Basic,0
3107,18,Female,Ghana,32.60602130597442,39,12,7,2,211.70817973676608,48,Desktop,Premium,0
3108,62,Female,USA,25.930767376648305,17,8,2,3,147.44832828024266,42,Desktop,Basic,0
3109,38,Female,Germany,27.229250238137354,11,12,1,4,127.89978398650247,15,Desktop,Basic,0
3110,47,Female,Canada,29.28839446058051,2,16,6,2,44.25921316321097,5,Desktop,Premium,0
3111,30,Female,Ghana,37.72212171104626,23,2,2,0,350.1601794716354,27,Desktop,Premium,0
3112,51,Female,Canada,35.30181695403382,22,3,8,0,112.22439746895759,17,Desktop,Premium,0
3113,21,Male,Canada,23.898343295122437,26,18,2,2,54.27259101145046,41,Mobile,Basic,0
3114,45,Female,Germany,35.92834170633074,12,17,7,4,335.5713408185609,57,Mobile,Premium,0
3115,55,Male,Canada,47.2436135933422,32,2,1,0,202.48498734128773,58,Desktop,Premium,1
3116,48,Male,USA,14.870515656623928,9,12,8,0,190.0765979594099,58,Mobile,Premium,1
3117,44,Female,Canada,25.626704054593127,43,17,0,3,224.75183985194863,57,Desktop,Basic,0
3118,22,Female,Germany,24.86644792803593,5,6,2,1,234.8550772423601,32,Desktop,Basic,0
3119,42,Female,Canada,30.799166485417356,26,17,1,4,217.05824184035873,38,Mobile,Basic,0
3120,20,Female,Ghana,11.76124829678593,7,2,6,3,79.45949608314942,26,Desktop,Premium,0
3121,50,Female,Ghana,43.61087275625131,29,8,4,1,73.25866513547686,58,Mobile,Premium,0
3122,21,Female,Ghana,30.46791762333159,33,14,7,0,141.6820945712971,2,Desktop,Basic,0
3123,42,Female,UK,32.98133397209224,24,6,1,1,159.19174241222657,28,Desktop,Premium,0
3124,37,Male,Ghana,31.823163802336964,25,9,7,0,171.1975986970542,45,Desktop,Basic,1
3125,51,Female,Ghana,24.834674980401118,31,1,6,3,218.28507328912337,23,Mobile,Basic,0
3126,43,Female,UK,36.986545055665744,29,5,4,0,177.63458564925807,50,Mobile,Basic,1
3127,22,Male,Ghana,30.05230019343576,5,7,1,1,145.54431595162666,20,Mobile,Basic,0
3128,52,Female,Germany,9.153350646250772,38,9,9,3,231.5769580643173,36,Mobile,Basic,0
3129,45,Female,Ghana,28.91836364810636,45,14,6,1,257.1061701063922,42,Desktop,Premium,0
3130,46,Male,Ghana,27.224276914404314,11,9,9,1,135.2970348067244,55,Mobile,Premium,0
3131,26,Female,UK,36.96741686888426,32,4,3,2,90.5647109435929,22,Mobile,Basic,0
3132,55,Female,Germany,57.01413088989703,8,15,3,0,214.41529825823216,11,Mobile,Premium,0
3133,23,Female,Canada,33.77685278399997,20,4,7,0,166.3477946228383,28,Mobile,Basic,0
3134,36,Female,USA,51.197985477894065,34,3,5,1,266.8867598151044,45,Desktop,Premium,0
3135,61,Female,Germany,23.137735701885273,47,14,8,0,121.18291700834111,58,Mobile,Basic,1
3136,28,Female,Canada,23.778761651706816,42,9,1,4,103.5366990848288,55,Desktop,Premium,0
3137,19,Male,Germany,27.535660879432253,8,19,4,0,149.33329037274547,22,Mobile,Basic,0
3138,64,Female,Canada,34.25192140370091,2,6,5,3,241.58265171993116,17,Mobile,Basic,0
3139,61,Female,Canada,23.593973519431156,21,3,7,0,171.8700439949145,31,Mobile,Basic,1
3140,61,Male,Germany,13.881535665647483,15,18,3,4,192.91220569652606,11,Mobile,Basic,0
3141,26,Male,UK,30.230551884798295,6,16,6,1,160.38286488793423,36,Mobile,Basic,0
3142,38,Female,Germany,18.570060292234032,5,3,6,0,281.240021380532,14,Mobile,Premium,0
3143,41,Male,Germany,41.15828999828882,3,2,3,3,238.64419472830446,35,Mobile,Basic,0
3144,51,Female,Canada,36.438703103709116,43,2,0,4,78.19176646947655,23,Mobile,Premium,0
3145,39,Female,USA,22.404752467402226,43,10,2,2,272.09438924091376,29,Mobile,Basic,0
3146,20,Male,Canada,34.557920630533516,16,15,1,1,247.23218865747089,23,Desktop,Basic,0
3147,29,Female,Ghana,24.518414378886472,35,3,2,1,286.782161758568,44,Mobile,Premium,0
3148,45,Female,Germany,29.47807866421929,9,8,4,1,157.70247991485178,59,Mobile,Basic,0
3149,47,Male,Germany,29.583285449276282,35,18,0,4,124.87952906086159,36,Mobile,Basic,0
3150,43,Male,UK,26.64369475515187,19,11,4,0,193.3857223357037,16,Desktop,Basic,0
3151,38,Male,Canada,38.3067987753495,43,7,1,0,213.04363785615115,39,Desktop,Basic,1
3152,45,Male,UK,18.80836296810564,46,19,3,0,294.8279637660477,20,Mobile,Basic,0
3153,43,Female,Germany,35.3697612069988,34,7,5,0,250.92195705736088,25,Mobile,Basic,0
3154,50,Male,Canada,33.04529118789357,39,2,8,1,211.92698347108,19,Desktop,Premium,0
3155,38,Male,Canada,15.954255283368667,10,6,9,2,189.79797163694633,26,Desktop,Basic,0
3156,52,Male,Ghana,22.055788831478267,10,5,5,1,201.22056032618522,32,Mobile,Premium,0
3157,51,Male,Ghana,19.061207713573875,20,14,9,2,168.45456153485742,50,Desktop,Basic,0
3158,58,Male,USA,26.335733193669107,1,18,1,2,254.3149727494064,21,Mobile,Basic,0
3159,64,Female,Ghana,30.484264572150845,6,4,7,0,83.82505931691254,9,Desktop,Premium,0
3160,35,Male,Canada,20.71613545893008,46,4,4,3,200.69556963206347,43,Mobile,Premium,0
3161,28,Female,Ghana,39.69128605823953,2,13,8,4,283.5312005527632,19,Mobile,Basic,0
3162,40,Male,USA,40.57782568974872,38,1,9,3,109.1437936289674,49,Mobile,Premium,0
3163,39,Male,Germany,42.344196269312036,33,5,8,2,355.57336974020006,57,Mobile,Basic,0
3164,34,Male,Ghana,2.819548101197036,3,3,3,3,113.81690589878968,21,Mobile,Basic,0
3165,22,Male,Canada,49.481682340257066,36,19,0,2,159.62462277252928,18,Desktop,Basic,0
3166,61,Male,Germany,31.66054370535673,13,13,8,1,282.0747365800453,6,Mobile,Premium,0
3167,28,Male,Canada,30.472995133068984,35,7,8,1,316.16265833844153,35,Desktop,Premium,0
3168,47,Male,Germany,28.981261764661834,15,10,7,0,228.5983672646444,14,Desktop,Premium,0
3169,32,Male,Canada,16.787512993836394,45,3,4,4,226.49083493417373,9,Desktop,Premium,0
3170,44,Female,Ghana,33.59758093702197,22,2,4,1,343.02965720029255,35,Desktop,Basic,0
3171,52,Male,Ghana,46.119443464363016,43,7,9,4,90.55148256560923,2,Mobile,Premium,0
3172,50,Female,USA,31.540238172194258,4,9,5,0,62.01324061385736,51,Desktop,Premium,1
3173,37,Male,Germany,18.84903326808603,17,12,0,4,46.05152564814492,6,Desktop,Premium,0
3174,33,Female,USA,14.746932984050982,5,10,8,1,131.89925491937294,35,Desktop,Basic,0
3175,51,Male,UK,27.05976261758881,21,19,4,1,142.7127143522651,57,Mobile,Basic,0
3176,19,Male,Ghana,22.559731774901625,24,13,6,3,230.4457211101034,25,Mobile,Basic,0
3177,52,Male,Germany,37.025747939563885,31,10,7,3,280.62011461974714,9,Desktop,Premium,0
3178,57,Female,USA,43.70418740633302,40,5,4,3,272.68883511151876,50,Desktop,Basic,0
3179,45,Female,USA,34.69651486241906,30,15,2,4,270.35026458741436,31,Mobile,Basic,0
3180,64,Female,UK,29.149078396464848,42,3,5,1,123.35578321485218,7,Desktop,Basic,0
3181,56,Female,USA,28.674683745792247,7,8,6,0,230.7837690802924,28,Mobile,Premium,0
3182,23,Male,Canada,30.71083583296529,49,6,3,2,141.2967787863331,2,Desktop,Premium,0
3183,26,Male,Ghana,18.400593675755857,7,19,8,1,248.0715750632878,1,Desktop,Basic,0
3184,37,Male,USA,36.02265262107918,27,17,3,3,203.4134396676056,37,Mobile,Basic,0
3185,18,Female,USA,19.191828094332113,24,10,9,3,270.79507849550095,59,Mobile,Basic,0
3186,25,Male,UK,41.16168819190881,19,1,1,4,390.10046426078327,59,Desktop,Basic,0
3187,40,Female,Canada,26.367528755280716,41,13,8,3,197.37317994801842,24,Mobile,Basic,0
3188,20,Female,USA,38.30809100802324,34,10,3,4,111.73263025760077,35,Desktop,Premium,0
3189,21,Female,Ghana,15.267306842169523,22,12,3,0,69.50355782466656,7,Mobile,Basic,0
3190,42,Female,Ghana,38.237596147758424,27,2,9,3,128.255377835277,38,Mobile,Basic,0
3191,64,Female,USA,43.625273696568584,6,10,0,4,285.34695645135344,59,Mobile,Basic,0
3192,55,Male,Canada,17.184225409495276,10,1,1,3,238.75990865381618,29,Desktop,Premium,0
3193,32,Female,Ghana,28.864963905443055,45,1,2,4,218.4243335805093,1,Desktop,Premium,0
3194,38,Female,Ghana,33.34886139121263,31,15,6,1,230.51589607709622,55,Desktop,Basic,0
3195,52,Male,Canada,33.83867860112659,25,1,8,4,257.54953896561665,51,Mobile,Premium,0
3196,63,Female,Canada,26.60446915783022,2,9,4,2,75.43635744985161,30,Desktop,Premium,0
3197,31,Female,USA,24.841646814158356,10,7,3,0,278.90065105539145,52,Mobile,Premium,1
3198,53,Male,Germany,32.532629459176924,10,16,1,1,231.15151414080287,46,Mobile,Basic,0
3199,29,Male,UK,33.525539275835804,26,16,6,0,84.74132760269107,32,Mobile,Basic,1
3200,34,Male,Germany,23.725950868174916,5,13,5,1,226.83509384470148,10,Mobile,Basic,0
3201,56,Female,Germany,21.749580411099323,22,10,6,3,95.8065440956692,34,Desktop,Basic,0
3202,26,Male,Ghana,42.113757217962664,4,18,7,4,240.81437949401317,11,Desktop,Basic,0
3203,52,Male,Canada,31.076687557049986,34,9,8,3,209.59405772345858,48,Desktop,Premium,0
3204,30,Male,Ghana,7.282954820005976,7,12,9,0,119.2650462662343,49,Mobile,Premium,1
3205,32,Female,UK,42.175110583523065,17,13,4,0,233.0803887133468,37,Desktop,Premium,1
3206,35,Male,USA,24.028569466587125,11,11,4,1,264.72249521229526,54,Mobile,Basic,0
3207,50,Female,UK,30.667403229298717,8,15,3,0,154.12019332470072,27,Desktop,Premium,0
3208,23,Female,Ghana,33.74864279134364,28,10,2,4,262.5812963270645,50,Desktop,Basic,0
3209,44,Male,Ghana,15.163165577388726,44,10,6,0,177.71792051919564,48,Desktop,Basic,1
3210,40,Female,Ghana,27.111974924802766,33,9,4,3,269.94428474643485,10,Desktop,Premium,0
3211,44,Female,Ghana,43.17574092333965,25,3,6,4,192.32443950307257,38,Desktop,Premium,0
3212,51,Male,Germany,40.89359396001728,21,16,1,0,293.8521694145903,22,Desktop,Basic,0
3213,63,Female,USA,27.096407531166648,12,12,8,2,126.91150342552274,24,Mobile,Premium,0
3214,55,Male,Germany,37.15833791764444,26,17,8,2,129.228110389419,8,Mobile,Premium,0
3215,31,Female,Ghana,38.47524952959711,29,15,8,3,136.9601671792032,6,Mobile,Premium,0
3216,53,Female,Canada,37.96501442826125,38,3,4,1,210.13272252456287,55,Desktop,Basic,0
3217,25,Male,Germany,18.539745725171997,35,5,9,1,187.81751084458344,4,Mobile,Basic,0
3218,52,Male,Ghana,46.41150270239477,37,13,8,0,222.9248055701561,5,Desktop,Premium,0
3219,36,Female,Ghana,25.36157340344224,46,6,0,4,106.8698505240515,6,Mobile,Premium,0
3220,47,Female,USA,31.093368427558804,44,9,1,1,142.60077064978955,47,Desktop,Basic,0
3221,31,Male,UK,26.487191976188058,45,19,9,2,301.65140103911335,32,Desktop,Basic,0
3222,37,Female,Germany,32.297611284893485,45,7,4,1,229.72708400550297,38,Mobile,Basic,0
3223,42,Female,Germany,21.357356060390124,29,13,4,2,249.88717633537885,51,Desktop,Basic,0
3224,57,Female,Germany,27.748770734738642,49,5,5,1,179.57591727790185,57,Desktop,Premium,0
3225,41,Female,Ghana,31.827571786858265,24,16,7,3,223.5870250002934,20,Mobile,Basic,0
3226,31,Male,USA,42.246489782521714,15,4,0,4,162.0097676937749,40,Mobile,Basic,0
3227,43,Male,Ghana,41.03928479007024,6,5,9,0,51.97842439221935,45,Mobile,Premium,1
3228,55,Male,Ghana,41.545530187793254,32,19,8,2,282.8349983746259,36,Mobile,Premium,0
3229,40,Male,Canada,38.68652241262221,44,6,3,1,214.57429909952884,54,Mobile,Premium,0
3230,39,Male,USA,48.46675362544994,34,4,7,0,141.43680547539125,49,Desktop,Basic,1
3231,36,Male,Germany,27.09859097182772,36,1,4,2,200.10096410806597,14,Desktop,Basic,0
3232,63,Female,UK,28.422318197103806,20,17,0,2,162.7075839103814,50,Mobile,Premium,0
3233,20,Male,Germany,28.010570561711987,12,9,8,3,319.8775875902479,47,Desktop,Basic,0
3234,59,Female,Ghana,29.388692410021292,35,16,7,1,253.7247176603937,54,Mobile,Basic,0
3235,36,Female,USA,15.63779288484755,49,2,4,0,108.17292462661071,19,Desktop,Basic,0
3236,26,Female,USA,32.647607882673256,38,11,3,1,97.33115818641791,11,Desktop,Premium,0
3237,45,Male,USA,34.96055024451787,17,5,7,1,220.04320635916227,39,Desktop,Premium,0
3238,37,Female,Canada,27.42593219681646,27,13,8,4,210.74908051636098,1,Mobile,Basic,0
3239,62,Male,Germany,12.426593629271238,17,17,6,2,241.43764086122513,35,Desktop,Basic,0
3240,24,Female,Canada,30.214305713757668,11,15,3,2,188.53385688026776,19,Mobile,Basic,0
3241,31,Female,UK,17.052932463858227,39,12,6,4,148.21280080907965,33,Mobile,Basic,0
3242,26,Male,Ghana,34.273110867538854,2,6,5,4,240.771813531111,32,Mobile,Basic,0
3243,36,Female,Canada,31.193116338707906,2,13,2,1,247.52783498439453,36,Desktop,Premium,0
3244,64,Female,Canada,32.1737212669431,29,18,9,2,300.59795883953586,24,Desktop,Premium,0
3245,31,Female,Ghana,19.38963326767815,45,15,2,0,258.75635531371944,43,Desktop,Basic,1
3246,55,Female,USA,42.615837655217355,24,15,0,3,133.05338826301158,7,Mobile,Premium,0
3247,53,Male,Ghana,31.70209195874274,24,8,4,4,220.51613870691344,7,Mobile,Basic,0
3248,57,Female,Germany,20.857626785228696,16,19,7,0,177.1356860019014,46,Mobile,Basic,1
3249,34,Female,Ghana,35.79641648858967,31,14,5,0,124.39945366626426,47,Mobile,Basic,1
3250,47,Male,USA,30.977353860937143,49,7,7,1,56.88937235672472,5,Mobile,Premium,0
3251,26,Female,Ghana,48.36917006279145,43,14,6,4,379.8194326013146,14,Mobile,Premium,0
3252,50,Female,Canada,24.47125541845321,9,5,1,0,155.2875519396176,45,Desktop,Premium,1
3253,42,Female,UK,17.524665618579725,27,15,7,3,189.9048435267427,52,Mobile,Premium,0
3254,31,Female,Canada,32.893467109439804,41,15,3,0,217.58473205431625,26,Desktop,Premium,0
3255,28,Male,UK,40.122258691366426,14,4,4,3,208.93479438413627,54,Mobile,Premium,0
3256,52,Female,Ghana,53.22969042422301,45,1,7,3,-1.7257417464590503,50,Mobile,Basic,0
3257,58,Male,Germany,64.18612179369151,25,17,4,3,186.74093721684136,1,Desktop,Basic,0
3258,31,Female,Ghana,14.479515441101668,43,1,4,4,341.692424444836,13,Desktop,Basic,0
3259,47,Female,USA,28.647623643592784,44,16,5,3,183.05315149265027,23,Desktop,Basic,0
3260,58,Female,Ghana,17.55787256642624,22,13,6,4,330.80926301434215,20,Desktop,Premium,0
3261,21,Male,UK,27.526162126195153,35,18,8,0,202.51329702657534,7,Desktop,Premium,0
3262,21,Female,Canada,54.77243742287514,33,10,6,3,171.90876546347124,6,Desktop,Basic,0
3263,45,Female,Germany,21.802886720879144,27,18,5,2,211.55346309383646,59,Desktop,Premium,0
3264,25,Male,Ghana,29.780486561641677,40,17,9,0,203.00561202631266,9,Mobile,Premium,0
3265,19,Male,Ghana,24.19138669939636,26,9,3,2,201.22668163607608,28,Mobile,Premium,0
3266,58,Male,Canada,19.967042451050617,19,14,9,2,153.4344910873072,10,Mobile,Premium,0
3267,63,Male,Germany,47.92790002343253,45,13,1,1,90.8901291817878,54,Mobile,Premium,0
3268,39,Female,Ghana,14.607426281876606,39,14,8,4,244.90011520881038,35,Desktop,Premium,0
3269,58,Female,Ghana,29.174862616793096,45,11,9,1,207.58756475124292,7,Desktop,Basic,0
3270,33,Female,UK,30.879632075231644,26,13,4,4,333.15484444066834,25,Mobile,Premium,0
3271,46,Female,UK,29.669501112693954,6,17,4,1,197.33175336722613,30,Desktop,Premium,0
3272,47,Male,USA,26.842911582690594,3,3,2,0,78.89199819188336,43,Mobile,Basic,1
3273,29,Female,Canada,46.14342916917702,6,1,2,2,225.79294843276185,26,Desktop,Basic,0
3274,52,Female,Germany,8.881188183863529,28,5,0,0,206.0736818582696,44,Mobile,Basic,1
3275,28,Female,Ghana,34.36451743819657,3,13,4,4,165.53118713949772,12,Mobile,Basic,0
3276,63,Female,Ghana,34.80999332489623,13,5,2,2,249.47395299816696,13,Mobile,Basic,0
3277,38,Male,USA,32.86989762401501,13,5,1,2,239.80976940418827,54,Desktop,Basic,0
3278,38,Female,Ghana,21.69156143309207,13,12,8,4,104.24696298016224,55,Mobile,Basic,0
3279,22,Female,Canada,42.0503107565091,1,2,9,0,162.57238132545825,40,Mobile,Basic,1
3280,37,Female,USA,41.549802291978914,40,16,5,2,287.55398925138536,4,Mobile,Basic,0
3281,54,Male,Canada,21.33911242794134,37,17,2,0,121.62128579806532,53,Desktop,Premium,1
3282,20,Male,USA,18.02117108088844,31,5,6,0,186.21114269365253,52,Mobile,Premium,1
3283,61,Female,Ghana,16.088973673262366,17,12,8,0,218.17425837773163,1,Desktop,Basic,0
3284,50,Female,USA,32.25405161982203,9,15,8,2,107.6887332384146,6,Desktop,Basic,0
3285,26,Female,UK,30.467820393881905,45,6,0,3,192.12671291241463,55,Mobile,Basic,0
3286,26,Male,Germany,26.38892081918169,13,13,1,1,189.5003807724693,2,Desktop,Premium,0
3287,21,Female,Ghana,50.81317300032555,37,11,7,4,174.12160037955087,54,Desktop,Basic,0
3288,52,Female,Germany,25.389156346426063,14,17,0,0,77.55547310439417,46,Desktop,Premium,1
3289,34,Female,Ghana,31.87499889647701,11,9,2,2,199.97505753936272,27,Desktop,Premium,0
3290,51,Male,Germany,28.056944385845476,25,16,6,4,150.51460736750187,18,Mobile,Premium,0
3291,41,Female,UK,49.631180351610425,31,17,7,3,285.2622156921489,42,Desktop,Premium,0
3292,49,Female,Germany,10.103326893728571,14,18,4,3,233.2538744023155,29,Mobile,Basic,0
3293,18,Male,USA,26.90090034695599,7,13,1,2,137.83708118366644,53,Desktop,Basic,0
3294,25,Male,Germany,36.14255488094065,24,11,2,0,168.36209458598853,33,Desktop,Basic,1
3295,62,Female,Ghana,27.77611772172109,49,13,8,3,210.0101142927092,3,Mobile,Basic,0
3296,40,Male,Canada,16.956673818195608,36,13,9,3,168.23402548294376,20,Desktop,Basic,0
3297,64,Female,Germany,31.76597033905729,42,12,6,3,78.78676267159241,4,Desktop,Premium,0
3298,57,Male,Germany,13.786764605346125,42,14,0,2,223.38892172626913,18,Mobile,Premium,0
3299,29,Male,Germany,36.7023484059176,47,13,2,4,242.0934865364503,8,Desktop,Basic,0
3300,29,Female,Ghana,25.867370810733018,44,9,8,1,259.2719837340998,22,Mobile,Premium,0
3301,63,Female,Germany,24.18528041702223,41,14,6,2,275.0995400816951,41,Mobile,Premium,0
3302,64,Female,Ghana,40.46156165223377,3,1,1,0,133.7310739619296,22,Desktop,Basic,0
3303,32,Male,Ghana,19.967757988982314,47,9,5,2,262.7805065297504,19,Mobile,Premium,0
3304,58,Female,Canada,14.575334437832467,44,4,8,2,108.6573613039148,28,Desktop,Premium,0
3305,36,Female,USA,20.89517410567524,26,12,3,1,228.5727019152927,2,Desktop,Basic,0
3306,43,Female,Ghana,50.47000656773481,47,14,9,1,143.30405086173818,9,Mobile,Premium,0
3307,46,Female,UK,19.963124175295675,26,9,1,1,233.46477796053273,35,Desktop,Basic,0
3308,39,Female,Germany,33.65523369376178,1,3,2,4,79.37168534423186,22,Mobile,Premium,0
3309,57,Male,UK,38.43353283914706,15,6,6,2,243.41837369788692,26,Desktop,Premium,0
3310,38,Female,Germany,20.602500653683,11,3,3,0,137.06563556464704,34,Mobile,Basic,1
3311,55,Female,Canada,20.615455014728468,37,1,6,1,238.6274585027788,7,Mobile,Premium,0
3312,37,Male,Ghana,31.80158634953596,7,3,4,1,229.81931761081094,30,Mobile,Premium,0
3313,46,Female,USA,32.253222174009075,12,14,7,2,230.83303376908538,49,Mobile,Basic,0
3314,21,Female,Ghana,43.47617085802308,38,2,7,0,203.80810756349035,25,Mobile,Premium,0
3315,24,Female,Germany,22.307685755846308,3,12,4,1,106.62711905379005,49,Mobile,Premium,0
3316,45,Female,USA,26.22746487897571,42,10,6,2,319.22640381027577,9,Desktop,Basic,0
3317,45,Female,Ghana,58.38396355664127,26,13,5,3,189.60446600011633,27,Desktop,Basic,0
3318,21,Male,USA,12.073747675647212,30,4,7,4,189.40424788427296,1,Desktop,Premium,0
3319,39,Male,Germany,10.02311856514406,32,19,8,2,310.7871180557851,33,Desktop,Premium,0
3320,29,Male,Canada,16.16959024387441,36,1,4,1,128.88469602202957,8,Mobile,Basic,0
3321,62,Female,Canada,41.016055076441695,45,11,6,0,196.2013468305238,49,Mobile,Premium,1
3322,20,Male,Ghana,25.61715067657235,37,16,0,3,213.58072518297777,32,Mobile,Basic,0
3323,39,Female,UK,25.613532724054053,18,19,7,0,181.46004481299272,40,Mobile,Premium,1
3324,61,Female,Germany,20.347773300579075,1,19,2,0,221.86031067096968,19,Desktop,Basic,0
3325,19,Female,Ghana,39.18418304572063,21,12,0,0,153.49547630307862,36,Mobile,Basic,1
3326,41,Male,Ghana,16.324462437489803,28,3,5,2,194.5445357811505,50,Mobile,Basic,0
3327,51,Male,Canada,24.18498047005453,48,18,7,2,210.5014393382607,45,Mobile,Basic,0
3328,44,Male,USA,20.74357569304344,16,17,2,4,309.361350579492,22,Desktop,Premium,0
3329,58,Female,Germany,3.2772720179872223,48,5,0,3,332.495928452118,39,Desktop,Premium,0
3330,18,Male,USA,25.21761050974776,28,16,2,0,213.55996670048367,26,Desktop,Basic,0
3331,25,Female,Germany,29.408208891895555,22,14,4,1,295.93900452873913,3,Desktop,Basic,0
3332,40,Male,UK,22.24478150621489,19,19,7,0,141.99342617819275,46,Mobile,Basic,1
3333,55,Male,Canada,27.317249747935175,48,6,8,3,380.1054379001466,9,Desktop,Premium,0
3334,23,Female,UK,27.573738944858842,1,3,8,0,180.4225411068858,35,Desktop,Basic,1
3335,39,Female,Ghana,28.669743240357764,31,6,3,2,197.37342342021543,7,Mobile,Premium,0
3336,42,Male,Canada,19.459515046831783,42,12,7,2,242.56349580778766,15,Desktop,Premium,0
3337,35,Male,Ghana,18.885104311475963,34,11,4,3,268.2025696707964,4,Desktop,Basic,0
3338,34,Male,UK,30.46946501049353,46,7,2,4,186.28460084244222,37,Mobile,Premium,0
3339,29,Female,Germany,15.23912362196706,40,1,4,0,39.344015138719385,28,Desktop,Premium,0
3340,23,Female,Ghana,27.858749689057536,6,16,1,3,252.46902596018924,9,Desktop,Basic,0
3341,43,Male,USA,46.35490623617163,28,16,5,1,127.19247687215702,35,Desktop,Premium,0
3342,44,Male,Germany,29.611765133025433,3,17,0,1,261.9364871889261,48,Desktop,Basic,0
3343,25,Female,Germany,11.734332623300567,31,15,5,4,260.1849094910823,48,Mobile,Premium,0
3344,36,Male,UK,31.798182148014803,16,9,4,2,215.40636017114971,51,Mobile,Basic,0
3345,59,Female,UK,38.184903662307974,17,5,8,3,272.34455450100864,25,Desktop,Premium,0
3346,18,Female,Canada,22.046829354856374,44,8,6,0,160.77508252933688,9,Mobile,Premium,0
3347,46,Female,Canada,27.010467220438212,27,1,5,3,309.9810508492855,52,Mobile,Premium,0
3348,62,Female,USA,21.223112209141586,24,7,6,4,213.03469315356043,33,Desktop,Basic,0
3349,52,Female,Germany,25.378183434184045,20,11,9,3,185.17413149189755,17,Desktop,Premium,0
3350,57,Female,USA,23.34453683304979,32,13,4,4,291.3017152931012,12,Mobile,Premium,0
3351,31,Male,USA,34.35668518641492,35,13,0,4,146.78516534219727,9,Mobile,Premium,0
3352,52,Female,UK,46.582623606087886,13,7,8,4,31.618811343732375,54,Desktop,Basic,0
3353,62,Female,USA,30.57215450110065,48,11,4,3,100.18688503766313,5,Mobile,Basic,0
3354,37,Male,USA,14.58257421701584,43,18,3,1,314.8062923163647,47,Mobile,Basic,0
3355,30,Female,Ghana,55.294333022041656,20,1,5,0,219.996818750528,26,Desktop,Premium,0
3356,55,Male,Canada,35.82898611744406,48,12,4,4,213.6113590478896,45,Desktop,Premium,0
3357,63,Female,Canada,37.86470439063896,2,3,0,2,272.8593882918175,19,Desktop,Basic,0
3358,25,Male,Germany,29.362738496472513,4,1,1,4,223.6446980419036,35,Desktop,Basic,0
3359,60,Male,Canada,32.32729174676053,27,4,3,3,177.9849697072062,2,Mobile,Premium,0
3360,37,Female,Germany,26.58174131117628,25,6,7,4,164.91041691901188,45,Desktop,Premium,0
3361,50,Female,Ghana,39.036959089026496,4,5,4,2,105.96594194121897,7,Mobile,Premium,0
3362,43,Female,Canada,25.22596671651737,32,11,6,1,114.644051670604,9,Mobile,Basic,0
3363,56,Female,Ghana,34.893744205570215,17,13,1,3,213.9768586206838,22,Desktop,Premium,0
3364,38,Male,Canada,39.69403716457061,1,11,7,3,187.54389348259974,42,Mobile,Basic,0
3365,59,Male,Canada,42.459348857769264,33,6,4,3,239.0455937747339,33,Desktop,Basic,0
3366,60,Male,Ghana,40.31942696969112,30,19,3,2,193.13835033029386,54,Desktop,Basic,0
3367,58,Female,USA,19.764012218402335,5,15,8,3,114.88117424702799,16,Mobile,Basic,0
3368,26,Male,USA,45.72746183302866,12,13,5,1,219.64868484921237,43,Mobile,Premium,0
3369,41,Female,USA,36.642589578404355,38,10,3,0,214.8484930286079,24,Mobile,Basic,0
3370,54,Female,USA,33.055932836113406,32,1,7,0,201.38106061237303,8,Desktop,Premium,0
3371,58,Male,Canada,34.20876757932149,38,13,2,4,212.5786212551193,30,Desktop,Basic,0
3372,34,Female,UK,28.41610105489946,17,6,9,0,357.255383724343,26,Desktop,Basic,0
3373,41,Male,Ghana,25.33378136515231,45,12,1,2,104.65217838249727,45,Mobile,Basic,0
3374,38,Female,UK,26.314947878438986,40,17,6,0,123.42439023554559,48,Desktop,Basic,1
3375,56,Male,UK,42.881272885397145,32,18,3,2,63.84949243869886,35,Desktop,Premium,0
3376,58,Female,Germany,30.810518476498984,24,8,3,2,207.4048843211264,45,Mobile,Premium,0
3377,56,Male,USA,32.81717885128674,12,14,9,4,45.12156774281394,17,Mobile,Premium,0
3378,30,Male,Canada,30.601419759271952,47,5,8,0,217.93366129343292,53,Desktop,Premium,1
3379,28,Female,USA,23.32075069608372,31,2,1,4,195.50541540986688,38,Desktop,Basic,0
3380,63,Female,USA,8.531790678331795,19,11,0,3,154.09115695322095,10,Desktop,Premium,0
3381,36,Male,UK,37.68720114202648,29,3,6,1,237.75131989361074,41,Mobile,Premium,0
3382,28,Female,Germany,36.62777650147237,21,16,7,0,223.72756349392776,50,Desktop,Basic,1
3383,30,Female,USA,29.885441131017156,26,16,2,3,328.40777829766483,17,Desktop,Basic,0
3384,63,Female,Ghana,19.097622908696056,28,9,1,3,249.04398167724506,7,Mobile,Basic,0
3385,62,Male,Ghana,48.208188803400986,17,13,3,4,194.94922164075268,2,Desktop,Premium,0
3386,18,Male,USA,26.58848095498215,9,10,1,4,17.495313112839284,11,Desktop,Premium,0
3387,57,Female,UK,32.48251501602598,21,17,1,1,274.37097464174803,50,Desktop,Basic,0
3388,61,Female,UK,22.968516700719654,34,17,4,1,275.01408281917423,3,Mobile,Premium,0
3389,36,Male,Canada,16.502813636731364,11,10,9,1,305.8909821629551,46,Mobile,Basic,0
3390,29,Female,Germany,35.89632960469405,20,8,4,1,16.980203350185377,20,Mobile,Basic,0
3391,25,Male,UK,14.991914361749693,49,7,7,4,216.40670018940642,13,Mobile,Premium,0
3392,25,Female,Canada,32.2903842803289,47,14,8,2,252.68328529659652,23,Desktop,Basic,0
3393,62,Female,Ghana,32.31943216596165,39,18,1,4,296.1250096122665,17,Mobile,Premium,0
3394,29,Female,Ghana,18.802367953471006,16,19,0,2,248.15182764984635,29,Mobile,Basic,0
3395,50,Male,Ghana,17.03582980926362,29,18,2,4,204.84526055113596,54,Mobile,Basic,0
3396,62,Male,USA,22.295642959428957,1,14,5,4,118.53165699519322,43,Mobile,Basic,0
3397,43,Male,Germany,23.72439480662198,18,10,4,1,190.63369516717788,39,Desktop,Basic,0
3398,56,Male,Canada,14.702655218378363,22,1,7,2,231.10589772138488,32,Mobile,Premium,0
3399,45,Female,Germany,18.748587935284437,8,9,7,3,262.6272023849324,35,Desktop,Basic,0
3400,22,Female,USA,30.759051056424862,7,18,1,3,73.10088039870695,35,Mobile,Basic,0
3401,25,Male,Canada,49.8962331978594,25,13,8,3,223.63599460929296,34,Desktop,Premium,0
3402,42,Female,Canada,40.07648027585613,30,17,3,1,82.17711438836315,21,Mobile,Basic,0
3403,44,Female,UK,31.605197636034173,34,16,0,3,221.27031243904835,16,Mobile,Premium,0
3404,63,Male,Germany,41.283418673281176,44,11,1,4,108.20815073373224,23,Mobile,Premium,0
3405,40,Female,Germany,41.55463444032668,48,9,5,1,84.55937377370525,11,Desktop,Premium,0
3406,47,Female,UK,26.950200572652843,41,7,4,3,344.83806926161066,14,Mobile,Basic,0
3407,62,Male,Ghana,32.57895838927719,11,1,6,1,89.42784482226783,3,Desktop,Premium,0
3408,64,Female,USA,39.77897895716481,15,9,8,4,149.0654013021337,7,Desktop,Basic,0
3409,40,Female,Germany,41.14472530547939,35,10,5,1,198.37028336776663,40,Desktop,Premium,0
3410,64,Female,UK,41.240726106125614,23,16,5,3,33.407943527825495,45,Mobile,Premium,0
3411,37,Male,Canada,19.729892628958886,45,18,1,1,262.8319585144392,51,Mobile,Premium,0
3412,35,Male,UK,41.750515732605734,21,14,6,0,143.94217284199308,11,Mobile,Basic,0
3413,35,Female,Ghana,48.5807690953496,28,11,1,3,118.38644669556707,33,Mobile,Premium,0
3414,19,Female,USA,44.934277498589466,13,4,6,4,273.9512036972453,19,Mobile,Premium,0
3415,21,Female,Ghana,19.144779501980434,34,19,7,2,93.13026843635286,45,Desktop,Basic,0
3416,47,Male,Canada,16.630236936364124,38,13,0,1,235.8108784470273,54,Mobile,Premium,0
3417,50,Male,Canada,34.65225682693592,6,1,8,1,201.88429420090327,49,Mobile,Premium,0
3418,53,Male,Canada,44.748339702164095,44,19,7,3,204.5831744525309,41,Mobile,Premium,0
3419,35,Female,Canada,32.26167984516874,4,15,8,3,195.4886354746868,51,Desktop,Basic,0
3420,54,Female,UK,27.65022167844661,5,15,4,0,210.2887228929508,51,Mobile,Premium,1
3421,36,Female,Canada,29.09811000075484,40,11,3,4,17.8317583870039,23,Mobile,Basic,0
3422,64,Female,Canada,40.204921999415824,6,5,0,1,130.06098901301573,23,Mobile,Basic,0
3423,45,Female,UK,26.783924202874154,21,10,8,1,126.93937798525535,29,Mobile,Basic,0
3424,57,Male,Canada,34.80954656733292,28,18,3,2,288.60113446624695,6,Desktop,Premium,0
3425,37,Female,Ghana,28.696368986853887,3,7,3,1,212.68976269696688,39,Desktop,Premium,0
3426,50,Female,Ghana,21.11662014329545,23,1,3,1,200.90779815806397,5,Mobile,Basic,0
3427,29,Female,Germany,20.33308884319308,8,3,1,0,348.45085472896596,32,Desktop,Basic,1
3428,32,Male,Ghana,35.25309314189964,19,1,3,2,38.042440306643016,40,Desktop,Basic,0
3429,58,Female,USA,2.945963675049068,11,17,1,1,313.1587553006602,26,Desktop,Premium,0
3430,56,Male,USA,34.79262733828057,10,15,7,1,200.94355357835485,14,Mobile,Premium,0
3431,19,Male,USA,28.29380042295809,28,5,6,4,139.5863327074933,18,Desktop,Premium,0
3432,46,Male,UK,39.4608312991621,20,16,9,1,157.25820253247184,21,Mobile,Basic,0
3433,58,Male,Ghana,36.01464198020143,44,12,1,0,160.14712937793547,59,Mobile,Basic,1
3434,27,Male,USA,30.446209258006487,28,19,1,1,320.0062113682707,25,Desktop,Basic,0
3435,19,Female,Germany,19.32635391740723,29,14,1,1,219.13530159613475,20,Desktop,Premium,0
3436,28,Female,UK,19.867643044156953,8,3,0,3,254.91683672240174,24,Desktop,Premium,0
3437,30,Male,Germany,23.55034947145516,19,19,5,1,140.62697221830047,3,Mobile,Premium,0
3438,27,Male,Ghana,38.685942458880156,48,1,5,2,208.89374485634653,22,Desktop,Basic,0
3439,31,Male,Canada,47.68705123155043,21,1,0,3,272.7435120142961,8,Mobile,Premium,0
3440,35,Female,Germany,33.298911638846754,18,10,0,2,290.0931964061359,46,Desktop,Premium,0
3441,26,Female,Canada,24.10781061292448,9,3,5,2,92.81971273978942,57,Desktop,Basic,0
3442,56,Male,UK,25.149758596509038,4,13,5,0,264.6857610643772,46,Desktop,Premium,1
3443,45,Female,Germany,25.609912667561677,41,6,3,1,188.33099567477112,29,Mobile,Premium,0
3444,20,Female,Germany,40.40114514441264,25,11,2,2,229.2299015392959,7,Desktop,Premium,0
3445,37,Male,UK,25.41414032212144,34,6,8,1,157.75960181197317,6,Mobile,Premium,0
3446,23,Male,UK,29.563131733899013,9,3,5,1,322.06501964079393,59,Desktop,Basic,0
3447,44,Female,USA,43.44798548700041,9,16,0,0,220.81432604984866,6,Mobile,Basic,0
3448,19,Female,Ghana,24.325223085483284,18,9,2,0,152.9596822818125,12,Desktop,Basic,0
3449,46,Female,Germany,35.57060572030038,11,8,0,2,160.88604720163113,22,Desktop,Basic,0
3450,55,Male,Germany,39.00454952780288,13,3,2,2,268.75278534959745,47,Desktop,Premium,0
3451,20,Male,UK,30.6344197536632,38,5,1,3,257.72211449031835,26,Desktop,Basic,0
3452,33,Male,UK,49.541178007911725,9,14,4,1,206.44563740002636,25,Desktop,Basic,0
3453,47,Female,Ghana,46.654532198322556,16,5,2,1,169.05463816055715,19,Desktop,Basic,0
3454,57,Female,UK,32.63097083000208,4,19,6,0,276.410121911926,36,Mobile,Basic,1
3455,19,Male,Canada,21.961831415437626,34,5,7,0,157.90662011269376,35,Desktop,Premium,1
3456,34,Female,Canada,22.434413879613103,7,2,6,2,153.88280806089605,13,Desktop,Basic,0
3457,58,Male,Canada,32.12641190847644,15,7,1,3,402.0866362336827,25,Mobile,Premium,0
3458,29,Female,Canada,19.099694509532107,38,1,9,3,230.29615679262076,48,Mobile,Premium,0
3459,52,Male,Ghana,32.68941962749271,11,18,9,0,193.42242893911686,45,Desktop,Premium,1
3460,60,Female,Germany,46.880955436135636,32,10,6,0,164.45341288011483,32,Mobile,Basic,1
3461,18,Female,Canada,30.624867687815126,27,6,9,3,183.17854530490973,30,Mobile,Premium,0
3462,62,Male,UK,29.810522279397116,30,7,2,3,299.8291198241259,21,Desktop,Basic,0
3463,32,Male,Canada,38.5319306617687,17,12,6,2,266.2863069802636,42,Mobile,Basic,0
3464,43,Male,Ghana,35.24835559476658,36,18,0,3,148.08557669189378,45,Desktop,Premium,0
3465,54,Male,UK,18.516892124845562,19,11,1,1,173.59646843463946,40,Mobile,Premium,0
3466,38,Male,Canada,25.447658252523887,7,19,9,3,94.76503183503067,44,Mobile,Premium,0
3467,48,Female,Germany,48.93954323518528,43,4,0,4,221.05502665873604,8,Mobile,Premium,0
3468,42,Male,UK,33.25445188276467,45,19,8,3,-117.41691556752335,41,Desktop,Premium,0
3469,40,Male,UK,19.935666928282295,21,13,1,0,76.71421038993786,42,Desktop,Premium,1
3470,41,Male,Germany,28.08154216187945,28,19,1,0,207.3840235488918,7,Desktop,Basic,0
3471,55,Male,UK,12.174127334470104,3,2,5,4,-9.966039795836082,3,Desktop,Basic,0
3472,45,Male,Canada,11.424779655107542,14,9,6,1,382.73495610337727,37,Desktop,Premium,0
3473,38,Female,UK,39.82271235371616,2,8,1,3,129.06681507876073,3,Desktop,Basic,0
3474,60,Male,Canada,29.955283305705937,29,14,3,3,238.7034128505606,18,Mobile,Basic,0
3475,35,Male,Germany,35.188768838638566,18,9,2,4,301.4227142334471,51,Mobile,Basic,0
3476,53,Male,USA,41.578849115841734,37,13,4,2,221.4848489699472,42,Desktop,Basic,0
3477,52,Female,Germany,33.39473857751971,45,18,8,2,199.59065958542897,9,Mobile,Basic,0
3478,62,Female,Canada,37.331020617774335,45,6,1,1,154.5781841573458,57,Desktop,Premium,0
3479,26,Male,Ghana,32.57309104136732,24,3,4,3,94.5542184310278,24,Desktop,Premium,0
3480,55,Male,Germany,42.86398085830464,46,10,7,3,161.95086818987065,7,Mobile,Basic,0
3481,47,Female,Ghana,47.734473394018686,12,10,5,3,208.24250391460123,33,Mobile,Basic,0
3482,61,Female,Ghana,31.9957068951809,45,10,3,0,197.92444676961736,25,Desktop,Premium,0
3483,51,Female,Canada,31.576359652729856,32,9,9,2,123.60595947021429,42,Desktop,Premium,0
3484,49,Male,Canada,33.201600117299805,18,12,7,4,285.0753831349806,34,Mobile,Basic,0
3485,20,Male,USA,28.944746719346707,13,8,2,0,85.55519771559926,38,Mobile,Premium,1
3486,20,Female,UK,25.997195209903108,4,9,3,0,247.59279664114365,58,Mobile,Premium,1
3487,45,Male,Germany,40.48336094280739,23,17,8,2,268.0563906879067,21,Desktop,Basic,0
3488,61,Female,Canada,26.010703050003237,10,8,4,3,219.0415715862898,38,Desktop,Basic,0
3489,32,Female,Germany,25.433952224392314,5,18,5,1,333.11104284022406,56,Desktop,Premium,0
3490,58,Female,Ghana,38.98370254190621,40,17,1,4,232.4459199032666,40,Desktop,Basic,0
3491,40,Male,UK,39.75109590517374,14,6,8,2,310.3013157232165,58,Desktop,Basic,0
3492,57,Female,USA,53.334715358969234,34,10,7,1,-13.347181259716706,18,Mobile,Basic,0
3493,28,Female,Germany,42.19663850942419,28,1,6,2,275.03514979858187,39,Desktop,Basic,0
3494,49,Male,UK,38.27027600830806,8,1,8,2,246.85420374085973,50,Desktop,Premium,0
3495,53,Female,USA,39.71344228736389,16,9,4,2,242.78840661119818,33,Desktop,Basic,0
3496,50,Male,Germany,28.521163939763493,31,3,4,2,249.37468908828237,28,Mobile,Premium,0
3497,41,Female,UK,35.62215036898393,7,6,8,3,161.51066980563888,56,Desktop,Basic,0
3498,56,Male,Canada,36.09641932500437,3,7,4,0,260.71020345444776,25,Mobile,Basic,0
3499,51,Female,Germany,24.579279734603965,29,9,8,2,342.5106514743204,14,Desktop,Basic,0
3500,45,Female,UK,29.510555970567474,36,5,0,1,49.77403131095156,55,Desktop,Basic,0
3501,54,Female,USA,39.52392406365471,39,16,9,1,295.1954343317825,20,Mobile,Basic,0
3502,24,Female,UK,29.814907204857647,4,2,9,1,189.69471813595314,39,Mobile,Basic,0
3503,21,Female,Canada,36.115715502997574,9,3,7,0,147.2344368895293,20,Desktop,Basic,0
3504,54,Male,Germany,38.96797482605301,17,3,2,0,103.15530829555908,7,Mobile,Basic,0
3505,18,Male,Germany,38.50143399158207,49,10,7,1,230.38649152699955,4,Mobile,Premium,0
3506,18,Female,Germany,47.30650301681981,20,3,4,3,326.60415069735757,31,Mobile,Premium,0
3507,64,Female,Canada,24.187184978735942,14,15,1,0,168.8857494448398,30,Desktop,Premium,0
3508,37,Female,USA,46.42518606486435,46,14,8,0,253.33471667186168,57,Desktop,Premium,1
3509,36,Male,Germany,34.74276286102791,29,4,3,3,199.16061201048103,37,Desktop,Premium,0
3510,46,Male,USA,38.34048048475099,13,10,6,2,68.52199981089109,55,Desktop,Basic,0
3511,27,Female,UK,36.969517198219656,36,11,7,0,185.65287044533042,59,Mobile,Basic,1
3512,35,Male,USA,36.46353685160199,45,11,6,1,146.8249141567539,56,Desktop,Basic,0
3513,45,Female,USA,23.62628982028835,17,8,5,1,118.92189493059662,21,Mobile,Basic,0
3514,52,Female,Germany,37.972856591604184,47,9,6,3,165.57348461597775,1,Desktop,Premium,0
3515,60,Female,Ghana,15.611685816321948,43,8,3,1,174.53190898361163,52,Desktop,Premium,0
3516,64,Male,Ghana,50.952660564375975,4,12,9,4,280.52517103971894,3,Mobile,Premium,0
3517,48,Female,Canada,33.81819549944588,20,17,0,1,201.8862649670336,13,Desktop,Premium,0
3518,44,Female,Canada,41.59970666641481,11,15,4,3,87.6125503527208,7,Desktop,Basic,0
3519,28,Female,Ghana,36.81817358297174,42,19,7,3,296.52628927535886,6,Desktop,Basic,0
3520,55,Male,UK,30.36585008966343,22,6,9,3,230.8087541206803,6,Mobile,Basic,0
3521,22,Male,Germany,24.592504350617972,45,5,5,4,222.4732140523556,34,Desktop,Premium,0
3522,25,Male,Germany,22.69662765988112,8,8,4,0,269.88203794824966,32,Mobile,Premium,1
3523,51,Female,UK,37.7936651437781,28,18,1,2,198.2716082085267,16,Mobile,Basic,0
3524,29,Male,UK,37.26992115048796,45,15,9,1,157.0877207181585,38,Desktop,Basic,0
3525,55,Female,Ghana,35.584484838729615,41,3,4,0,227.72584542338552,8,Desktop,Basic,0
3526,18,Male,Canada,28.822338001537265,30,14,9,3,249.83429010976243,21,Desktop,Premium,0
3527,48,Female,UK,34.13235915105571,33,15,2,0,230.51415303746322,57,Desktop,Premium,1
3528,21,Male,Canada,25.77146601659281,33,13,1,0,264.8815572660279,11,Mobile,Basic,0
3529,62,Female,USA,23.191773226280425,47,9,2,4,208.03618474505902,50,Mobile,Premium,0
3530,22,Male,Germany,27.2267523435807,36,17,3,3,120.35299976601839,23,Desktop,Basic,0
3531,47,Male,Ghana,27.666696727442872,27,19,1,3,149.66601525053528,6,Desktop,Basic,0
3532,41,Male,Germany,44.64202631182478,20,4,3,1,309.8085842723903,46,Desktop,Basic,0
3533,20,Female,Ghana,16.349699520961877,33,10,3,1,202.6185801236796,15,Mobile,Premium,0
3534,28,Male,USA,29.669690910132616,25,3,5,1,109.79977936139876,11,Desktop,Premium,0
3535,62,Male,Germany,36.32346382742104,44,19,4,1,102.25161371160178,27,Desktop,Premium,0
3536,21,Male,USA,49.8553450783438,43,9,6,0,92.88364342766022,15,Desktop,Premium,0
3537,43,Male,Ghana,23.92565773921455,19,5,6,0,265.9082965248834,45,Mobile,Premium,1
3538,44,Female,UK,18.8408229275376,47,14,2,1,224.78098819238747,38,Mobile,Basic,0
3539,63,Male,Germany,37.22998658038425,21,7,8,1,347.5786585900458,4,Desktop,Basic,0
3540,60,Female,USA,31.648580104726307,42,6,6,1,246.09154219688102,14,Mobile,Premium,0
3541,44,Female,Germany,27.792019168667213,33,8,6,2,250.90336244516254,45,Desktop,Premium,0
3542,59,Female,Germany,34.37627893798131,3,2,1,1,359.1876007653267,10,Desktop,Basic,0
3543,23,Female,Germany,38.61844207059998,14,14,9,2,122.49664526357142,57,Mobile,Premium,0
3544,32,Male,Canada,37.370399696387665,15,7,2,1,79.98215499747461,54,Desktop,Premium,0
3545,47,Female,USA,33.01726664220626,33,3,2,3,244.23119188577584,29,Mobile,Premium,0
3546,59,Female,USA,43.16805472284196,42,6,5,4,180.47502318818263,12,Mobile,Premium,0
3547,54,Female,Germany,31.973952352642776,22,14,3,0,223.80311504191766,56,Desktop,Basic,1
3548,54,Female,UK,30.431208849706486,1,12,3,3,297.98108632501084,40,Desktop,Premium,0
3549,59,Male,Germany,37.13891702093128,31,18,0,4,260.92469856940903,20,Desktop,Basic,0
3550,54,Male,Canada,17.39470377056068,47,12,5,2,321.32174578942426,37,Desktop,Premium,0
3551,52,Female,Ghana,36.157552896451165,35,7,7,0,127.35360892645447,2,Desktop,Premium,0
3552,40,Female,Canada,26.967810682254413,20,5,7,2,271.7898161479175,20,Mobile,Basic,0
3553,23,Female,UK,16.700146090619853,32,12,7,2,138.19988824662894,12,Mobile,Basic,0
3554,21,Male,Germany,34.25184479961616,12,9,4,0,333.5147404905405,38,Mobile,Premium,1
3555,35,Male,USA,25.417274927062095,16,11,9,4,235.84978014321797,30,Mobile,Basic,0
3556,26,Male,Germany,13.855157113700507,8,4,5,0,240.55012625000316,47,Mobile,Basic,1
3557,46,Male,UK,21.288600509172532,14,14,4,1,153.43959232918382,18,Desktop,Basic,0
3558,30,Male,USA,46.89651317203713,18,12,3,2,157.49001546952405,50,Mobile,Premium,0
3559,64,Female,Canada,24.433045311257253,30,18,3,1,232.42281921847334,10,Desktop,Premium,0
3560,34,Male,Ghana,33.229683850718644,33,7,3,0,339.8611384009025,7,Desktop,Premium,0
3561,62,Male,Ghana,19.158714323562023,34,1,3,0,326.5907222713262,42,Mobile,Premium,1
3562,49,Female,Germany,51.009285972517695,44,13,5,4,228.67840831289274,5,Mobile,Basic,0
3563,39,Male,Canada,30.693368084724877,49,16,5,2,166.29582588919394,48,Mobile,Premium,0
3564,21,Male,UK,23.15946218898819,34,5,4,3,245.83273133546075,29,Desktop,Premium,0
3565,22,Male,Ghana,38.85094319878361,49,19,8,0,300.35709468733376,51,Desktop,Premium,1
3566,54,Female,Canada,50.50199392050014,7,9,7,3,216.94393603531944,35,Desktop,Basic,0
3567,58,Male,Germany,25.917406492666863,6,9,9,2,169.01752089134155,39,Mobile,Basic,0
3568,30,Female,USA,22.959552364895227,6,12,5,1,254.33018669361786,51,Desktop,Premium,0
3569,51,Female,Germany,52.95160672053517,22,18,8,2,180.8254710134588,12,Desktop,Basic,0
3570,62,Male,Germany,28.77321956240386,8,10,4,4,171.59122767589434,10,Mobile,Basic,0
3571,39,Male,Canada,27.633975962169693,37,17,9,3,195.50865685706972,37,Desktop,Premium,0
3572,40,Male,Ghana,8.556198495943597,15,19,3,3,253.32824765783053,2,Desktop,Basic,0
3573,20,Male,Canada,29.663362558575407,26,11,5,1,182.19736938658508,3,Mobile,Basic,0
3574,59,Female,USA,16.440541621208745,39,16,3,1,197.02289149011077,14,Desktop,Premium,0
3575,51,Male,Canada,24.399068828518242,3,8,7,0,211.47662888662404,47,Mobile,Premium,1
3576,49,Female,UK,9.856983661758797,10,15,6,2,169.4548773304756,20,Mobile,Basic,0
3577,62,Female,Germany,42.351484953707285,3,11,4,4,323.96435176245194,45,Desktop,Premium,0
3578,38,Female,Ghana,15.333892474576533,30,7,9,0,347.4328770413522,49,Desktop,Basic,1
3579,63,Female,USA,10.592493573843797,46,2,5,2,175.77542097414238,52,Mobile,Basic,0
3580,61,Female,Germany,20.91782804482338,22,19,6,1,136.19143630796634,4,Desktop,Premium,0
3581,38,Male,Canada,42.473364664026334,3,9,1,4,162.8806621183285,51,Desktop,Basic,0
3582,61,Female,UK,25.55006900465788,1,18,8,1,235.66572623011888,26,Mobile,Basic,0
3583,28,Female,Canada,26.887411850444277,33,13,6,1,193.11992559739414,47,Mobile,Basic,0
3584,56,Male,Germany,34.78448860429295,19,1,7,3,97.69558423578246,15,Mobile,Premium,0
3585,21,Male,USA,28.483418383842963,36,19,4,2,187.5348288308101,9,Mobile,Basic,0
3586,18,Female,Ghana,42.37958821208167,34,13,2,0,232.5647633906132,3,Mobile,Basic,0
3587,45,Female,Germany,27.603698323693926,31,14,1,3,278.7710647142199,2,Mobile,Basic,0
3588,41,Male,USA,27.767517551016283,43,17,1,2,340.5528733127504,39,Desktop,Premium,0
3589,52,Female,Germany,52.64193283830899,24,1,2,2,164.1528688858498,41,Desktop,Premium,0
3590,30,Male,UK,30.551653992039537,12,5,0,2,150.1256055763606,54,Mobile,Premium,0
3591,64,Male,Canada,32.305706417664794,13,14,0,4,179.95677922445125,30,Mobile,Basic,0
3592,51,Female,Ghana,27.895742724407683,16,18,6,3,124.35552520593879,37,Mobile,Premium,0
3593,28,Male,USA,5.71765518712904,16,13,9,0,143.9802514862978,17,Mobile,Premium,0
3594,53,Female,Ghana,38.72870344938991,20,12,7,3,144.45720398676224,3,Mobile,Basic,0
3595,34,Female,Ghana,46.6053253740786,41,15,5,1,226.15213909970586,9,Desktop,Premium,0
3596,52,Female,Ghana,42.55715316940817,48,4,6,2,133.37173975669765,8,Mobile,Basic,0
3597,35,Male,USA,24.419183956861325,27,9,0,1,265.97582300757745,9,Desktop,Basic,0
3598,57,Female,USA,28.267927761789373,39,3,0,3,291.93029220754806,56,Mobile,Basic,0
3599,39,Male,Ghana,33.49187227854718,13,11,8,0,109.9325863233989,17,Desktop,Basic,0
3600,41,Female,Canada,33.13935344965352,4,15,4,1,95.60345747726836,24,Desktop,Basic,0
3601,36,Female,Germany,36.80969756945524,32,16,6,1,157.12331442913666,8,Mobile,Premium,0
3602,54,Male,Ghana,32.03061354896348,45,7,5,4,167.8938230012796,53,Mobile,Basic,0
3603,56,Female,UK,26.386721466362367,40,7,3,3,301.28500335353874,14,Mobile,Basic,0
3604,38,Female,Ghana,31.369456086377696,34,9,0,1,195.97314919508344,54,Desktop,Basic,0
3605,25,Male,USA,39.98785248291418,39,17,3,3,233.57674929441225,16,Mobile,Basic,0
3606,45,Male,Germany,59.162784641471795,43,13,9,0,233.4294524910997,18,Mobile,Basic,0
3607,22,Male,UK,25.01058768508824,17,9,9,1,129.55300127846664,49,Desktop,Basic,0
3608,34,Female,Germany,32.2620456232407,24,9,7,0,179.94422496347326,24,Desktop,Basic,0
3609,54,Male,Germany,26.367187717215394,29,12,0,1,198.97610641031326,39,Mobile,Premium,0
3610,53,Male,UK,33.07551610365067,46,19,1,2,230.20695371001634,52,Mobile,Premium,0
3611,36,Female,Ghana,39.75652638788105,28,15,7,4,85.25954160233802,47,Mobile,Premium,0
3612,44,Male,Ghana,27.918762642897075,45,18,1,4,152.4330998121844,27,Mobile,Basic,0
3613,51,Female,Ghana,9.539676644826006,47,8,9,4,200.9207767648304,28,Mobile,Premium,0
3614,28,Female,Canada,40.28573723350865,22,6,8,0,164.8304745820648,7,Mobile,Premium,0
3615,62,Male,Ghana,31.30419107509312,28,6,2,3,87.82619851053012,34,Mobile,Basic,0
3616,64,Female,UK,26.579679725346598,25,3,2,4,142.20158293527982,27,Desktop,Premium,0
3617,29,Male,Canada,24.347124743860135,41,3,5,1,88.60251135370204,34,Desktop,Basic,0
3618,38,Male,Ghana,33.11204812444866,3,2,2,1,310.47559940630475,39,Desktop,Basic,0
3619,28,Male,Canada,23.041269294172952,13,5,8,2,174.4288359592989,19,Desktop,Basic,0
3620,56,Male,UK,24.209929601380786,31,12,7,0,194.75933424644066,6,Mobile,Basic,0
3621,45,Female,Ghana,17.513813633958243,13,6,3,1,121.68724426751558,30,Mobile,Premium,0
3622,22,Female,USA,23.17636879808748,41,16,5,1,218.45688058213176,28,Desktop,Basic,0
3623,34,Male,UK,36.30863758837521,18,5,7,2,255.6054262970501,12,Desktop,Premium,0
3624,37,Male,Germany,16.188299410395622,37,6,3,2,126.70337800757133,15,Mobile,Premium,0
3625,58,Female,Germany,41.52067343332024,43,4,4,3,128.50140600404478,45,Mobile,Basic,0
3626,63,Male,UK,18.210467471599568,34,14,6,3,160.3524738730029,39,Desktop,Premium,0
3627,29,Female,Germany,31.49935813809008,17,3,7,3,87.99296125060252,39,Desktop,Basic,0
3628,23,Male,UK,34.849488076014396,21,17,6,1,230.4180503943007,15,Desktop,Basic,0
3629,34,Female,USA,38.24641953599712,36,5,7,2,260.71993071283083,58,Desktop,Basic,0
3630,36,Female,UK,38.24891928482835,40,6,3,0,85.39421410347573,36,Mobile,Premium,1
3631,43,Female,Ghana,29.159731430243127,19,4,0,3,270.4786432192797,3,Mobile,Basic,0
3632,61,Male,Ghana,28.284483609517157,12,13,5,4,270.5380752582255,1,Mobile,Premium,0
3633,61,Male,Canada,35.96534331491735,28,8,4,1,-27.267402948989286,7,Desktop,Premium,0
3634,49,Male,Germany,32.7802730333943,11,11,3,0,111.70194928871531,9,Mobile,Basic,0
3635,23,Male,Germany,26.541785769289554,48,19,1,1,151.47466190085902,1,Desktop,Basic,0
3636,53,Male,UK,33.70972558468616,37,5,0,3,245.47120133548574,5,Mobile,Premium,0
3637,55,Female,Germany,28.32872148434003,28,5,8,1,235.0388337884442,47,Desktop,Premium,0
3638,28,Female,Ghana,23.99464591338905,35,3,1,3,126.00615836970805,36,Desktop,Basic,0
3639,50,Female,USA,26.216594795480034,44,2,8,1,329.96679835046837,10,Mobile,Basic,0
3640,41,Female,UK,34.86418831849281,15,3,5,3,143.9943798710999,2,Mobile,Basic,0
3641,40,Female,Germany,20.719123849387252,16,15,5,2,133.1802350249842,23,Mobile,Basic,0
3642,32,Female,Ghana,41.063356934809974,45,7,1,2,107.1313278402854,39,Desktop,Basic,0
3643,44,Female,Canada,24.4272641363613,7,3,5,2,185.71421305680153,29,Desktop,Premium,0
3644,28,Male,Germany,7.4010782609402455,47,15,2,2,272.33343316917,56,Desktop,Premium,0
3645,34,Female,USA,35.52542317064716,3,11,6,2,127.89640860637674,19,Mobile,Premium,0
3646,31,Male,USA,2.9853961318578257,31,16,9,4,216.6737221617766,38,Desktop,Basic,0
3647,44,Female,Germany,19.880809362226536,12,13,3,1,216.26878687624082,47,Mobile,Basic,0
3648,35,Female,Germany,54.2245642292124,8,2,8,2,197.48344282549178,20,Desktop,Basic,0
3649,45,Male,Ghana,40.599931194039826,25,12,4,4,225.76869435158517,12,Mobile,Basic,0
3650,64,Female,Germany,39.77375758554413,44,7,9,4,272.4874099021249,11,Desktop,Premium,0
3651,64,Male,Canada,18.811807159908362,35,1,2,1,221.838829371405,35,Mobile,Premium,0
3652,21,Female,Ghana,28.1336950393686,12,14,0,1,283.74194090229764,52,Mobile,Premium,0
3653,24,Male,UK,42.414299518772324,21,10,0,3,111.99499294070401,49,Desktop,Premium,0
3654,62,Female,Canada,36.396375741153385,26,3,3,3,164.622857117986,7,Desktop,Basic,0
3655,52,Male,Ghana,41.35856944979108,2,11,9,2,112.09281587648776,23,Desktop,Premium,0
3656,26,Male,Ghana,47.815351312176446,14,15,9,0,243.83169854426546,55,Desktop,Basic,1
3657,25,Female,USA,36.60109875699902,46,6,3,3,297.74665648759725,50,Mobile,Premium,0
3658,62,Female,Ghana,17.693161178996064,4,18,8,0,175.22697819573233,17,Desktop,Premium,0
3659,34,Male,Canada,35.983818775801176,17,13,7,3,222.5234406969486,48,Mobile,Basic,0
3660,34,Female,Germany,27.644691671391257,47,15,3,4,80.43667530709041,57,Desktop,Basic,0
3661,50,Male,Canada,17.091401674031573,48,3,5,4,201.72409696407527,2,Desktop,Basic,0
3662,49,Female,UK,38.94557767576507,5,15,6,4,66.14721826893583,5,Mobile,Basic,0
3663,25,Male,Ghana,42.02072844973665,24,1,9,0,204.85051006563774,21,Desktop,Premium,0
3664,36,Female,Ghana,29.061004464247954,49,10,7,2,46.130437510480846,13,Desktop,Basic,0
3665,55,Male,Ghana,33.20476152260467,7,18,3,3,335.5583027022149,11,Desktop,Premium,0
3666,20,Female,Ghana,9.273310496859992,23,8,0,3,195.94838676889592,24,Desktop,Premium,0
3667,22,Male,USA,41.23773108348603,47,12,4,0,192.8132827741682,33,Desktop,Premium,1
3668,30,Male,USA,37.93261339727964,17,5,0,4,352.666945363693,27,Desktop,Premium,0
3669,64,Female,Germany,32.502239141200064,12,1,3,2,205.2849075459827,55,Mobile,Basic,0
3670,63,Female,Ghana,17.475504238163097,11,8,6,3,71.23958978736107,35,Mobile,Basic,0
3671,48,Male,UK,13.556255587628605,11,5,6,2,165.5353659558204,18,Desktop,Premium,0
3672,33,Male,Germany,50.265754136112676,34,17,0,2,355.61395392622256,21,Mobile,Premium,0
3673,49,Male,Ghana,20.00429487713288,47,15,8,1,128.3798512424931,4,Desktop,Basic,0
3674,39,Male,USA,31.341841422901066,37,4,1,2,164.75605536861582,41,Desktop,Basic,0
3675,46,Female,UK,20.313076622604704,29,13,4,1,323.7366360195615,32,Desktop,Premium,0
3676,39,Male,Germany,7.110913113456114,48,17,5,0,138.31924370690604,43,Mobile,Premium,1
3677,60,Male,UK,34.480069996540024,36,13,0,4,192.36644384701322,49,Mobile,Premium,0
3678,20,Male,Ghana,36.03860598833766,27,2,1,1,308.0363217302796,11,Desktop,Basic,0
3679,27,Female,Canada,13.312029776325883,42,4,6,2,154.09909772983454,3,Desktop,Basic,0
3680,59,Male,UK,41.08285220444469,22,2,5,4,136.1157327674124,51,Desktop,Premium,0
3681,38,Female,UK,24.73398271711539,2,12,5,2,52.559225656894824,52,Mobile,Premium,0
3682,33,Female,USA,19.174095923359502,47,19,5,2,111.76604563653216,55,Mobile,Premium,0
3683,29,Female,Ghana,18.51818669651845,36,18,6,1,129.32713534375517,21,Desktop,Premium,0
3684,19,Female,UK,38.7122619809711,48,10,9,0,170.9497753816743,43,Desktop,Premium,1
3685,58,Female,Ghana,10.762619298574524,30,5,8,2,228.58284640472175,58,Desktop,Premium,0
3686,41,Female,USA,17.578279726075316,7,11,8,1,196.42966223601474,14,Desktop,Basic,0
3687,52,Female,Ghana,34.31599641148153,12,1,1,2,101.47617117048567,6,Mobile,Basic,0
3688,47,Male,USA,32.986775415244125,3,3,1,4,308.83661558298695,51,Mobile,Basic,0
3689,47,Male,USA,19.780183426523568,17,17,4,0,111.8378654592031,53,Mobile,Basic,1
3690,64,Female,Germany,42.863407146394096,41,15,9,2,344.2923849482806,29,Mobile,Basic,0
3691,52,Male,Ghana,18.869335089572502,32,14,6,0,212.1019451058476,31,Desktop,Premium,1
3692,36,Male,Canada,27.914526293424107,8,15,2,0,283.62938306478895,47,Mobile,Basic,1
3693,25,Female,Germany,26.59071114564844,23,16,2,4,242.39020851122018,28,Desktop,Premium,0
3694,43,Male,USA,26.629351743204236,38,4,3,4,320.4599105957354,43,Mobile,Basic,0
3695,57,Female,Canada,28.046692921360208,30,19,2,3,196.5307120361331,50,Mobile,Premium,0
3696,24,Male,UK,27.748014951295815,15,8,2,0,178.67447909029235,36,Mobile,Premium,1
3697,47,Female,UK,27.62485832210884,10,6,7,2,224.37718014002252,28,Desktop,Premium,0
3698,24,Female,Germany,28.180728424446205,38,16,6,4,177.9768240365349,19,Mobile,Premium,0
3699,20,Male,Canada,40.8535712431188,15,3,6,2,236.28579578676587,3,Mobile,Basic,0
3700,18,Male,Ghana,27.675863878829045,30,8,9,0,323.98447147360775,12,Mobile,Basic,0
3701,53,Female,Canada,36.919460278442266,46,5,1,4,64.76008409294212,36,Mobile,Basic,0
3702,42,Female,Germany,31.487225907540385,26,5,8,3,193.91822363547186,24,Mobile,Premium,0
3703,54,Female,Ghana,33.66230487624998,45,12,5,0,376.04755687627437,12,Mobile,Premium,0
3704,18,Male,Ghana,37.77911235412622,14,1,2,2,168.7760684953563,24,Desktop,Basic,0
3705,32,Male,UK,18.59728009801666,3,7,8,3,281.09823194243666,1,Desktop,Premium,0
3706,54,Male,Canada,36.27399926969075,36,11,8,0,269.6499248682145,28,Desktop,Basic,0
3707,30,Male,Ghana,27.878459207828215,26,10,5,4,84.97295374727554,16,Desktop,Premium,0
3708,57,Female,Germany,20.389940008757776,14,3,9,0,223.74467581084318,21,Mobile,Premium,0
3709,25,Female,UK,37.75780029522325,31,8,5,1,217.57417044611356,30,Desktop,Premium,0
3710,22,Female,Ghana,25.74604019441857,14,1,7,2,454.59028032516255,34,Desktop,Premium,0
3711,26,Female,Canada,33.77494765064914,40,8,7,4,-10.079560588429615,26,Desktop,Basic,0
3712,18,Male,UK,2.875514044169215,10,11,5,4,70.35565755600018,54,Mobile,Premium,0
3713,53,Female,Canada,37.26082732256959,9,7,6,1,181.70271941088313,35,Mobile,Basic,0
3714,52,Female,Canada,55.900921777542685,46,16,3,3,171.38992850549394,31,Mobile,Premium,0
3715,19,Male,Canada,29.92335186942532,40,7,0,4,129.32047304686876,16,Desktop,Basic,0
3716,57,Male,UK,27.364450104577767,43,13,3,3,134.4222590769973,58,Desktop,Basic,0
3717,40,Female,Ghana,25.387089779602903,42,10,7,3,254.74191795612052,42,Mobile,Basic,0
3718,26,Male,USA,35.5559621157167,18,17,7,3,132.7832820401459,29,Mobile,Premium,0
3719,51,Female,Ghana,26.958941351766867,36,3,1,0,156.71253727001414,29,Desktop,Basic,0
3720,63,Male,UK,36.47558414393621,36,7,6,1,279.7606881569531,9,Desktop,Basic,0
3721,31,Male,USA,47.22448066875613,12,11,0,2,267.450320651847,14,Mobile,Premium,0
3722,21,Female,USA,38.41038960548278,40,13,1,1,161.79394539170391,57,Mobile,Basic,0
3723,47,Male,USA,28.253337113214524,3,5,7,4,82.75029569081825,8,Desktop,Premium,0
3724,48,Female,Germany,18.845244975889337,18,19,9,1,270.34238472512345,2,Mobile,Basic,0
3725,55,Male,UK,25.91781154643084,7,15,3,2,124.81237910366542,11,Mobile,Basic,0
3726,28,Male,Germany,28.39313434319734,31,1,2,0,303.34785731531593,2,Mobile,Basic,0
3727,52,Male,USA,16.814006395381313,1,5,1,4,233.55054476458125,59,Mobile,Premium,0
3728,25,Male,Germany,40.869352178326835,31,13,5,0,184.53840932973333,47,Mobile,Basic,1
3729,20,Male,Germany,35.69086289489917,13,10,3,4,235.07858199884413,18,Desktop,Basic,0
3730,31,Female,UK,19.514087057237106,29,5,2,2,43.837834604793954,5,Desktop,Premium,0
3731,30,Male,Canada,12.207846126704045,3,1,2,0,318.4184259763245,58,Mobile,Premium,1
3732,62,Female,Germany,37.17851910635363,29,10,9,2,183.26506578130898,57,Desktop,Premium,0
3733,49,Male,Germany,13.566570903603377,35,18,2,2,213.3567619562158,7,Desktop,Premium,0
3734,51,Female,USA,30.83932497054083,15,8,7,1,153.88393581430242,23,Mobile,Premium,0
3735,62,Male,USA,25.904805312225303,21,3,8,4,186.33892093146173,19,Mobile,Premium,0
3736,36,Female,USA,37.999774679140636,19,19,8,3,327.83962441391054,19,Desktop,Premium,0
3737,55,Female,Ghana,38.115652197075235,28,19,4,3,178.39825037620625,58,Desktop,Basic,0
3738,33,Male,Germany,21.787241799616805,4,2,0,0,166.58880174464883,48,Desktop,Basic,1
3739,19,Male,USA,38.87966451631954,45,17,9,2,254.65506611674996,19,Mobile,Basic,0
3740,57,Male,UK,27.10534078676497,13,16,4,1,224.83327481743135,49,Mobile,Premium,0
3741,34,Female,Ghana,30.189639381658573,15,10,0,4,324.3014720296378,45,Desktop,Basic,0
3742,51,Female,Canada,30.394596762553654,48,16,8,0,38.70489494899019,40,Mobile,Premium,1
3743,59,Male,Germany,52.481669610058404,39,5,9,2,163.15954826918386,28,Desktop,Basic,0
3744,33,Male,Germany,28.806029139619888,32,3,7,3,86.01440145451834,11,Mobile,Basic,0
3745,55,Female,UK,13.280970654913176,3,3,6,3,298.51004197835067,50,Mobile,Premium,0
3746,19,Female,Canada,22.852864988586376,30,2,1,4,96.62249644818883,11,Mobile,Basic,0
3747,19,Male,Canada,37.38044529391572,20,4,1,4,226.38222866309115,55,Desktop,Premium,0
3748,43,Female,Ghana,27.159320398360055,2,18,3,4,95.44887509738831,9,Mobile,Basic,0
3749,30,Male,Germany,30.149561408320203,25,2,8,0,160.05098866048166,14,Mobile,Premium,0
3750,64,Male,USA,25.68048170084065,11,6,8,4,120.37564935605334,34,Mobile,Premium,0
3751,48,Male,UK,1.8339142948029163,1,3,7,0,199.4495363739807,29,Mobile,Premium,0
3752,51,Female,UK,22.21993091260154,48,3,4,1,362.243827977112,49,Mobile,Premium,0
3753,56,Female,UK,29.227077909191536,49,2,6,2,85.96327323272199,21,Desktop,Basic,0
3754,20,Female,UK,12.305252212430172,48,3,8,3,108.98983837535143,48,Mobile,Premium,0
3755,25,Female,USA,18.211573107524554,10,17,2,0,247.75847445013653,58,Mobile,Basic,1
3756,40,Male,USA,26.599973242378812,17,14,3,2,187.77338001037444,5,Desktop,Basic,0
3757,31,Female,Ghana,26.686848213700728,30,7,1,4,98.19035352137335,33,Mobile,Basic,0
3758,44,Male,Germany,33.944218789448946,35,6,8,3,162.31651458937378,9,Mobile,Premium,0
3759,46,Male,USA,27.23142907803501,19,8,6,0,78.90942461160087,3,Mobile,Premium,0
3760,56,Male,Ghana,33.57633773559036,46,19,5,4,160.78674798367942,14,Mobile,Premium,0
3761,56,Female,Canada,22.999591049335585,34,19,4,2,122.2537354723342,18,Desktop,Premium,0
3762,18,Male,Germany,32.115678999366736,32,12,6,1,224.87420655021398,12,Mobile,Basic,0
3763,34,Male,USA,44.711151480284464,12,5,2,2,251.45071397411832,23,Mobile,Premium,0
3764,58,Female,Canada,32.889667009669026,43,5,4,0,-12.312302927057488,14,Mobile,Premium,0
3765,47,Male,Ghana,27.649841706275442,17,14,1,1,208.56484716435494,16,Mobile,Basic,0
3766,30,Female,USA,20.5726387781355,6,17,4,1,15.745084112473421,37,Desktop,Basic,0
3767,38,Female,USA,30.869754099217758,13,16,6,4,200.50462396136237,20,Mobile,Premium,0
3768,36,Female,Canada,27.820054090692743,39,4,9,2,327.32188393472563,20,Mobile,Basic,0
3769,36,Male,USA,35.61998652051794,22,8,6,0,172.13113402737514,15,Desktop,Premium,0
3770,42,Female,UK,11.780853207622254,11,3,8,1,220.47275429649645,41,Mobile,Premium,0
3771,39,Female,USA,28.11892968278074,7,5,2,4,258.9910007448757,25,Desktop,Basic,0
3772,48,Female,Germany,34.19280877910171,45,7,7,1,261.8758080306059,17,Mobile,Premium,0
3773,34,Female,Canada,31.293824330080902,45,18,4,2,266.75499652226495,12,Desktop,Basic,0
3774,40,Male,Germany,26.674803951671866,21,8,6,3,234.81319783576626,45,Desktop,Basic,0
3775,49,Female,Ghana,26.536469763401634,1,11,0,0,139.70309967703054,42,Desktop,Basic,1
3776,27,Male,Germany,19.011531740216594,30,14,0,3,251.55401693838968,39,Desktop,Premium,0
3777,27,Female,UK,33.78871885689275,19,18,3,2,319.1941082880223,59,Mobile,Premium,0
3778,53,Male,UK,34.24885303393475,47,13,4,3,238.7955310779865,56,Mobile,Premium,0
3779,25,Female,Germany,15.868948102039726,46,6,9,2,215.21183937001706,53,Desktop,Basic,0
3780,37,Male,Ghana,37.64637511621017,29,13,2,2,66.01056456858467,7,Desktop,Premium,0
3781,49,Female,USA,23.453912634665855,35,1,5,4,114.95198773568008,8,Desktop,Premium,0
3782,31,Male,UK,26.240066183995786,20,11,2,3,142.49868694467546,24,Mobile,Basic,0
3783,45,Male,Germany,48.538964456951646,36,7,4,1,112.10518860723049,47,Desktop,Basic,0
3784,63,Male,Germany,46.01919869287829,39,10,0,2,186.8523235282839,25,Mobile,Basic,0
3785,41,Female,Germany,15.534025484302772,1,2,2,3,125.71449505597538,21,Mobile,Premium,0
3786,32,Male,USA,17.210030641702243,23,16,6,1,269.30121746568534,50,Desktop,Basic,0
3787,39,Male,Canada,19.490096269029642,31,5,2,0,168.1009044286898,54,Desktop,Basic,1
3788,47,Male,Ghana,45.86224532210084,35,16,4,1,110.74622671406391,33,Mobile,Basic,0
3789,21,Male,Canada,23.92791130407136,47,16,6,3,126.18243157803988,10,Desktop,Premium,0
3790,30,Female,Ghana,15.25839052210084,45,15,1,3,205.47357446304852,22,Desktop,Premium,0
3791,40,Male,Ghana,42.324465489691676,22,9,2,1,177.4278411971764,19,Mobile,Basic,0
3792,25,Male,Germany,35.93940675255393,46,1,3,1,203.34151934887382,29,Desktop,Basic,0
3793,35,Male,UK,52.50938308530861,7,9,4,2,180.27456353713617,3,Desktop,Premium,0
3794,29,Female,Germany,35.919314043982176,33,11,8,3,337.43920625300336,39,Mobile,Premium,0
3795,48,Male,USA,29.68117106240622,45,5,8,2,268.528067722292,4,Desktop,Premium,0
3796,31,Male,Ghana,32.52701008949808,36,6,3,2,131.19355571092325,37,Desktop,Basic,0
3797,51,Male,UK,25.4700534072471,44,8,8,0,44.343334855185816,31,Mobile,Premium,1
3798,35,Male,Ghana,43.05495866375303,7,15,3,3,171.20232607322026,6,Desktop,Basic,0
3799,51,Female,Ghana,43.5827573519619,27,16,1,2,109.0333639743291,28,Mobile,Premium,0
3800,28,Male,Germany,14.170792600788406,2,18,9,0,61.72102358705851,10,Desktop,Premium,0
3801,58,Male,UK,39.42527127457642,17,12,0,2,251.07537165145197,12,Mobile,Basic,0
3802,29,Female,UK,19.289312622591485,1,4,6,2,199.17144048547507,46,Mobile,Premium,0
3803,32,Female,Ghana,54.13736135464242,46,16,3,3,289.8034236405323,54,Desktop,Basic,0
3804,48,Female,UK,45.170430859547956,30,11,7,1,194.08642448253627,2,Mobile,Premium,0
3805,46,Male,UK,18.61972932311558,22,7,7,1,182.51448013346618,3,Desktop,Basic,0
3806,43,Female,Germany,32.38998748482086,28,15,7,3,98.03534089554643,1,Mobile,Premium,0
3807,35,Male,Canada,39.930863827326796,33,17,5,1,149.92044241387745,35,Desktop,Basic,0
3808,49,Female,USA,23.76307386839901,26,15,8,4,56.451915741901615,24,Mobile,Basic,0
3809,39,Male,Canada,16.33657040160758,35,10,3,1,283.1146302813389,47,Mobile,Basic,0
3810,55,Female,UK,31.017863282026497,11,4,4,2,94.6527131922248,48,Desktop,Basic,0
3811,34,Male,Ghana,28.40635913404725,7,17,3,2,217.65781512667354,52,Desktop,Basic,0
3812,40,Female,USA,20.8571941599293,28,4,4,0,180.2646973099515,34,Mobile,Basic,1
3813,41,Male,USA,42.36092011217867,25,11,1,3,231.0930409863354,20,Mobile,Premium,0
3814,25,Male,Ghana,17.110454575127317,41,4,4,0,202.75672523388977,16,Mobile,Premium,0
3815,58,Male,USA,28.921350015070537,31,12,9,2,94.17877344004447,30,Mobile,Basic,0
3816,23,Male,Ghana,31.81826287580258,3,10,7,2,173.38494562847583,47,Mobile,Basic,0
3817,22,Male,USA,33.08972399514831,33,14,8,0,301.3419614192232,39,Mobile,Premium,1
3818,61,Male,Canada,41.30673210663889,34,18,6,4,134.14767284080708,25,Mobile,Basic,0
3819,46,Male,USA,27.599636839993433,21,6,6,1,292.59817016693296,5,Mobile,Premium,0
3820,45,Male,Germany,3.965768414286117,37,5,5,4,252.9301595870391,29,Desktop,Premium,0
3821,28,Female,Ghana,26.132227771303867,49,2,1,4,211.1437859300558,37,Desktop,Basic,0
3822,18,Male,USA,37.25663266655646,19,13,9,4,140.85817861359413,28,Desktop,Basic,0
3823,60,Male,Ghana,28.558494079791007,37,14,9,4,221.79794368771857,53,Desktop,Basic,0
3824,36,Female,Germany,28.632509561627224,21,3,8,1,159.17599720613578,58,Mobile,Basic,0
3825,26,Male,USA,35.26213321575985,14,11,4,3,288.3693252352172,41,Mobile,Premium,0
3826,44,Female,USA,36.580433607304045,10,4,5,0,97.00918782791426,23,Desktop,Premium,0
3827,51,Male,Germany,12.136131881779782,7,13,0,4,224.63968621046786,32,Mobile,Basic,0
3828,61,Female,Germany,29.81315869125328,29,8,4,4,202.3006312841844,46,Mobile,Basic,0
3829,21,Female,Germany,28.04785778838177,40,8,5,0,226.28229529808402,51,Desktop,Premium,1
3830,53,Male,Ghana,30.751193760617536,8,13,9,0,257.4220021069244,18,Desktop,Basic,0
3831,35,Female,Germany,10.302438238069556,39,10,1,3,128.9394208789631,41,Desktop,Premium,0
3832,32,Male,Ghana,43.23085252810856,13,13,6,2,128.8697200151367,35,Mobile,Basic,0
3833,30,Male,Canada,30.067238321328492,46,13,3,3,217.22947019955947,43,Mobile,Premium,0
3834,36,Male,USA,34.2499234004644,19,17,4,2,277.1710330731945,24,Desktop,Premium,0
3835,23,Male,USA,47.65984214007836,11,6,2,1,180.06375513658955,47,Desktop,Premium,0
3836,29,Female,UK,34.34652797400501,2,2,4,3,315.03143848219065,28,Desktop,Premium,0
3837,54,Male,Canada,14.600930970345408,49,17,3,1,176.00382958804022,36,Desktop,Basic,0
3838,34,Female,Germany,29.13556329048538,6,12,9,0,143.07267328336928,21,Mobile,Basic,0
3839,40,Female,Germany,36.748880929148285,29,6,5,3,236.3403994869771,56,Desktop,Premium,0
3840,43,Male,Canada,30.566287138565738,41,5,1,0,156.3075237219583,5,Mobile,Premium,0
3841,46,Male,Germany,47.06821470354491,5,5,2,4,157.30413433326277,26,Desktop,Premium,0
3842,50,Male,UK,21.44037841274269,41,9,9,0,220.8000528700772,50,Mobile,Basic,1
3843,44,Male,Ghana,42.45122521987656,30,3,0,4,274.5497497422314,54,Mobile,Basic,0
3844,42,Female,USA,38.39067488959856,39,5,6,2,224.187095132312,23,Desktop,Basic,0
3845,27,Male,Canada,30.88766685854455,36,7,8,4,208.66405088288676,44,Mobile,Basic,0
3846,64,Female,USA,33.31329252060807,27,12,1,2,353.88658102414433,33,Desktop,Basic,0
3847,40,Male,Ghana,20.223114619474046,18,7,6,4,255.71635070928772,26,Desktop,Premium,0
3848,38,Male,Canada,26.92743464931106,49,10,2,4,172.92074601801247,57,Desktop,Basic,0
3849,38,Male,Ghana,35.77117505638143,36,8,4,1,288.2163725171978,22,Mobile,Basic,0
3850,60,Male,Germany,28.508828567848873,16,17,5,1,180.8385022906798,20,Desktop,Basic,0
3851,30,Female,Germany,30.602387092787342,5,5,7,0,248.28437167195702,2,Mobile,Basic,0
3852,54,Female,Germany,39.92443296658286,9,15,3,1,243.21095564856375,41,Desktop,Premium,0
3853,50,Male,Ghana,10.927562162741257,34,9,1,2,200.21360717652212,54,Mobile,Premium,0
3854,41,Female,Ghana,33.693847940333335,34,11,2,1,142.06723449414727,57,Desktop,Premium,0
3855,61,Female,Ghana,47.765385144334275,36,13,7,0,197.79565517956183,18,Desktop,Basic,0
3856,28,Male,USA,26.23133350540251,31,18,6,3,162.07286501161903,5,Mobile,Premium,0
3857,34,Male,Ghana,17.55720976735296,20,17,5,2,221.06495985501675,54,Mobile,Premium,0
3858,21,Female,Germany,26.109066470397465,17,9,4,3,233.79878697866332,32,Mobile,Basic,0
3859,64,Female,UK,14.82917325634056,20,10,4,2,42.351774345628684,46,Desktop,Premium,0
3860,42,Female,Ghana,32.25685072739971,28,5,0,0,227.0125070441543,11,Mobile,Basic,0
3861,47,Female,UK,29.26305968044813,21,11,5,1,434.02243001187946,21,Mobile,Premium,0
3862,26,Male,Germany,33.18731852102963,19,15,8,3,174.65991400117628,22,Mobile,Basic,0
3863,38,Male,Ghana,28.687643906534564,3,2,7,3,279.11376118143147,3,Mobile,Premium,0
3864,37,Female,USA,31.958951178436685,30,14,9,1,259.3575715826702,9,Desktop,Premium,0
3865,36,Male,USA,34.5048392475152,5,5,0,0,68.61678434865738,2,Mobile,Basic,0
3866,36,Female,UK,18.02352481816567,42,6,5,1,239.81631665745076,46,Mobile,Premium,0
3867,29,Female,USA,33.46085018714552,6,15,2,4,132.74995479732016,28,Desktop,Basic,0
3868,54,Male,USA,44.48207072195507,3,4,5,4,184.1988140786389,34,Desktop,Premium,0
3869,59,Female,USA,20.38277722108869,49,10,8,4,83.25646254916249,53,Desktop,Basic,0
3870,34,Female,Germany,33.08326482739562,42,19,5,3,235.38234688059057,59,Mobile,Premium,0
3871,54,Male,USA,42.94698847637953,24,9,7,3,172.71735475848308,10,Mobile,Premium,0
3872,56,Male,Canada,18.449547144947303,44,10,5,0,307.62331298897493,19,Mobile,Premium,0
3873,45,Female,Ghana,37.9785463454203,1,4,5,2,91.23286166181195,29,Mobile,Basic,0
3874,58,Female,USA,27.77975859048159,36,4,6,1,272.6957098499557,2,Mobile,Basic,0
3875,52,Male,USA,40.11337955481682,15,6,9,2,233.7080545840637,48,Desktop,Basic,0
3876,64,Female,USA,21.75542797908819,41,8,3,3,131.33341871828054,6,Mobile,Premium,0
3877,35,Female,Canada,29.9094479261774,38,16,7,1,76.3523368265664,44,Mobile,Basic,0
3878,31,Male,USA,14.815109528718429,44,8,3,3,176.80685096207,54,Mobile,Basic,0
3879,52,Male,USA,34.372889111707664,18,16,6,0,218.93236524423287,7,Mobile,Premium,0
3880,61,Male,Ghana,34.487367282260855,23,6,0,1,114.75405518511322,36,Mobile,Basic,0
3881,58,Male,Canada,35.408024203986976,47,17,8,3,124.07890949275281,8,Mobile,Basic,0
3882,24,Male,Canada,34.91599650258519,29,1,9,4,279.2362996357426,19,Desktop,Basic,0
3883,58,Male,USA,29.089246494896024,41,19,8,4,137.48118310516935,10,Desktop,Premium,0
3884,30,Female,Canada,15.22370341017581,22,18,6,3,246.39275156783748,33,Desktop,Basic,0
3885,35,Female,UK,39.9207778866264,24,17,7,2,297.5085732809903,37,Desktop,Basic,0
3886,54,Male,Canada,29.61565740261199,45,17,1,0,135.65947283569074,38,Desktop,Basic,1
3887,30,Male,Canada,33.93484009201066,48,12,9,0,100.03813589861954,27,Desktop,Premium,0
3888,53,Female,Canada,28.147842922867657,13,12,9,3,269.7598821686755,29,Mobile,Basic,0
3889,48,Female,Germany,49.587603729602606,33,6,6,0,176.09437098878448,19,Mobile,Premium,0
3890,19,Female,Germany,24.323513572850512,22,7,0,1,164.89614156726768,18,Desktop,Basic,0
3891,33,Male,Germany,23.938893339902933,35,8,2,0,314.29119565030965,51,Desktop,Premium,1
3892,26,Male,Canada,14.383561394961266,17,3,5,4,178.57228673757587,51,Mobile,Basic,0
3893,26,Female,UK,31.12913599739326,22,17,4,3,222.212223400818,23,Mobile,Basic,0
3894,55,Male,Canada,48.5840706453868,5,8,4,1,71.08137824995416,1,Desktop,Premium,0
3895,28,Male,USA,31.250376735286878,25,11,8,0,193.89186734473844,59,Desktop,Premium,1
3896,39,Male,UK,32.27115384277843,6,18,5,4,129.4976094931995,52,Desktop,Basic,0
3897,50,Female,Germany,39.73214106134086,17,16,2,2,159.44288370434248,43,Mobile,Basic,0
3898,53,Female,Ghana,31.62096555277258,31,13,1,0,154.73112633218452,3,Desktop,Basic,0
3899,62,Male,UK,41.99289603066862,17,9,8,4,304.1111932659891,10,Desktop,Basic,0
3900,40,Male,Germany,43.47742450087041,33,19,9,4,146.94940608645138,59,Desktop,Basic,0
3901,62,Male,UK,24.070080059526738,39,7,3,4,157.21856718601597,7,Desktop,Basic,0
3902,62,Male,UK,15.695698278072122,48,17,4,4,322.76201878922143,49,Mobile,Premium,0
3903,51,Male,Canada,36.895896859763106,37,8,8,2,171.45355686823032,56,Desktop,Premium,0
3904,26,Female,USA,33.22631399625593,48,8,4,3,150.36403892756687,26,Mobile,Premium,0
3905,41,Male,Ghana,19.541397876198218,4,3,6,4,288.0039953314417,16,Mobile,Premium,0
3906,25,Male,Germany,23.219620052061803,43,16,1,3,201.27589254035,39,Desktop,Basic,0
3907,24,Male,UK,23.188567879533768,14,12,1,2,207.01974199485454,45,Desktop,Premium,0
3908,53,Female,Ghana,31.47458299578662,13,15,3,2,223.9107021663727,32,Mobile,Premium,0
3909,35,Female,UK,39.97385047143923,27,4,7,1,307.16907289540757,12,Mobile,Premium,0
3910,20,Male,USA,40.53373139100571,24,7,1,1,117.2835114671406,44,Mobile,Premium,0
3911,45,Female,Ghana,37.90823121254406,27,11,9,4,291.5538187793425,8,Mobile,Basic,0
3912,23,Female,Germany,27.07912545859333,8,5,6,3,80.50256003702188,8,Mobile,Premium,0
3913,61,Female,UK,52.201124850689894,47,13,0,2,134.77039967382285,45,Desktop,Premium,0
3914,61,Female,USA,30.332204658232307,39,11,8,0,128.26955513820803,11,Desktop,Basic,0
3915,38,Female,Ghana,26.111906590831005,21,5,9,1,188.71645042186907,57,Desktop,Basic,0
3916,45,Female,UK,16.339335001634595,41,8,5,1,139.9820651260814,33,Mobile,Premium,0
3917,57,Male,UK,26.524602728476157,11,17,0,0,301.67988609936975,25,Mobile,Premium,0
3918,18,Female,Germany,34.3877340825505,31,11,9,3,241.60727880005655,17,Mobile,Premium,0
3919,53,Female,USA,14.137607488258357,27,19,5,3,198.83037258088362,31,Mobile,Basic,0
3920,38,Male,Canada,20.458887403971,42,18,4,3,129.7456012333177,19,Desktop,Premium,0
3921,60,Male,UK,25.32658773652935,46,10,4,4,312.10869221464645,45,Desktop,Basic,0
3922,52,Male,Ghana,22.246101398017153,48,5,4,4,207.868678730966,55,Mobile,Basic,0
3923,30,Male,Germany,21.421280002108148,27,1,3,0,179.93731288097771,15,Mobile,Premium,0
3924,27,Female,Germany,41.246141112300144,8,17,6,2,189.11478240528808,56,Desktop,Premium,0
3925,61,Female,UK,13.493204812426406,33,17,8,0,182.24864987890075,44,Desktop,Basic,1
3926,64,Female,UK,31.753698768473225,12,1,3,2,267.6889245357779,53,Desktop,Basic,0
3927,27,Female,UK,35.19078559761389,35,1,1,0,290.4282663678506,49,Mobile,Basic,1
3928,63,Male,Canada,25.159113081340102,34,9,1,4,125.92449061986188,35,Desktop,Basic,0
3929,30,Female,UK,27.730509304569736,16,4,1,3,147.81716355835323,39,Mobile,Basic,0
3930,54,Female,USA,29.59453040243176,36,9,6,1,151.80711023739246,2,Desktop,Basic,0
3931,55,Male,Ghana,36.34306266330333,2,14,3,0,225.5891149664718,34,Desktop,Premium,1
3932,41,Female,UK,45.30691166922373,12,15,3,0,279.8449212381091,25,Desktop,Premium,0
3933,19,Female,Canada,17.155037214478774,27,16,0,1,90.15689341122597,38,Mobile,Premium,0
3934,39,Female,Ghana,20.8374039557973,17,16,3,0,116.29013744049385,4,Mobile,Premium,0
3935,34,Female,Germany,21.340912312224216,20,13,5,3,172.51220920573013,16,Desktop,Basic,0
3936,53,Male,UK,29.87433415699594,21,14,1,1,242.700640899801,32,Mobile,Basic,0
3937,31,Male,Ghana,26.00219434741254,30,9,3,1,124.72221419842631,15,Desktop,Premium,0
3938,27,Male,Germany,36.66424471685837,42,9,6,3,169.11484354928447,42,Mobile,Premium,0
3939,52,Male,Canada,23.43508227151396,20,4,8,3,142.2822385116695,14,Desktop,Premium,0
3940,42,Male,USA,21.117497342204736,8,10,1,1,260.60132383702455,41,Mobile,Premium,0
3941,20,Female,UK,22.368625083368592,18,3,7,3,191.236762109135,15,Mobile,Premium,0
3942,64,Female,USA,31.156888159132414,18,9,5,3,141.70383313561481,7,Desktop,Basic,0
3943,55,Male,Canada,39.639231154878445,18,19,7,3,105.89297494079605,7,Desktop,Basic,0
3944,34,Male,Ghana,29.555648054029707,2,16,1,1,168.3162386000613,8,Mobile,Premium,0
3945,29,Male,Ghana,24.418384252056242,12,16,0,0,178.88356403501453,19,Desktop,Premium,0
3946,41,Female,Canada,19.68962933643764,32,17,6,2,267.7850740569286,18,Desktop,Premium,0
3947,46,Male,Canada,44.616338192045916,42,18,8,1,281.4539554270677,17,Desktop,Premium,0
3948,60,Female,UK,12.390350733182835,8,10,8,2,105.35386525526214,18,Desktop,Premium,0
3949,42,Female,Germany,28.139268193762916,10,19,1,3,278.76565533107396,19,Mobile,Premium,0
3950,53,Female,USA,37.39724876335798,11,15,3,3,257.00696067071374,53,Desktop,Premium,0
3951,43,Female,USA,28.001408200345523,14,15,0,0,157.51741123112112,40,Mobile,Premium,1
3952,55,Male,Ghana,24.336780808955105,26,11,6,3,260.63496160333057,13,Mobile,Basic,0
3953,18,Female,Ghana,35.356578151048495,47,8,1,2,136.62872013254713,59,Mobile,Premium,0
3954,37,Female,UK,19.062181465057137,30,16,3,1,232.4518810228194,11,Mobile,Premium,0
3955,45,Male,Canada,12.592095913709976,42,10,1,1,394.01840187762303,51,Desktop,Premium,0
3956,33,Female,USA,33.53164294881226,4,9,0,0,218.443907057939,7,Mobile,Basic,0
3957,64,Female,UK,20.04817401586061,39,15,6,2,172.6573489385164,27,Desktop,Premium,0
3958,34,Female,Ghana,31.317187688806406,11,5,5,3,94.89593031406625,59,Desktop,Basic,0
3959,57,Male,Ghana,28.767341047129907,24,2,1,4,206.56918966404774,37,Mobile,Premium,0
3960,45,Female,USA,32.610453942475175,22,16,3,0,279.83226957411017,5,Desktop,Basic,0
3961,29,Female,Ghana,27.72920061883783,3,18,2,0,143.25102741494663,8,Mobile,Basic,0
3962,44,Male,Ghana,35.515186565986184,37,16,2,4,243.27598437016735,10,Desktop,Premium,0
3963,59,Male,Germany,22.964517231713792,2,5,2,1,178.93457906319833,37,Desktop,Premium,0
3964,64,Female,Canada,37.81238392451369,12,1,3,1,168.12293230928714,26,Desktop,Premium,0
3965,47,Female,Ghana,17.82376557239596,21,19,0,1,239.1430431663671,15,Mobile,Basic,0
3966,58,Male,Germany,41.72623982522441,5,10,0,4,48.5450878229837,55,Mobile,Basic,0
3967,51,Female,UK,50.51646191004441,7,13,6,3,184.69202013149558,16,Mobile,Premium,0
3968,54,Male,Ghana,31.08111411032464,4,11,4,3,278.9645745616564,29,Desktop,Basic,0
3969,23,Female,UK,45.69173618255503,43,15,2,2,185.21565395977555,28,Mobile,Premium,0
3970,24,Male,Ghana,48.28408462559202,41,2,8,2,200.5610143478218,10,Desktop,Basic,0
3971,49,Female,USA,26.790656292701275,36,6,4,1,189.3823399663622,56,Desktop,Premium,0
3972,49,Male,Germany,30.47864897042556,22,11,9,4,353.0094846782556,40,Desktop,Premium,0
3973,42,Male,Germany,21.85882493059041,29,15,2,0,230.78755943143346,51,Desktop,Basic,1
3974,50,Male,USA,22.503921243435734,9,9,8,3,97.91541415686976,4,Mobile,Basic,0
3975,24,Male,Canada,32.32870042348366,26,12,0,4,130.7236714971027,46,Mobile,Basic,0
3976,29,Male,Germany,13.641719504932247,12,4,8,2,207.5159553430734,40,Desktop,Basic,0
3977,33,Female,UK,38.34783293653349,48,14,4,3,300.62877105140353,53,Desktop,Basic,0
3978,33,Female,Germany,31.672847672078568,1,3,5,3,252.88904005126804,14,Desktop,Premium,0
3979,60,Male,Canada,36.81331858206188,8,17,1,4,279.3899313061162,44,Mobile,Premium,0
3980,53,Female,UK,28.179687883667192,33,13,7,2,109.61899960712032,33,Desktop,Basic,0
3981,30,Female,UK,36.72526959388334,4,8,2,4,250.4623416201698,55,Mobile,Basic,0
3982,24,Female,USA,32.476452662122604,14,12,0,0,140.9771887483344,51,Mobile,Basic,1
3983,53,Female,Ghana,35.07224982537765,29,12,6,3,190.39893306971888,18,Mobile,Premium,0
3984,64,Female,USA,39.01712217192295,14,12,2,4,268.0074962129629,12,Desktop,Premium,0
3985,26,Female,Ghana,17.350511061129325,9,2,3,4,154.51002361422695,10,Mobile,Premium,0
3986,49,Male,USA,22.969253428232133,9,10,4,0,84.77726988874323,21,Mobile,Premium,0
3987,28,Female,Ghana,53.148215917761085,26,9,0,4,170.55287506023396,33,Mobile,Premium,0
3988,25,Female,Germany,32.072725658346975,49,1,8,3,209.68474899789302,14,Mobile,Premium,0
3989,50,Female,UK,12.832026297571698,47,4,6,1,254.63313156591394,9,Mobile,Premium,0
3990,40,Male,Ghana,12.88757548864912,42,14,1,1,128.87258995839431,26,Desktop,Basic,0
3991,42,Female,Germany,29.2500869878874,17,16,0,2,155.67176530321524,15,Desktop,Premium,0
3992,25,Female,Canada,24.76963132672618,41,18,1,0,217.21770590835447,21,Mobile,Premium,0
3993,62,Female,USA,21.9362815594323,4,2,2,2,243.66585373866428,22,Desktop,Premium,0
3994,39,Male,Canada,47.93145134304095,46,6,2,1,216.23161750334418,55,Mobile,Premium,0
3995,21,Female,Germany,26.308869800772364,3,3,7,0,188.27710331830843,46,Desktop,Basic,1
3996,57,Male,Canada,38.209727922022665,29,19,4,4,140.8378752271532,41,Desktop,Basic,0
3997,20,Female,Canada,32.50124797709022,25,13,8,4,270.9707423323798,43,Mobile,Basic,0
3998,46,Male,Germany,27.051106852969887,21,17,2,3,297.08324552437125,5,Mobile,Basic,0
3999,58,Male,UK,18.582754956850493,12,14,5,1,153.2440913994709,44,Desktop,Premium,0
4000,46,Male,Ghana,37.6923155401265,1,11,3,4,162.0480670903687,16,Desktop,Basic,0
4001,51,Female,USA,6.556374927446058,1,16,7,0,254.69342889828465,52,Desktop,Premium,1
4002,51,Male,Ghana,38.70677474974181,45,11,0,4,213.38283619635993,35,Mobile,Basic,0
4003,45,Male,USA,31.512855378204588,46,18,3,2,246.55195521466356,5,Mobile,Basic,0
4004,30,Male,Ghana,36.18576762423569,48,2,6,2,221.6813024192443,26,Desktop,Basic,0
4005,32,Male,Canada,30.077630167874222,7,8,8,2,230.3773941482411,26,Mobile,Premium,0
4006,40,Female,UK,17.656558704080084,10,14,0,2,167.4233889186251,51,Desktop,Basic,0
4007,61,Female,Canada,34.01546724941163,15,2,7,2,40.16148790327722,5,Mobile,Basic,0
4008,43,Female,UK,38.48899915534438,40,13,1,3,215.46612950404838,56,Mobile,Basic,0
4009,21,Female,Germany,25.20851185695259,11,10,3,2,255.19396047702503,50,Mobile,Premium,0
4010,43,Male,USA,36.57392047915049,46,8,3,3,222.86621388722688,36,Desktop,Premium,0
4011,57,Female,USA,32.96551633335726,45,7,7,3,140.3194265043274,24,Desktop,Premium,0
4012,26,Male,Germany,34.50552150210799,23,13,1,4,153.69594400348737,15,Desktop,Premium,0
4013,22,Female,Ghana,21.404653017338273,13,19,6,0,396.56747001181725,30,Mobile,Premium,0
4014,49,Female,Germany,42.82162695948976,27,15,2,2,228.1416805724322,5,Mobile,Basic,0
4015,37,Female,Germany,32.960309751227015,41,2,8,0,12.181270372845717,40,Desktop,Premium,1
4016,28,Male,UK,38.31709758351537,17,5,4,1,154.0610266527185,48,Desktop,Basic,0
4017,32,Female,Germany,26.118500871609704,13,19,7,3,182.63652589728466,22,Mobile,Premium,0
4018,49,Female,USA,39.822908183814505,12,1,4,1,100.93045262080568,33,Mobile,Basic,0
4019,45,Female,Canada,25.78057714312549,29,7,0,3,189.61248589683905,5,Mobile,Premium,0
4020,39,Male,UK,21.082437548089196,21,18,8,2,160.56640308884064,58,Mobile,Basic,0
4021,58,Female,UK,47.7184242355862,20,1,9,1,215.66805148859598,32,Mobile,Premium,0
4022,34,Female,Ghana,6.273344786584303,20,1,6,4,177.21634636522813,50,Mobile,Premium,0
4023,43,Male,Canada,59.89889343707059,31,7,3,1,143.99672196458533,48,Desktop,Premium,0
4024,61,Male,UK,37.017401991836564,8,17,6,3,172.8935249943718,23,Mobile,Basic,0
4025,24,Female,Germany,26.851911016165936,24,6,4,3,267.76473636908133,10,Desktop,Premium,0
4026,59,Female,UK,33.26075846841339,11,12,9,0,205.12639307098942,36,Mobile,Basic,1
4027,43,Female,UK,37.023314572295185,39,15,8,1,182.78532507934568,50,Mobile,Basic,0
4028,42,Male,UK,26.675498217376475,33,13,1,4,228.0995321336291,17,Desktop,Premium,0
4029,27,Male,Ghana,50.35242894176204,42,12,3,2,199.8731258981286,53,Mobile,Basic,0
4030,62,Male,UK,44.75564486150003,15,2,5,0,111.47489632589065,27,Desktop,Premium,0
4031,36,Female,UK,57.268267946619744,4,18,4,1,254.92345721410896,58,Desktop,Basic,0
4032,28,Male,Ghana,17.785587137033904,1,4,0,0,150.0518280592047,45,Desktop,Premium,1
4033,30,Female,Canada,32.15305087019801,32,10,8,1,172.59562667309598,8,Mobile,Basic,0
4034,25,Male,USA,16.129876161670097,11,11,8,2,78.91349081867625,40,Desktop,Basic,0
4035,57,Male,Ghana,19.085276616993852,30,6,2,2,265.755905986059,44,Desktop,Premium,0
4036,21,Male,Ghana,26.7373253273212,37,6,3,4,209.97308981339668,58,Mobile,Premium,0
4037,64,Female,UK,26.91821499343281,19,9,3,0,222.78838100025195,50,Desktop,Basic,1
4038,48,Female,UK,33.69903700214339,36,13,9,4,265.10449671035406,6,Desktop,Basic,0
4039,45,Female,USA,28.893418829097286,34,5,7,1,265.7906667048703,7,Mobile,Premium,0
4040,28,Female,UK,37.99974562510176,7,6,5,2,143.65587311763446,26,Desktop,Basic,0
4041,60,Male,Germany,33.18905041753216,45,4,1,2,200.96969784736933,17,Mobile,Basic,0
4042,18,Female,UK,46.47533148893516,20,6,3,3,193.13196919716785,37,Desktop,Basic,0
4043,64,Male,UK,38.28803560126786,12,18,0,3,185.55157462461273,54,Mobile,Basic,0
4044,55,Female,Germany,18.21039420008862,32,13,2,4,135.63872917668127,23,Desktop,Basic,0
4045,41,Female,USA,28.545120053227073,2,3,3,0,314.0022329335545,27,Desktop,Premium,0
4046,64,Male,Germany,29.219890585254152,22,10,7,1,281.1331590210845,57,Mobile,Basic,0
4047,48,Male,Ghana,34.399047437709136,41,4,2,4,235.47360405495456,51,Desktop,Premium,0
4048,58,Female,Germany,40.75279095835473,48,15,4,2,308.544172815754,40,Desktop,Basic,0
4049,63,Female,Canada,32.82604178717119,40,12,0,2,237.95481457512994,58,Desktop,Premium,0
4050,43,Male,Ghana,35.78161906286043,24,15,3,2,175.75196075645195,19,Mobile,Premium,0
4051,22,Male,UK,18.65773009881365,31,10,1,1,166.2815217874795,27,Mobile,Premium,0
4052,37,Male,Ghana,25.407983356155803,4,12,3,4,230.85789100456242,25,Mobile,Basic,0
4053,58,Male,USA,10.878779871061504,24,8,4,1,89.7496056035703,40,Desktop,Basic,0
4054,28,Male,USA,34.41949331569899,43,3,2,2,269.33466493883793,25,Mobile,Premium,0
4055,50,Female,Germany,38.41497906218942,17,7,5,3,69.7220913978037,21,Desktop,Basic,0
4056,55,Female,Ghana,16.810163000345042,40,18,1,4,288.189931136313,59,Mobile,Premium,0
4057,44,Female,UK,31.584478711691688,19,3,4,3,239.73610041609183,25,Mobile,Premium,0
4058,51,Female,USA,28.977221327395153,40,15,3,4,356.0587712626386,51,Mobile,Basic,0
4059,32,Male,UK,46.88439873507389,38,2,4,2,214.40644331033747,7,Mobile,Basic,0
4060,49,Male,Canada,21.056298794573145,34,15,8,3,252.4765380643853,35,Desktop,Basic,0
4061,38,Male,USA,39.181574154880735,47,13,5,3,255.75929720019042,6,Mobile,Basic,0
4062,63,Female,Germany,41.430723937116696,33,10,6,4,129.1537947003613,40,Desktop,Premium,0
4063,22,Male,Canada,28.05048710082133,6,8,7,3,114.61041989291525,50,Mobile,Premium,0
4064,23,Male,Ghana,32.92496931295338,36,16,8,3,125.29771092863784,15,Desktop,Basic,0
4065,55,Female,UK,40.774569597457244,13,16,4,2,197.38153297236835,24,Desktop,Premium,0
4066,39,Female,USA,19.00496932658109,47,2,7,4,199.4193085878844,49,Mobile,Basic,0
4067,35,Female,Canada,25.728496458177794,9,9,1,4,202.72438083936538,4,Desktop,Premium,0
4068,31,Male,Canada,31.86238710778044,35,8,9,0,239.53213396627493,7,Desktop,Basic,0
4069,27,Male,USA,50.640251568402036,34,11,8,4,140.57357447943022,30,Mobile,Basic,0
4070,63,Female,Ghana,26.002291539452017,16,1,1,2,267.1191975172078,17,Mobile,Premium,0
4071,30,Female,Ghana,27.3134547907344,18,11,4,3,234.44222955686962,54,Mobile,Basic,0
4072,48,Male,Germany,45.47088420720602,18,18,5,0,326.45548290587254,58,Desktop,Premium,1
4073,47,Female,Ghana,36.62979038095021,38,15,3,3,234.47442794806423,38,Mobile,Premium,0
4074,20,Male,Germany,51.82544867643047,43,9,7,4,194.44389802874457,30,Mobile,Premium,0
4075,47,Female,Canada,40.93245353690063,32,9,9,1,371.7985434933678,45,Desktop,Basic,0
4076,23,Female,USA,28.5399354309917,7,1,2,3,193.28305303983151,39,Mobile,Premium,0
4077,46,Female,Ghana,27.11743730006187,23,7,4,4,223.16043278562006,9,Mobile,Premium,0
4078,25,Male,Germany,21.75405600695317,23,12,1,2,234.7632743708258,55,Desktop,Basic,0
4079,61,Male,Canada,16.949754143692978,46,10,2,4,274.4843817828287,19,Mobile,Basic,0
4080,62,Female,Ghana,33.4081562497272,18,19,7,0,206.8412726566495,52,Desktop,Basic,1
4081,60,Male,UK,36.26944163603179,7,16,4,1,421.36258971361326,13,Mobile,Premium,0
4082,61,Female,Canada,37.47401194915904,42,6,2,1,154.13625727504837,47,Desktop,Premium,0
4083,50,Female,Ghana,28.765227171283957,40,11,4,1,319.1664067806773,49,Desktop,Premium,0
4084,34,Male,Canada,49.30114702156929,24,19,8,2,83.01051772233671,37,Mobile,Basic,0
4085,28,Male,USA,16.415549813702725,14,19,2,1,121.23648125572592,55,Mobile,Basic,0
4086,30,Male,USA,15.283306561250317,5,18,9,3,75.50128885498553,19,Desktop,Premium,0
4087,28,Male,USA,21.80378405457675,46,15,6,2,125.98221547241373,6,Desktop,Basic,0
4088,48,Female,UK,30.059540198781814,22,16,7,4,69.11853381120113,12,Desktop,Premium,0
4089,45,Male,USA,19.028838930118553,22,14,4,0,208.65503028383128,15,Mobile,Basic,0
4090,61,Male,UK,43.46938862105636,10,8,2,2,128.5689338472614,47,Desktop,Basic,0
4091,23,Female,USA,22.61034606777285,26,8,5,0,321.18296789442707,3,Desktop,Basic,0
4092,58,Female,Canada,20.824601887602665,15,2,2,2,240.21375725309284,4,Mobile,Basic,0
4093,33,Female,Ghana,40.550789262696476,38,6,8,4,205.33118416464518,37,Mobile,Premium,0
4094,21,Female,Ghana,32.074358047805404,41,13,1,0,221.26037627060035,38,Desktop,Premium,1
4095,52,Male,USA,37.84701249286765,42,13,2,2,251.6831493882743,6,Desktop,Premium,0
4096,43,Male,Ghana,29.5240823988302,49,12,6,0,295.4174288698597,49,Desktop,Premium,1
4097,29,Female,USA,32.71753264760025,1,2,9,1,160.22071337098768,28,Mobile,Premium,0
4098,28,Female,USA,15.664505477296117,14,12,7,1,145.47193193076268,8,Mobile,Basic,0
4099,54,Male,Germany,28.521597388708415,36,17,4,1,233.18242310705588,51,Desktop,Basic,0
4100,42,Male,Germany,19.51943830864259,31,6,4,3,325.51559641466054,52,Mobile,Basic,0
4101,35,Male,Germany,49.54391479913836,28,7,4,1,91.04641825861444,56,Mobile,Basic,0
4102,36,Male,UK,42.928214044082125,34,6,3,1,231.93564890034295,31,Mobile,Premium,0
4103,40,Male,Germany,23.460763094737697,35,4,8,4,303.27765994020115,21,Mobile,Premium,0
4104,55,Female,USA,27.924444108408043,39,9,5,0,249.25128596317035,54,Mobile,Basic,1
4105,35,Female,Canada,28.39580889983644,23,5,7,0,226.56196816639505,45,Mobile,Premium,1
4106,43,Female,Germany,51.5395656604111,46,10,7,1,243.22901738040974,29,Desktop,Premium,0
4107,23,Female,Germany,33.96398301856537,44,15,4,0,344.27002523118176,15,Desktop,Premium,0
4108,21,Male,Canada,25.721323993801803,19,8,8,2,263.5966821824152,49,Mobile,Basic,0
4109,61,Female,USA,31.466851765489466,18,4,1,1,75.9105191314271,24,Desktop,Premium,0
4110,46,Male,UK,14.63009062705472,15,5,7,1,193.23508237868674,21,Desktop,Basic,0
4111,51,Male,Germany,29.263266900533505,1,7,2,3,207.00487786611632,49,Desktop,Premium,0
4112,34,Male,Canada,19.191059156745943,25,6,6,2,282.0691925788146,23,Mobile,Basic,0
4113,60,Male,USA,11.52333975969767,26,13,8,1,206.66192326477366,31,Mobile,Basic,0
4114,60,Male,Ghana,49.8657412507153,35,19,4,1,201.2820443246261,34,Desktop,Basic,0
4115,33,Male,UK,29.730070010618373,15,10,7,0,203.41471333581194,28,Desktop,Basic,0
4116,19,Male,Canada,22.284134333997756,4,15,3,1,219.1886294042023,32,Desktop,Basic,0
4117,51,Female,Canada,13.028207299853644,15,3,0,1,192.52807010884666,22,Desktop,Premium,0
4118,25,Male,Canada,27.788840355262973,42,18,0,1,166.4693681889769,3,Desktop,Basic,0
4119,30,Female,Germany,28.50823348051402,38,14,5,1,188.18294605199776,54,Desktop,Premium,0
4120,59,Female,Ghana,37.65051693563082,45,3,7,3,224.4103883038188,9,Mobile,Premium,0
4121,25,Male,UK,20.461657927892617,39,11,9,2,249.65347323130615,6,Desktop,Basic,0
4122,47,Male,USA,24.662418582732556,1,10,1,3,418.9155812907535,1,Mobile,Premium,0
4123,49,Female,USA,20.754084660552408,22,17,3,0,93.66261179112905,22,Desktop,Premium,0
4124,53,Female,Ghana,27.819500262799238,11,13,2,4,246.9743655213984,51,Desktop,Premium,0
4125,64,Female,Canada,10.070060378421758,46,2,8,1,318.062005240445,4,Desktop,Basic,0
4126,47,Female,Canada,21.957991253755964,38,13,2,0,138.1207895017182,45,Mobile,Premium,1
4127,18,Male,Canada,36.297162129613696,37,19,7,4,254.77369416610316,52,Mobile,Premium,0
4128,60,Male,Canada,17.745553436745453,26,5,6,1,170.8094906579437,57,Desktop,Basic,0
4129,56,Male,Canada,39.99505895799685,27,16,0,1,158.68732098975624,8,Mobile,Basic,0
4130,34,Female,Ghana,38.73361731628267,13,10,7,4,141.34944602201392,55,Mobile,Premium,0
4131,37,Male,Germany,39.570234238388586,7,12,8,3,192.74434243017512,37,Mobile,Premium,0
4132,41,Female,UK,29.954768594915645,8,13,7,4,189.74414863141712,42,Desktop,Premium,0
4133,39,Male,Canada,29.055998024557983,46,16,9,4,260.26380361410224,59,Desktop,Premium,0
4134,46,Female,Germany,33.19609295191329,23,1,9,2,84.46842254220302,52,Desktop,Premium,0
4135,39,Male,USA,43.20266860032923,26,9,0,1,268.0014499275643,19,Mobile,Basic,0
4136,61,Male,Ghana,42.29277109860067,44,16,6,1,266.2232355356526,44,Mobile,Basic,0
4137,26,Female,Germany,13.37764728018907,27,19,8,3,224.71567994002544,1,Desktop,Premium,0
4138,54,Female,Canada,21.256952859304107,9,15,4,3,383.025153721278,41,Desktop,Premium,0
4139,27,Female,Canada,19.460603768106694,46,18,1,2,298.67398984761775,24,Mobile,Premium,0
4140,53,Female,Canada,37.26772978286186,38,12,7,2,159.92870835115826,48,Desktop,Premium,0
4141,54,Female,Germany,23.207147530355137,47,14,8,2,104.83999792455434,17,Desktop,Basic,0
4142,45,Male,Canada,27.9660932713327,13,3,6,3,144.97415143089412,32,Desktop,Basic,0
4143,45,Female,Germany,47.07948549556106,7,4,4,4,153.5194373269702,50,Desktop,Premium,0
4144,59,Male,Canada,41.20880982296774,11,6,7,1,53.743521024209656,14,Mobile,Premium,0
4145,60,Male,USA,43.761989424549455,10,16,5,1,239.54183151791597,17,Desktop,Basic,0
4146,38,Male,USA,22.830459607800428,33,13,3,0,94.89110718499974,32,Desktop,Basic,1
4147,41,Male,UK,2.2858084143514006,39,12,0,3,218.6415746162962,33,Mobile,Basic,0
4148,59,Male,Canada,26.04475298385957,3,12,5,3,275.02886236281086,30,Mobile,Premium,0
4149,57,Female,Canada,15.600511564711946,41,2,7,2,311.9581866521847,57,Desktop,Premium,0
4150,19,Female,Germany,10.559505703707536,29,13,2,0,179.88700643098042,53,Desktop,Premium,1
4151,25,Male,Germany,41.286728269732684,37,3,6,0,142.69761491565708,47,Mobile,Basic,1
4152,44,Male,Canada,21.08151287272286,45,13,6,3,306.91292200319083,51,Desktop,Premium,0
4153,39,Female,UK,21.934376002147047,16,2,8,2,320.5141277007037,34,Mobile,Basic,0
4154,54,Female,Canada,26.342361866837678,16,19,0,1,254.61107056739144,28,Desktop,Basic,0
4155,44,Male,Germany,46.46494479038841,44,9,4,2,144.6477517529954,24,Desktop,Premium,0
4156,46,Female,Canada,28.38385739291839,43,1,7,1,94.64151929628039,56,Desktop,Basic,0
4157,20,Female,Germany,39.5158958622959,49,13,2,3,289.29873594942177,14,Desktop,Basic,0
4158,61,Female,Canada,26.846540926934807,7,2,4,2,195.06947638398452,54,Desktop,Premium,0
4159,30,Male,Ghana,14.195381186364704,15,15,0,0,299.1826076689978,34,Desktop,Premium,1
4160,62,Female,Germany,18.101639418401057,38,19,8,4,146.7825696407875,59,Mobile,Basic,0
4161,27,Male,UK,29.962134336316367,6,16,3,0,288.6961110630517,47,Mobile,Premium,1
4162,53,Male,Ghana,31.076355615030245,18,11,4,1,312.5997304965905,1,Desktop,Basic,0
4163,26,Male,Canada,35.42709931245376,19,15,2,3,180.6376106958082,22,Mobile,Basic,0
4164,44,Male,Germany,35.43124815700002,2,6,1,2,224.68808444070945,33,Mobile,Premium,0
4165,51,Male,Ghana,39.001627334444805,3,14,6,3,107.1046076852677,44,Mobile,Basic,0
4166,18,Female,UK,22.308479954466023,46,6,4,3,109.11960787869867,54,Desktop,Basic,0
4167,49,Male,Germany,48.27218725720317,25,19,9,1,225.38350944722328,47,Mobile,Basic,0
4168,42,Male,Ghana,49.187575237166435,36,5,2,3,156.78738662169,58,Mobile,Basic,0
4169,46,Male,Ghana,24.79464328516449,49,11,1,2,219.25666869668854,18,Mobile,Premium,0
4170,24,Female,Ghana,22.060807176829954,28,4,9,0,213.10766463798512,47,Desktop,Basic,1
4171,20,Female,USA,12.15190347943338,38,9,5,3,252.1995692982963,39,Desktop,Premium,0
4172,37,Female,Canada,31.708891271568383,28,9,9,2,242.37599887640587,12,Mobile,Basic,0
4173,37,Female,Germany,34.52437038690943,32,17,5,2,273.6440735364993,10,Desktop,Premium,0
4174,47,Female,Germany,24.20673188112789,41,8,2,1,218.1612801599198,2,Desktop,Premium,0
4175,52,Female,Germany,32.82764566547583,36,15,8,3,224.58380410175687,2,Desktop,Basic,0
4176,52,Female,Ghana,16.121864892052976,39,9,0,1,199.83404220721232,6,Desktop,Basic,0
4177,56,Male,Canada,39.67673775208205,36,5,2,0,283.9787484951394,20,Mobile,Premium,0
4178,44,Male,UK,24.69022135954853,43,4,0,0,347.23230120182,38,Desktop,Basic,1
4179,43,Female,Germany,32.887596535520686,23,18,6,2,259.97318555216975,28,Mobile,Basic,0
4180,31,Male,Canada,32.10157047059954,2,9,1,3,239.7969847653164,56,Mobile,Premium,0
4181,34,Male,Canada,10.395581746316573,10,3,3,2,182.61202907736805,59,Desktop,Basic,0
4182,35,Female,USA,38.34032466272768,6,9,3,3,219.43760803350673,42,Desktop,Premium,0
4183,62,Male,Germany,22.155566669343607,8,9,7,1,168.40056371337602,3,Desktop,Premium,0
4184,46,Male,Ghana,32.02504676602295,15,4,3,0,150.72974071745176,48,Mobile,Basic,1
4185,37,Female,Canada,15.901196154166737,45,7,2,0,184.30408905551906,37,Desktop,Basic,1
4186,44,Male,Canada,25.206228122585898,29,7,9,1,343.16970494897544,37,Desktop,Basic,0
4187,35,Female,UK,33.632488669309545,28,8,2,4,193.21983596325555,42,Desktop,Premium,0
4188,21,Female,USA,19.206972126722587,22,1,4,4,329.8728841983275,25,Mobile,Basic,0
4189,18,Male,Canada,19.754738564246914,34,9,5,4,122.2297896804836,23,Desktop,Premium,0
4190,18,Male,Canada,31.250681142604854,20,12,6,3,211.1171358823816,13,Mobile,Basic,0
4191,43,Male,Ghana,28.3248554521259,33,6,4,1,257.6559673787113,57,Desktop,Premium,0
4192,62,Female,Ghana,33.49304615032813,15,13,6,3,261.7729425321787,24,Desktop,Basic,0
4193,37,Female,UK,26.321926783854064,7,5,3,3,113.36027937557421,3,Desktop,Basic,0
4194,40,Female,UK,36.414985785288614,24,19,4,1,102.73816953944188,50,Desktop,Premium,0
4195,27,Male,UK,24.330445757121943,26,1,5,3,249.5539810881519,51,Mobile,Basic,0
4196,28,Male,Ghana,35.97064585754059,10,18,8,1,155.73886554943786,38,Mobile,Premium,0
4197,58,Female,Ghana,20.932182157302748,15,8,5,4,250.75617257255956,59,Mobile,Basic,0
4198,58,Male,USA,23.890090447823056,37,8,9,4,314.86376241534396,28,Mobile,Basic,0
4199,22,Male,Germany,37.30670906063226,24,15,0,3,147.51217782147322,26,Desktop,Basic,0
4200,18,Female,Germany,24.85619398509123,11,19,6,0,158.2239883248492,20,Mobile,Premium,0
4201,34,Female,USA,18.287696630280422,40,10,2,1,37.90549165849984,27,Desktop,Basic,0
4202,39,Male,Germany,47.30115873371185,21,16,5,2,264.0881815704654,1,Mobile,Basic,0
4203,51,Female,Ghana,29.6486666538184,40,11,1,2,370.4325795701115,10,Mobile,Basic,0
4204,62,Male,Germany,34.714520771879805,38,12,6,3,100.25179873063135,10,Desktop,Basic,0
4205,58,Female,Ghana,7.379197031221246,15,16,0,0,299.5168294415703,57,Desktop,Premium,1
4206,46,Female,USA,43.31808579541239,15,16,1,1,306.83615054364196,54,Desktop,Basic,0
4207,21,Female,UK,56.46230923264515,37,3,8,4,262.7187018746656,1,Mobile,Premium,0
4208,22,Male,USA,42.421824536935695,45,9,8,3,151.5586061509407,32,Mobile,Basic,0
4209,28,Male,Germany,43.84702703002782,14,8,6,1,180.52725231644146,51,Desktop,Premium,0
4210,38,Female,Ghana,25.912301188942585,43,10,1,1,244.19147000262467,32,Mobile,Premium,0
4211,52,Female,Germany,32.518230146620354,21,13,4,1,241.84947897218007,43,Desktop,Basic,0
4212,29,Female,Germany,34.880771525198966,44,18,3,0,179.95896633480987,27,Desktop,Premium,0
4213,43,Male,UK,23.023899608485152,20,13,1,1,236.83241766342775,13,Desktop,Basic,0
4214,36,Female,Germany,28.759405715077165,33,13,1,0,171.11204301614316,17,Mobile,Basic,0
4215,62,Female,UK,19.99006914557458,3,15,9,0,190.99500937194927,28,Desktop,Premium,0
4216,24,Female,Ghana,26.044937698707898,40,13,7,1,183.7721292316986,25,Desktop,Premium,0
4217,64,Female,Ghana,38.408915703871195,23,16,4,4,287.5858361943823,52,Desktop,Premium,0
4218,24,Male,UK,12.34237534481894,44,8,7,1,85.71914623295024,50,Mobile,Basic,0
4219,43,Male,USA,39.53103607659152,47,19,1,4,251.99174440205257,36,Mobile,Premium,0
4220,57,Female,Ghana,14.226393928068372,23,10,1,3,228.74070546852374,47,Desktop,Premium,0
4221,22,Male,USA,30.524562672034023,27,12,2,2,18.465403585784912,2,Mobile,Basic,0
4222,38,Male,Ghana,31.434351370053655,35,14,9,3,269.68195844291864,32,Mobile,Basic,0
4223,31,Male,Ghana,35.728162219089214,25,6,7,0,279.66288962275934,32,Mobile,Premium,1
4224,21,Female,Canada,28.194597671860368,32,9,7,3,167.5825252260263,6,Mobile,Basic,0
4225,40,Male,Germany,19.553055189054113,22,7,2,2,238.78158628876025,54,Mobile,Premium,0
4226,59,Male,Germany,31.845094463018626,8,6,0,2,221.40920467850907,31,Mobile,Basic,0
4227,37,Male,USA,51.72505589174553,38,1,6,4,378.55180842073145,59,Mobile,Premium,0
4228,32,Female,Germany,29.855908413320225,18,14,3,3,240.19371192790788,55,Desktop,Premium,0
4229,62,Female,USA,21.186234357520654,28,6,2,0,208.46115388963682,9,Mobile,Premium,0
4230,46,Male,Ghana,25.328565557311375,28,12,4,0,287.5957079189923,43,Desktop,Premium,1
4231,25,Male,Canada,31.50237969797393,11,17,5,4,328.61536213773525,57,Desktop,Premium,0
4232,58,Female,Canada,27.313787153464332,12,5,0,4,365.76090266072913,52,Mobile,Basic,0
4233,36,Female,Ghana,25.924185724029705,2,11,8,3,152.1948044702946,16,Desktop,Premium,0
4234,56,Male,UK,43.2743211733066,37,5,5,4,234.38226575315397,25,Desktop,Premium,0
4235,63,Male,UK,35.172817164882375,4,12,2,2,150.3068798405323,40,Desktop,Premium,0
4236,45,Female,Germany,28.814806361693286,41,3,0,0,385.6924041590956,28,Desktop,Premium,0
4237,63,Female,USA,28.89141421378762,45,9,8,2,203.78451760193397,17,Mobile,Basic,0
4238,44,Male,Canada,31.73178831534515,45,6,1,1,276.56591901091764,31,Mobile,Premium,0
4239,21,Female,Germany,35.60314345130479,47,2,9,2,186.77153492263454,55,Desktop,Premium,0
4240,32,Male,Ghana,42.82314956488494,34,2,5,0,239.9282411476744,23,Desktop,Basic,0
4241,52,Male,Canada,25.880877129657254,23,12,5,1,55.53224892450882,31,Desktop,Basic,0
4242,54,Male,USA,20.055788341917598,13,8,2,3,283.21363331412243,26,Mobile,Premium,0
4243,18,Female,USA,24.438923123568642,7,2,5,1,304.2107484436608,4,Desktop,Premium,0
4244,20,Male,UK,21.244077893229125,32,9,1,4,152.59387397491994,39,Mobile,Basic,0
4245,64,Male,Germany,14.739925458501258,23,16,7,0,55.2095978575023,43,Mobile,Premium,1
4246,41,Female,Ghana,44.105994160097836,49,15,0,4,318.6298071918503,59,Desktop,Premium,0
4247,44,Female,Canada,38.545861251325604,8,14,5,2,308.4814794202749,43,Desktop,Premium,0
4248,57,Male,USA,7.164830569312453,47,4,0,3,263.2818611283468,43,Mobile,Basic,0
4249,53,Male,Canada,32.179468679600824,47,4,8,0,185.18951735277128,58,Desktop,Basic,1
4250,51,Female,Ghana,26.232653805840805,37,11,8,3,177.59558472507354,58,Desktop,Premium,0
4251,46,Female,Canada,25.040916702958704,34,18,5,0,306.7226146131882,53,Desktop,Basic,1
4252,41,Female,Germany,5.134785273788111,48,5,5,4,174.33962192783585,53,Mobile,Basic,0
4253,41,Male,UK,29.747565799320437,29,2,8,2,212.59618170999158,15,Desktop,Basic,0
4254,59,Male,Canada,30.76930591210428,37,15,4,1,199.5780002894147,37,Mobile,Premium,0
4255,21,Male,UK,18.231044533372966,23,11,8,3,226.23576459262142,38,Desktop,Basic,0
4256,20,Female,Ghana,46.227461539904155,38,17,4,0,191.41244268563122,23,Mobile,Basic,0
4257,51,Male,UK,37.91349130793368,29,16,3,0,200.775333657166,5,Mobile,Basic,0
4258,40,Female,Canada,19.336637300785355,44,15,1,3,343.3209879311147,41,Desktop,Premium,0
4259,40,Male,Canada,40.23050373470143,5,3,1,1,241.9798413170815,43,Mobile,Basic,0
4260,62,Female,USA,25.344460113129678,40,15,0,2,230.61343905697433,25,Desktop,Premium,0
4261,22,Male,Canada,40.55108320714919,11,19,9,0,265.7421764829798,30,Desktop,Basic,0
4262,48,Male,UK,15.571024556637425,14,13,2,0,110.49446886446555,55,Desktop,Premium,1
4263,58,Female,USA,31.700617225058185,49,16,0,3,281.4085187697502,26,Desktop,Basic,0
4264,23,Female,Canada,17.83729962168465,42,12,5,3,224.22906934280024,3,Desktop,Basic,0
4265,54,Male,Canada,21.62627537664151,2,17,6,0,150.63495001209066,52,Desktop,Premium,1
4266,27,Female,Ghana,10.683354196478188,35,16,8,0,192.30038659170643,4,Mobile,Premium,0
4267,57,Female,USA,17.655442168741118,45,9,6,0,242.6528739239551,55,Mobile,Basic,1
4268,24,Male,Ghana,17.59703689147331,49,6,3,4,206.89562221971985,47,Desktop,Premium,0
4269,56,Female,Ghana,16.346492684396868,35,19,3,0,286.89317301512426,18,Mobile,Basic,0
4270,55,Male,Ghana,31.886146562136275,42,13,7,2,139.8791746516163,59,Desktop,Premium,0
4271,38,Male,Germany,12.338102524718732,28,8,3,2,109.99458749045405,37,Desktop,Basic,0
4272,37,Female,Ghana,32.98810357142551,8,12,0,1,139.03775485846128,11,Mobile,Premium,0
4273,20,Female,UK,40.058910317691456,32,9,8,3,167.22647469415287,11,Mobile,Basic,0
4274,39,Male,Canada,21.10944684944502,4,4,2,1,210.7337447462066,36,Desktop,Basic,0
4275,64,Male,Germany,29.150525187053866,45,13,0,0,173.4838037872583,16,Desktop,Premium,0
4276,21,Male,Ghana,26.64356015712618,7,2,8,3,105.0283786937598,58,Desktop,Premium,0
4277,45,Male,Canada,25.884857548902396,39,3,9,0,91.75552551608416,43,Desktop,Basic,1
4278,29,Male,USA,4.445079383236973,48,5,9,3,97.72898897064309,25,Mobile,Basic,0
4279,55,Male,USA,18.731910263924664,27,18,4,4,176.9320752198581,1,Mobile,Basic,0
4280,53,Female,Canada,44.61426118577215,37,14,8,4,135.11192314616864,26,Desktop,Premium,0
4281,64,Female,UK,33.23843723411627,17,2,2,4,169.2951630389761,45,Mobile,Basic,0
4282,58,Female,Canada,27.586248275711704,10,15,5,1,306.20085554825675,30,Mobile,Premium,0
4283,22,Male,Canada,9.79265721559926,4,8,6,3,106.42628198671842,51,Mobile,Premium,0
4284,30,Female,Germany,35.93168476568897,23,16,4,1,223.9680874837378,6,Mobile,Premium,0
4285,40,Male,USA,20.88346862689325,14,3,7,3,105.2161717510997,27,Desktop,Premium,0
4286,47,Male,USA,17.62531577900357,5,5,9,0,93.20556333001929,52,Desktop,Premium,1
4287,54,Female,Ghana,18.627763595976816,2,4,5,4,229.70335050545654,19,Desktop,Premium,0
4288,42,Male,Canada,35.10647408070668,46,12,5,4,253.99490658189836,38,Mobile,Premium,0
4289,44,Male,Canada,29.29038325523846,24,19,6,3,263.1224965064176,45,Mobile,Premium,0
4290,31,Male,UK,38.64597216722969,18,15,7,1,288.87710118856467,43,Desktop,Basic,0
4291,64,Male,USA,41.25721238129545,27,13,1,1,185.81772189697608,19,Desktop,Basic,0
4292,53,Male,UK,22.60532223443408,24,5,6,2,221.99745013289674,39,Desktop,Premium,0
4293,56,Male,Germany,29.573047713866675,29,12,8,4,169.17178607332463,44,Desktop,Basic,0
4294,33,Female,Ghana,26.96983740828157,11,19,0,4,303.43519700078673,32,Mobile,Premium,0
4295,39,Male,UK,16.382021362536342,48,2,0,1,127.0946701191908,48,Desktop,Premium,0
4296,38,Male,USA,17.820808614680033,18,7,6,4,240.06492703545018,1,Desktop,Premium,0
4297,38,Male,Germany,28.358281004530518,48,5,4,1,114.78226714317987,25,Desktop,Premium,0
4298,25,Male,Canada,29.429343489893316,4,11,0,2,208.79927492566293,47,Mobile,Premium,0
4299,33,Female,Germany,29.45116822803668,33,18,0,3,71.48513148250936,13,Mobile,Premium,0
4300,48,Female,UK,29.46684820264068,14,18,1,3,218.12756996354477,10,Desktop,Premium,0
4301,59,Male,USA,21.84005707312441,44,7,9,2,357.92934537279484,18,Mobile,Premium,0
4302,27,Male,UK,51.21438072045518,42,10,8,4,155.30774378019788,36,Mobile,Premium,0
4303,49,Male,Canada,32.31803305119222,32,14,2,0,180.61282677927306,22,Desktop,Basic,0
4304,51,Female,Canada,24.244728314634674,4,11,8,4,269.3362438984894,6,Desktop,Basic,0
4305,26,Female,USA,34.02316436411577,20,2,5,1,203.56840684225872,27,Mobile,Basic,0
4306,34,Female,Ghana,21.48775558222569,21,13,9,0,297.7696847328569,8,Desktop,Basic,0
4307,28,Female,Germany,30.267360970193888,3,13,5,2,231.4860939039339,24,Mobile,Premium,0
4308,49,Male,Germany,34.00695777978213,25,9,6,3,270.0420599793878,20,Mobile,Premium,0
4309,27,Female,Canada,35.50936649798734,4,17,9,3,41.78260087931395,22,Mobile,Premium,0
4310,39,Female,UK,17.42684175175003,47,15,7,4,207.35642293037193,9,Mobile,Basic,0
4311,34,Male,UK,60.29092991474549,11,16,2,3,111.37370056500743,55,Desktop,Basic,0
4312,21,Male,Ghana,41.81801905098533,16,10,7,4,168.40478388407774,40,Desktop,Basic,0
4313,64,Female,UK,50.32504979021155,36,12,5,1,234.56587683766236,56,Desktop,Basic,0
4314,42,Female,Germany,27.438839994007022,6,5,5,1,181.62874986145982,50,Desktop,Basic,0
4315,38,Female,UK,32.46792097238474,31,17,2,2,137.26464721739663,39,Mobile,Premium,0
4316,54,Female,Ghana,30.36459397018586,40,10,5,1,300.3327568125683,19,Mobile,Premium,0
4317,55,Male,Germany,24.52940722412736,13,6,7,4,280.57759978724596,55,Mobile,Premium,0
4318,18,Male,UK,37.57608919026411,23,6,6,3,90.24812640798494,50,Mobile,Basic,0
4319,42,Female,Germany,21.163486793986806,4,12,9,1,260.99734281553077,1,Desktop,Premium,0
4320,53,Female,Canada,36.982509369055265,37,19,9,1,213.6146751280654,11,Mobile,Basic,0
4321,34,Female,Canada,25.019086953774035,42,2,6,4,218.86679366442826,41,Mobile,Premium,0
4322,58,Female,Canada,33.99027775060078,37,13,2,1,324.44370457248914,42,Desktop,Basic,0
4323,41,Female,UK,44.61632107631237,44,11,9,3,212.39163091460154,10,Desktop,Premium,0
4324,19,Male,Ghana,28.669864365026214,33,15,2,3,257.1357924301106,1,Mobile,Basic,0
4325,57,Male,Germany,37.80223784507228,42,13,4,3,217.1230355777034,27,Mobile,Premium,0
4326,32,Male,USA,24.910959160076274,29,3,4,3,217.5620910002266,17,Desktop,Basic,0
4327,49,Female,Canada,18.186660192679305,37,14,8,0,125.97314629095396,59,Desktop,Premium,1
4328,56,Female,Canada,46.61729130306017,19,8,8,3,396.31176761802567,44,Desktop,Premium,0
4329,23,Male,USA,37.47709151047079,20,9,9,0,-46.04662311355841,44,Mobile,Premium,1
4330,18,Male,USA,28.655794242151014,32,15,4,3,141.9543614681868,51,Mobile,Basic,0
4331,64,Female,UK,36.96408657898743,44,18,4,3,160.89975489817854,17,Mobile,Basic,0
4332,40,Male,Germany,19.83605022352689,16,8,5,4,272.6730232646494,39,Desktop,Premium,0
4333,56,Female,Canada,34.42239543511075,5,11,7,3,87.12214917718653,55,Desktop,Premium,0
4334,34,Female,Ghana,32.1700499822538,49,5,5,1,185.95278106443502,43,Desktop,Premium,0
4335,51,Male,UK,36.5054414844041,46,15,5,3,262.95104110221257,56,Mobile,Basic,0
4336,58,Male,UK,46.417308695387234,12,15,8,2,102.57019451601472,2,Mobile,Basic,0
4337,46,Male,Ghana,44.4824601536991,45,7,0,4,189.04324270384896,48,Desktop,Premium,0
4338,26,Female,Ghana,16.11160773614585,21,18,3,4,186.5553068686879,23,Desktop,Premium,0
4339,30,Female,Ghana,10.047534169423479,14,12,9,3,152.1614188016054,41,Desktop,Basic,0
4340,23,Male,USA,32.45709937447234,37,12,9,2,202.93961917338112,59,Mobile,Basic,0
4341,23,Female,Canada,31.69338046056203,22,4,1,3,165.95759434175176,10,Mobile,Basic,0
4342,37,Female,USA,18.638407173284293,30,11,8,1,277.4101110874925,53,Desktop,Premium,0
4343,20,Female,Canada,20.392299843263103,23,6,2,4,242.3500102333324,42,Desktop,Basic,0
4344,34,Male,USA,22.296466242684012,5,10,9,4,185.25236766996233,30,Mobile,Basic,0
4345,29,Female,Germany,43.35028665273661,29,15,1,2,205.27088917366652,35,Desktop,Premium,0
4346,64,Male,Canada,25.275036390654314,30,1,7,0,168.87448986085664,25,Desktop,Basic,0
4347,62,Male,UK,14.961200926446857,18,17,3,2,306.9413607723978,17,Desktop,Basic,0
4348,18,Female,Canada,29.355683532781512,46,3,1,1,236.17766213323875,46,Mobile,Premium,0
4349,34,Male,Canada,29.972715532750613,1,11,3,2,188.8028743653586,19,Mobile,Basic,0
4350,20,Female,Canada,19.678858711962384,39,18,6,0,235.08512604766105,18,Mobile,Premium,0
4351,43,Male,Germany,35.903887929577735,17,10,6,1,351.10238270119777,18,Mobile,Premium,0
4352,32,Male,USA,41.37239040896006,3,9,0,1,145.16290946346714,46,Mobile,Premium,0
4353,53,Female,UK,26.446249075700102,42,7,0,0,270.764400405097,35,Mobile,Premium,1
4354,49,Male,USA,14.96089719388606,7,11,2,3,233.1388406908455,10,Mobile,Basic,0
4355,49,Male,USA,27.26254837553845,27,8,1,2,182.70929941298877,23,Desktop,Premium,0
4356,21,Male,Ghana,33.01673261239837,28,2,2,1,141.6299540620387,45,Desktop,Basic,0
4357,35,Female,Germany,8.420905691828068,44,5,3,2,268.73374181390216,22,Mobile,Basic,0
4358,36,Female,Ghana,34.81516954277988,31,9,6,0,223.26279936992327,44,Desktop,Basic,1
4359,60,Male,Germany,26.250023515025813,15,1,1,4,315.5040571551691,9,Mobile,Basic,0
4360,52,Male,USA,30.437174514830833,48,17,6,0,293.4375617818778,32,Mobile,Premium,1
4361,57,Male,USA,27.103769727923698,8,10,4,2,224.0358627140798,26,Mobile,Basic,0
4362,31,Female,Germany,22.465602090531302,6,8,7,1,142.23910499362944,29,Desktop,Basic,0
4363,50,Female,USA,28.89008364034743,28,18,7,2,364.3445692802425,59,Mobile,Basic,0
4364,31,Male,USA,24.910797382508804,4,10,4,4,150.45656631781048,42,Desktop,Premium,0
4365,51,Female,UK,26.42419025051806,30,9,9,1,266.44418971847415,19,Mobile,Basic,0
4366,21,Female,Ghana,21.19581988024614,43,4,7,4,58.26037408618629,48,Desktop,Basic,0
4367,41,Female,Ghana,35.367749858839076,17,2,8,3,325.65292347077934,29,Mobile,Basic,0
4368,46,Female,Ghana,42.36798541352808,34,19,6,0,37.28864344246449,53,Desktop,Basic,1
4369,36,Male,Canada,21.267224776757736,6,10,5,3,174.91709081082473,57,Mobile,Premium,0
4370,23,Female,UK,28.83184952547824,36,17,6,2,115.02751019785961,35,Desktop,Premium,0
4371,50,Female,Ghana,19.048060679163612,35,3,6,3,311.64083105749063,12,Desktop,Premium,0
4372,57,Male,Ghana,33.88033688343791,39,19,2,0,140.6262245556761,8,Desktop,Premium,0
4373,36,Male,UK,32.24243037073698,39,19,5,1,242.3038691328614,25,Mobile,Premium,0
4374,18,Female,USA,24.210373784574628,16,19,5,4,221.35681934314402,27,Desktop,Basic,0
4375,22,Female,Ghana,29.17251016188467,2,19,8,1,84.3966903536332,47,Mobile,Premium,0
4376,44,Male,USA,38.65275604360904,8,15,0,3,282.3177527975061,43,Mobile,Premium,0
4377,33,Male,Ghana,13.926284296668666,15,18,6,2,198.72144334209432,55,Desktop,Basic,0
4378,23,Male,Germany,17.081767547649612,27,17,0,3,320.61152062333804,45,Desktop,Premium,0
4379,57,Female,Canada,35.81834600776454,16,10,9,0,249.07959485722571,6,Desktop,Basic,0
4380,30,Female,Ghana,30.544778457739124,1,14,3,0,139.1975273214751,13,Desktop,Premium,0
4381,52,Male,Germany,29.29833300548795,10,19,6,2,183.9094095909544,11,Mobile,Basic,0
4382,36,Female,UK,39.429858866264475,7,18,5,1,181.62855988984217,38,Desktop,Basic,0
4383,29,Male,Germany,37.04433973746716,48,11,5,0,262.2396996390725,6,Desktop,Premium,0
4384,33,Female,UK,47.15104054343831,10,11,4,0,259.615797086072,5,Mobile,Basic,0
4385,60,Male,Ghana,38.949366003548064,12,12,6,2,146.1436119768589,7,Desktop,Premium,0
4386,27,Male,UK,35.2572551293906,17,8,8,1,275.7732588366828,55,Mobile,Premium,0
4387,42,Female,Germany,29.46039304531619,45,16,5,3,232.52751303510544,55,Desktop,Premium,0
4388,37,Female,Canada,28.558366868638913,12,8,9,4,253.55134557819844,19,Desktop,Premium,0
4389,48,Female,USA,29.96759901572344,15,14,6,2,241.42632437536733,43,Desktop,Basic,0
4390,21,Female,USA,32.229798553142935,46,18,8,1,266.3215651096692,6,Desktop,Basic,0
4391,61,Female,Canada,17.932690185949312,32,4,6,4,125.37505548717574,25,Mobile,Basic,0
4392,40,Female,USA,32.63594080522231,32,17,5,2,215.2068658714551,9,Desktop,Basic,0
4393,19,Male,Ghana,27.56673506626274,26,13,2,3,280.59349423558183,20,Mobile,Basic,0
4394,39,Female,Ghana,33.570508152296924,14,5,0,3,289.2576770262981,25,Mobile,Premium,0
4395,54,Male,Germany,24.223246938846543,26,3,9,1,289.1342266876261,50,Desktop,Basic,0
4396,25,Male,Germany,23.405749406291847,5,9,8,1,129.12613773165702,8,Desktop,Basic,0
4397,24,Female,UK,32.30714322526157,38,18,6,3,366.25978618248865,50,Desktop,Basic,0
4398,31,Male,Germany,34.772704383004246,46,19,2,3,341.2067734147985,37,Desktop,Basic,0
4399,20,Male,Ghana,23.960659080051364,4,19,9,2,130.75871462056926,38,Desktop,Basic,0
4400,33,Female,Germany,43.19207183718956,28,16,8,1,176.07812009437612,2,Mobile,Premium,0
4401,36,Female,USA,43.12349419349959,1,1,2,4,254.8118873834643,57,Mobile,Basic,0
4402,35,Female,UK,14.17673776743448,13,5,2,3,142.28475219948416,22,Desktop,Premium,0
4403,33,Male,UK,22.229730501318375,43,15,6,4,246.5378099238014,56,Desktop,Premium,0
4404,25,Female,Ghana,31.162075244698,3,12,1,1,216.93796845794085,36,Mobile,Basic,0
4405,50,Female,Germany,33.707713470084926,49,1,9,1,303.0953175325612,51,Mobile,Premium,0
4406,29,Female,USA,51.32339972594481,25,14,6,0,234.3774701336929,4,Desktop,Basic,0
4407,28,Female,Germany,31.40894280058507,42,18,6,3,37.557220527105756,48,Mobile,Basic,0
4408,22,Male,Canada,28.835924056854534,16,18,0,1,269.01176335651934,1,Desktop,Basic,0
4409,44,Female,Germany,18.619646914103807,21,6,9,1,298.3703263298444,48,Mobile,Basic,0
4410,29,Male,Ghana,14.146066045210542,13,1,1,3,194.95364012870624,33,Desktop,Basic,0
4411,34,Female,Germany,28.663277539167936,44,17,4,0,211.83028871121493,24,Desktop,Basic,0
4412,23,Male,UK,50.57385191974707,36,18,3,0,212.08682249486506,49,Desktop,Premium,1
4413,50,Male,USA,27.882312736443964,8,15,2,0,153.174414173456,5,Mobile,Basic,0
4414,22,Male,Ghana,22.272683622239857,44,12,9,0,397.5600315742289,58,Mobile,Premium,1
4415,45,Female,Canada,34.520693975025345,19,13,7,2,137.40777927233276,48,Mobile,Premium,0
4416,31,Male,USA,9.944347520931359,47,2,6,3,274.2358420104973,57,Mobile,Basic,0
4417,22,Female,USA,30.79290237355581,16,4,8,3,273.86779534129624,35,Desktop,Premium,0
4418,50,Female,UK,38.243781842244225,12,3,2,3,163.3711613454932,42,Desktop,Premium,0
4419,58,Female,UK,20.524408000757,20,19,9,0,125.08875453714461,50,Mobile,Premium,1
4420,36,Female,UK,43.68869769064116,18,8,0,0,191.4820545379004,53,Mobile,Premium,1
4421,39,Female,Ghana,36.596825494058685,12,12,8,1,255.78359428182796,50,Desktop,Basic,0
4422,22,Male,Germany,43.779212355920514,48,12,8,2,224.54260286933624,26,Desktop,Basic,0
4423,19,Female,USA,16.23687379700714,25,10,0,3,345.26822589482754,49,Mobile,Premium,0
4424,47,Male,Germany,28.19299907983778,11,1,7,2,152.98834361308315,43,Mobile,Basic,0
4425,64,Male,Germany,39.221265685282305,22,5,9,3,154.92939300589802,41,Mobile,Basic,0
4426,56,Male,UK,15.021413069627076,46,11,0,0,270.53451672023823,43,Desktop,Premium,1
4427,21,Male,Germany,39.47071688429598,34,9,5,0,66.53509166517273,26,Desktop,Premium,0
4428,50,Male,USA,28.20153108732342,13,14,8,3,154.95046811725103,59,Desktop,Basic,0
4429,30,Male,USA,39.39628846927731,46,3,2,4,189.5513433676197,41,Desktop,Basic,0
4430,37,Male,Canada,32.17470061391776,38,5,5,0,198.8601895295184,49,Mobile,Premium,1
4431,24,Female,Ghana,44.10826417836977,12,9,2,1,159.38460603581382,52,Desktop,Basic,0
4432,32,Male,Germany,17.080900004123947,39,18,4,0,54.066866808689355,5,Mobile,Premium,0
4433,40,Female,Ghana,33.29070290929017,36,6,6,1,313.17488144185097,44,Desktop,Basic,0
4434,31,Male,Ghana,14.884347216296339,28,7,9,2,308.9554130506715,18,Mobile,Premium,0
4435,40,Male,Ghana,34.195382934260735,27,16,3,0,66.83908737033602,59,Mobile,Premium,1
4436,36,Male,Ghana,33.27819917862722,39,8,3,0,253.90669202319242,57,Desktop,Premium,1
4437,46,Male,USA,27.149184372779416,13,10,6,2,189.19295671663812,25,Mobile,Basic,0
4438,37,Female,Germany,22.162027751247127,43,5,4,1,244.75710375490712,48,Mobile,Basic,0
4439,46,Female,Canada,26.74633995003534,40,11,0,4,222.44794601476656,41,Desktop,Premium,0
4440,41,Female,Ghana,30.976526699399024,27,13,9,1,83.41943101536643,40,Mobile,Premium,0
4441,35,Male,Canada,32.841867783026444,31,2,1,3,264.16239482167657,38,Desktop,Basic,0
4442,27,Male,USA,49.32315976543289,2,14,5,3,155.8422089785218,49,Desktop,Basic,0
4443,58,Male,USA,38.73416482543746,18,9,8,3,-7.709722489429566,46,Desktop,Premium,0
4444,25,Female,UK,24.131031792299943,26,10,6,2,215.9362074104342,58,Mobile,Basic,0
4445,43,Male,Ghana,35.79375649566228,42,10,3,1,74.94485233694718,21,Mobile,Premium,0
4446,46,Female,UK,38.81319078480868,31,10,1,0,291.58184497154286,24,Desktop,Premium,0
4447,27,Female,Canada,23.440331117436106,38,19,3,3,176.7187556927581,28,Desktop,Premium,0
4448,34,Male,Germany,37.021560365426126,22,11,4,1,206.3139680906498,46,Mobile,Basic,0
4449,19,Male,UK,15.132659655348723,36,11,1,0,241.57454198787934,4,Desktop,Basic,0
4450,23,Female,USA,23.076052624378335,19,3,0,1,208.39487515085918,8,Desktop,Premium,0
4451,22,Female,Ghana,15.757693291136945,14,19,3,2,152.71762503303268,54,Desktop,Basic,0
4452,45,Female,Canada,27.8894296479894,14,1,5,3,290.36644262989745,49,Mobile,Basic,0
4453,58,Male,USA,25.263545171261292,29,12,0,4,191.31563026992566,33,Mobile,Premium,0
4454,22,Male,Germany,26.030441958066184,17,15,0,3,110.06475874232845,3,Mobile,Basic,0
4455,35,Male,Ghana,38.15475954696785,37,14,8,3,228.38248559452157,49,Desktop,Premium,0
4456,43,Male,Germany,30.90582426214458,9,3,4,2,193.5592104844389,20,Desktop,Premium,0
4457,37,Male,Germany,38.00323096575529,1,13,1,0,198.16374561448882,35,Desktop,Premium,1
4458,58,Male,Ghana,46.26350269848127,4,18,1,3,210.06004480249246,39,Desktop,Premium,0
4459,44,Female,Ghana,50.94665924634249,7,16,3,0,204.47826276318162,43,Mobile,Basic,1
4460,29,Female,Germany,28.60195882403403,11,6,1,0,316.59884217882063,57,Mobile,Basic,1
4461,24,Female,Canada,35.3474532238777,14,10,3,2,135.9162333806663,47,Desktop,Premium,0
4462,20,Male,Ghana,28.452409897008724,42,17,5,3,33.534881838893085,7,Mobile,Basic,0
4463,27,Female,USA,40.14199415229713,19,17,6,2,200.0470389838074,27,Desktop,Basic,0
4464,51,Male,UK,38.19690111691442,40,8,5,2,266.54770828663516,5,Desktop,Premium,0
4465,42,Male,Canada,23.394610551877513,3,4,3,4,74.86468545917461,49,Mobile,Premium,0
4466,52,Female,Ghana,24.866294547453297,8,15,9,2,229.16247503591714,37,Mobile,Basic,0
4467,33,Male,Ghana,43.860463572875446,29,1,2,4,87.4694500774373,1,Desktop,Basic,0
4468,19,Female,Canada,24.508298872270274,37,7,3,0,267.5007970294783,22,Desktop,Premium,0
4469,41,Female,UK,28.88204654501677,43,10,4,0,200.86310501831406,56,Mobile,Premium,1
4470,27,Male,Germany,36.750409090327196,9,7,3,1,129.61112772661323,7,Mobile,Premium,0
4471,55,Female,USA,28.34424378512412,19,1,2,1,71.71751687072484,49,Mobile,Basic,0
4472,39,Female,Ghana,45.33965179038197,12,17,0,0,374.48628630592975,8,Desktop,Basic,0
4473,43,Female,UK,40.33106005609841,27,12,2,3,384.41954987617277,44,Mobile,Premium,0
4474,60,Female,USA,21.158305983060313,37,17,4,1,113.67481159719017,30,Mobile,Basic,0
4475,56,Male,Canada,24.144933884802683,48,15,5,2,111.79086593696887,57,Mobile,Basic,0
4476,44,Female,Ghana,35.87561541212237,25,16,3,1,206.32665997281788,28,Desktop,Basic,0
4477,46,Female,Germany,29.479760944160404,45,14,0,0,169.15140484900556,26,Mobile,Basic,0
4478,64,Female,Canada,10.59440995237345,38,3,9,3,173.91332060960278,34,Mobile,Premium,0
4479,55,Male,Ghana,20.29117127856152,48,19,6,0,222.6986695848243,49,Mobile,Basic,1
4480,37,Female,UK,32.340952971711054,17,12,8,3,353.41944606562123,32,Mobile,Basic,0
4481,44,Male,USA,38.9054879171221,44,19,5,1,308.9685110129113,22,Desktop,Premium,0
4482,58,Female,USA,39.04847037187103,33,18,5,2,174.37953849436002,20,Mobile,Premium,0
4483,37,Female,Ghana,49.62836955104149,39,14,8,2,257.76910982418366,14,Desktop,Premium,0
4484,61,Female,Canada,23.08538937354438,14,9,3,0,52.23637489335522,23,Mobile,Premium,0
4485,36,Male,Germany,23.563658202146506,28,3,4,3,210.8719909491123,3,Mobile,Premium,0
4486,37,Male,UK,29.746718493398298,18,12,4,1,181.06808760233108,19,Mobile,Basic,0
4487,52,Male,Ghana,13.2402641777905,33,17,4,3,277.0763740185845,14,Mobile,Basic,0
4488,64,Male,UK,29.969247731990702,42,5,7,3,249.7544292821297,40,Mobile,Basic,0
4489,19,Male,USA,28.044951489843562,15,8,0,3,224.71027372389787,39,Mobile,Premium,0
4490,47,Male,Germany,37.91717858525285,11,19,9,1,236.81963322247057,37,Desktop,Premium,0
4491,51,Female,UK,39.615205985610686,36,4,9,3,165.3164784205214,35,Desktop,Basic,0
4492,39,Male,Ghana,33.572735620424616,15,15,2,2,277.4115876324637,1,Desktop,Premium,0
4493,20,Female,Germany,30.028743708459547,48,19,7,0,236.81096033160046,59,Desktop,Premium,1
4494,23,Male,Canada,33.64015441463962,30,15,8,4,187.02027569156346,19,Desktop,Basic,0
4495,32,Male,Ghana,22.071721307940095,15,14,1,3,207.89939748666157,15,Mobile,Basic,0
4496,44,Male,UK,29.17323111197509,49,16,3,2,267.52718758712416,25,Mobile,Basic,0
4497,27,Female,Germany,30.16766018872244,23,10,7,2,275.09544014960375,1,Mobile,Premium,0
4498,26,Male,Ghana,29.24914789007107,43,14,4,0,172.62080640219537,31,Mobile,Basic,1
4499,50,Male,Germany,28.289740301691815,48,11,0,0,128.50260377933364,37,Desktop,Premium,1
4500,49,Female,Germany,23.78730812449693,15,2,5,4,163.54814356342075,52,Desktop,Basic,0
4501,23,Female,Germany,19.74397390753949,29,19,8,4,167.6697599346898,43,Mobile,Basic,0
4502,58,Female,UK,27.949097433157473,11,3,8,4,209.8601808443172,46,Mobile,Basic,0
4503,53,Female,Ghana,35.94349661347978,45,4,0,1,295.79362715639337,22,Desktop,Basic,0
4504,19,Male,USA,12.625950399605635,18,11,3,1,162.35739682790214,50,Desktop,Basic,0
4505,46,Female,USA,25.027183465495437,40,13,0,2,231.04153785706856,20,Mobile,Basic,0
4506,21,Male,UK,50.690960538950684,31,18,6,0,185.26182221057815,41,Desktop,Premium,1
4507,18,Male,UK,28.070232322568796,9,18,2,3,201.52904450160594,47,Mobile,Premium,0
4508,36,Female,Germany,31.51349752452347,22,19,1,0,224.23695335301537,43,Mobile,Premium,1
4509,43,Male,Ghana,48.38728813670833,11,12,7,1,296.1272859918628,5,Desktop,Premium,0
4510,42,Female,Ghana,33.194352729218,17,1,8,2,219.7876912199665,15,Desktop,Premium,0
4511,27,Male,Canada,33.42268524912488,33,6,6,3,-6.525524462822688,56,Mobile,Premium,0
4512,32,Female,Canada,20.898533259436185,11,3,5,4,184.0705571334962,2,Desktop,Premium,0
4513,39,Female,USA,33.12823386243189,39,17,9,4,325.52827023951625,12,Desktop,Basic,0
4514,38,Female,Canada,29.852029153118103,8,3,5,1,291.36664021315937,59,Mobile,Basic,0
4515,39,Female,Canada,39.24913494325172,4,1,8,2,263.25028933619956,57,Mobile,Premium,0
4516,53,Female,USA,42.773227646784484,36,3,4,0,294.3470126701542,55,Mobile,Premium,1
4517,51,Female,USA,30.30311910047504,19,4,4,1,265.92182768294737,7,Desktop,Basic,0
4518,47,Male,Canada,33.82095952184011,24,6,1,0,292.7959462963065,2,Mobile,Premium,0
4519,42,Male,Ghana,11.101256487559223,41,7,5,3,110.5997647753091,8,Mobile,Premium,0
4520,62,Male,Canada,7.6434817026198765,49,8,5,0,195.21126843891997,9,Mobile,Basic,0
4521,45,Female,Germany,40.9319218978963,18,13,5,3,211.80433546173015,58,Desktop,Basic,0
4522,18,Male,Germany,5.051030857598057,33,4,3,2,204.32373954317336,27,Desktop,Premium,0
4523,62,Female,Germany,33.273362673549975,46,6,6,1,153.8346172284017,28,Mobile,Premium,0
4524,21,Male,UK,28.263448254116327,36,11,8,0,211.70563228980623,37,Desktop,Basic,1
4525,24,Male,Germany,42.31352659618168,10,1,0,2,63.98138532950469,15,Desktop,Basic,0
4526,26,Female,Ghana,29.648247356941198,14,8,2,2,236.25328900093407,19,Mobile,Premium,0
4527,53,Male,UK,48.02253662817613,7,2,9,0,146.09703909671353,30,Desktop,Basic,0
4528,36,Male,UK,27.961015761667948,12,8,8,4,25.916742869334087,51,Desktop,Premium,0
4529,18,Male,Germany,41.46348901933905,22,9,4,4,201.32112094393779,13,Mobile,Premium,0
4530,27,Female,Canada,15.017635704960462,27,4,5,3,323.84917979108184,45,Desktop,Basic,0
4531,53,Male,USA,6.979623469127922,48,17,7,2,47.93055158319635,6,Desktop,Basic,0
4532,26,Female,Canada,29.717878397313687,37,7,8,1,180.5565026840277,30,Desktop,Premium,0
4533,62,Male,Canada,15.994036297438047,11,10,7,1,70.23113555936823,1,Desktop,Basic,0
4534,63,Male,UK,29.400735023959754,36,5,2,2,220.56433813769027,42,Desktop,Premium,0
4535,59,Male,UK,25.868044157881705,13,10,9,4,269.68329849192065,59,Mobile,Basic,0
4536,49,Male,UK,36.05143279955362,32,12,0,2,135.26075332914343,57,Mobile,Basic,0
4537,49,Female,Ghana,19.356260323235368,8,6,4,3,166.11096873871523,38,Desktop,Premium,0
4538,23,Male,Ghana,34.246539684493015,7,1,6,2,188.10540172766747,25,Mobile,Premium,0
4539,55,Female,USA,38.639493370024404,43,3,1,0,299.1526857828204,35,Mobile,Premium,1
4540,34,Female,UK,27.9429499927981,43,7,0,4,88.14627989984973,26,Mobile,Premium,0
4541,27,Male,Germany,34.7823107611148,17,11,3,0,163.68994265757343,13,Mobile,Basic,0
4542,44,Male,UK,20.214310950376916,22,12,2,0,325.656779434565,19,Desktop,Premium,0
4543,52,Female,Ghana,26.173445905284467,46,9,3,2,141.811623786305,10,Desktop,Basic,0
4544,38,Female,UK,16.57929571739505,34,1,0,2,168.43987729704833,45,Desktop,Premium,0
4545,42,Male,Ghana,53.38772531047829,20,4,1,1,214.41040799179981,7,Mobile,Basic,0
4546,45,Male,UK,42.287938789105155,8,2,0,0,386.17374648752366,15,Desktop,Basic,0
4547,64,Male,Germany,46.601192775603735,22,2,2,2,110.61013384231997,23,Mobile,Basic,0
4548,32,Male,USA,42.14438940516948,27,17,3,1,260.428749996549,36,Desktop,Premium,0
4549,21,Male,Germany,23.36840759367617,34,2,0,0,104.97657033223342,43,Desktop,Basic,1
4550,46,Female,Ghana,14.654786685741497,21,4,5,1,119.39605031588577,31,Mobile,Premium,0
4551,26,Male,Canada,25.759268909858193,15,11,1,4,158.92476056535475,8,Desktop,Premium,0
4552,44,Male,Germany,34.75306874029735,5,19,9,3,237.1874374204442,59,Mobile,Basic,0
4553,43,Female,UK,27.097472441600413,38,13,4,0,156.0206903073187,30,Desktop,Premium,0
4554,36,Male,USA,7.652063942497527,17,18,7,2,210.6331932713185,34,Mobile,Basic,0
4555,45,Male,UK,37.470749563185656,8,19,3,4,142.60027645289796,33,Mobile,Basic,0
4556,34,Female,UK,14.017900907765057,19,15,4,1,206.51905588954847,1,Mobile,Premium,0
4557,60,Male,Germany,25.776600466776134,5,12,8,3,96.18387258027926,16,Desktop,Premium,0
4558,58,Female,USA,47.437843562138006,23,11,1,0,98.17287673545479,50,Desktop,Premium,1
4559,59,Male,Canada,30.49066737988357,19,1,1,3,158.91717556944712,11,Mobile,Basic,0
4560,37,Male,UK,40.766590355676506,14,16,5,4,248.88666620756416,27,Mobile,Basic,0
4561,62,Male,USA,33.468199434211805,10,13,5,3,215.50370873052938,22,Mobile,Premium,0
4562,57,Female,Canada,19.91097612193787,31,6,2,0,138.05015416904405,40,Desktop,Premium,1
4563,56,Female,UK,37.29316730587195,13,6,8,4,109.4744432566624,19,Mobile,Basic,0
4564,40,Female,USA,29.367744607909405,22,10,0,1,282.7048348068805,44,Desktop,Premium,0
4565,64,Female,Germany,15.141695311686462,37,2,2,0,309.0594606593166,6,Desktop,Premium,0
4566,49,Male,UK,13.463372785887305,39,3,7,3,240.61795073198962,56,Desktop,Basic,0
4567,64,Female,UK,33.832692545283315,10,6,7,0,228.4434004299893,57,Mobile,Premium,1
4568,50,Female,USA,51.41345037874975,31,16,3,4,28.97609160298424,48,Desktop,Basic,0
4569,63,Female,UK,19.237463108871033,43,6,7,3,247.49115715005047,40,Mobile,Basic,0
4570,22,Male,Canada,20.430286394238188,35,13,9,1,327.0731832364588,39,Mobile,Premium,0
4571,60,Male,UK,33.97796356842273,13,4,7,2,285.7770427546525,20,Desktop,Basic,0
4572,51,Female,Ghana,16.860723538494323,30,15,0,1,281.4445339247278,3,Desktop,Premium,0
4573,57,Female,Canada,53.54048749518882,34,6,2,0,67.57410236832703,55,Mobile,Basic,1
4574,28,Male,USA,21.343290602841826,36,1,0,2,143.65502323998888,1,Desktop,Basic,0
4575,20,Female,Canada,25.010576680470656,35,9,1,4,188.41284083759027,23,Desktop,Premium,0
4576,50,Female,Ghana,21.954585158760235,47,12,3,3,143.0684114811411,38,Desktop,Basic,0
4577,28,Female,Ghana,39.347608479825695,4,11,2,3,107.20999722816347,3,Desktop,Premium,0
4578,33,Female,UK,51.62249549348843,4,13,5,4,233.529269812554,51,Mobile,Basic,0
4579,35,Male,UK,22.967557157993557,47,1,4,0,279.7393201317771,34,Desktop,Premium,1
4580,47,Male,Germany,38.66577430970269,6,19,4,1,88.28811476362283,17,Desktop,Premium,0
4581,27,Male,Canada,16.940931193140862,28,4,9,2,283.0334294832453,48,Desktop,Basic,0
4582,35,Female,Germany,39.59273919440474,30,5,6,4,217.86024400985036,27,Desktop,Basic,0
4583,55,Female,Ghana,47.58360712196892,27,17,6,0,329.8426635925034,53,Desktop,Premium,1
4584,36,Male,UK,44.52356401198965,5,5,8,0,263.58646510338247,39,Desktop,Basic,1
4585,53,Male,UK,31.328242343412178,44,19,7,2,210.39150467611148,23,Desktop,Premium,0
4586,30,Male,UK,19.671865569907073,39,3,2,4,211.01848741422063,38,Desktop,Premium,0
4587,63,Female,USA,30.007712337518065,35,11,1,1,200.1704218025324,11,Desktop,Basic,0
4588,20,Male,Ghana,26.891106928247023,39,2,0,1,345.4862322507297,15,Mobile,Premium,0
4589,27,Female,UK,25.53308560773062,44,14,9,4,248.96435505297,26,Mobile,Premium,0
4590,55,Female,Ghana,32.06549852221932,15,6,5,3,170.5612018257857,54,Desktop,Basic,0
4591,18,Male,UK,29.334535592129143,19,19,3,1,245.54232138760537,11,Desktop,Premium,0
4592,44,Male,Canada,37.078438582329404,30,1,2,3,237.28698386042566,7,Mobile,Premium,0
4593,63,Female,Ghana,37.14344714757933,38,7,1,4,166.17453202370626,47,Mobile,Premium,0
4594,25,Male,Germany,29.372014359122748,32,2,1,0,134.3881513090687,48,Desktop,Basic,1
4595,63,Male,USA,34.32257284600628,40,19,3,4,294.5563278041229,8,Mobile,Basic,0
4596,59,Female,Germany,43.21385249405341,29,1,0,0,179.00826488150167,5,Mobile,Basic,0
4597,34,Female,Ghana,24.683994456831808,6,9,5,4,174.51612087599784,17,Mobile,Basic,0
4598,26,Female,UK,30.158926419479258,26,17,9,3,246.5455014330575,23,Mobile,Premium,0
4599,23,Female,Ghana,19.716447801673816,27,10,4,3,158.57788994964335,2,Mobile,Premium,0
4600,60,Female,USA,34.79864131701902,35,6,9,4,218.29121111040848,27,Mobile,Premium,0
4601,42,Male,Ghana,31.985078012977162,28,3,8,0,169.58057883176983,21,Mobile,Premium,0
4602,56,Female,UK,34.60869596030945,5,15,1,4,-6.342431823063947,7,Mobile,Basic,0
4603,45,Female,Germany,20.111407974768227,41,6,8,0,230.90802507419184,55,Desktop,Premium,1
4604,50,Female,Canada,37.65565679897736,48,3,8,3,220.94583476033708,57,Mobile,Premium,0
4605,54,Male,Germany,31.020228709953802,16,10,9,2,228.30607481925736,53,Desktop,Basic,0
4606,26,Female,UK,40.29497828924791,41,12,8,1,33.95612042344425,38,Mobile,Basic,0
4607,35,Female,UK,25.622660683746545,18,1,9,3,91.94592228533304,26,Desktop,Premium,0
4608,38,Female,USA,36.82410556100049,13,16,9,4,293.0017159879086,30,Desktop,Premium,0
4609,19,Male,Ghana,34.450314405573074,43,17,3,4,205.9121494079234,12,Desktop,Premium,0
4610,60,Female,Ghana,45.24650865290839,25,10,4,0,48.51977057862118,48,Desktop,Premium,1
4611,55,Female,Germany,28.836901022621408,10,12,7,1,206.76720530304905,11,Mobile,Basic,0
4612,57,Female,Canada,24.45123666085304,29,19,7,3,74.41622905241941,54,Desktop,Basic,0
4613,53,Male,Canada,25.062135400216754,10,8,0,1,154.1364516970748,17,Mobile,Premium,0
4614,60,Male,USA,18.916799759941163,6,8,9,1,220.28636851257605,10,Desktop,Basic,0
4615,54,Male,UK,24.969281688144136,16,10,0,3,220.40184999556178,55,Mobile,Premium,0
4616,32,Male,USA,6.594075761581312,25,10,9,0,280.5483571530108,48,Desktop,Premium,1
4617,45,Female,Ghana,43.687662795934415,44,18,5,0,237.2217676701721,16,Mobile,Premium,0
4618,35,Female,UK,49.34047849436841,4,10,6,0,242.26204199945823,15,Mobile,Premium,0
4619,51,Male,USA,28.524146998109394,37,7,1,2,169.4823589571534,58,Desktop,Basic,0
4620,39,Male,Germany,34.381013952954945,34,4,1,1,131.96807156687203,15,Mobile,Premium,0
4621,28,Female,Ghana,31.640091088533765,19,1,4,2,203.9137785491214,55,Mobile,Basic,0
4622,30,Female,Canada,16.86940678604559,33,11,8,0,281.60740463730326,20,Desktop,Premium,0
4623,21,Male,USA,40.262595314501084,4,19,4,3,266.08520003084817,4,Mobile,Basic,0
4624,39,Male,Ghana,41.75450488837175,44,5,7,1,183.91149186871357,32,Desktop,Premium,0
4625,24,Male,Ghana,19.590163490452046,34,8,7,3,195.22868775505106,59,Desktop,Basic,0
4626,60,Male,Canada,33.29889420377964,12,2,4,4,127.80948106413044,22,Mobile,Premium,0
4627,41,Female,Canada,27.37238722141356,31,2,7,1,292.0405260452436,35,Desktop,Premium,0
4628,21,Male,Canada,41.899220062444996,16,14,7,3,329.2095651263768,14,Desktop,Premium,0
4629,45,Male,USA,29.171244443146577,2,9,4,0,235.14627537242185,30,Mobile,Basic,0
4630,32,Female,Canada,29.442070174861374,49,10,4,2,69.14508651841041,31,Mobile,Basic,0
4631,18,Female,Germany,48.208788194531834,2,13,3,3,253.87192989367918,10,Mobile,Basic,0
4632,20,Female,Ghana,17.145843591955014,36,1,0,4,332.36226458658456,6,Desktop,Premium,0
4633,31,Female,Canada,32.480504307865324,6,14,8,0,110.52040831376215,27,Desktop,Premium,0
4634,55,Female,Ghana,30.8865083157869,23,2,1,4,267.66775729440786,11,Mobile,Basic,0
4635,18,Male,UK,23.963858856189006,39,4,0,2,184.95932063458594,36,Mobile,Premium,0
4636,55,Male,UK,50.39821336219502,47,19,5,4,299.5076180606193,10,Mobile,Premium,0
4637,55,Male,Canada,33.36548689785552,44,1,4,3,107.37825530358998,16,Mobile,Basic,0
4638,38,Female,Ghana,36.71773094612724,37,4,0,3,165.3066240731515,24,Mobile,Basic,0
4639,46,Male,UK,38.14603983310634,46,11,6,0,74.56625159082911,21,Mobile,Premium,0
4640,22,Female,Canada,26.791456685779778,16,13,6,2,227.16296649698154,40,Mobile,Basic,0
4641,27,Male,Ghana,42.417642496103674,43,18,2,2,244.24818005113687,41,Mobile,Premium,0
4642,45,Male,Canada,40.405344452735534,44,10,7,1,227.5174294805241,36,Mobile,Premium,0
4643,38,Female,Ghana,28.778996098698496,19,5,5,1,158.74233931504654,49,Mobile,Premium,0
4644,24,Female,UK,39.38266809658275,49,1,3,3,164.8468952182783,42,Desktop,Basic,0
4645,20,Male,Canada,42.39935905634761,24,14,9,4,173.82375996865042,55,Desktop,Premium,0
4646,62,Male,UK,37.950950697290466,27,16,9,4,270.8251670697317,45,Desktop,Basic,0
4647,64,Male,Canada,21.6478040933684,7,18,9,0,83.7889751747687,23,Mobile,Basic,0
4648,37,Male,USA,29.07645273814999,30,3,2,2,172.75529776018763,21,Mobile,Basic,0
4649,36,Male,UK,34.75370433853584,41,3,0,3,82.21388200497134,32,Desktop,Premium,0
4650,52,Female,UK,32.52120501652735,14,4,1,4,167.26135408754547,53,Desktop,Basic,0
4651,21,Female,Germany,22.54827195194839,44,7,1,1,198.86212833545008,17,Desktop,Premium,0
4652,22,Female,UK,27.134365676685448,15,13,4,3,368.03687271604156,51,Mobile,Premium,0
4653,18,Female,Ghana,33.518666199738206,12,9,3,0,146.58305007320106,17,Mobile,Basic,0
4654,21,Male,Canada,14.907854145033252,29,3,1,3,282.16561981840994,55,Desktop,Basic,0
4655,29,Male,USA,30.193301946077693,23,17,8,4,63.1725386592621,21,Mobile,Basic,0
4656,44,Female,Ghana,36.96644724633854,13,15,6,0,203.18347613124047,4,Desktop,Premium,0
4657,59,Male,Ghana,32.829380354608695,9,10,7,1,203.01004355198612,23,Desktop,Premium,0
4658,40,Female,Ghana,21.425212905721857,24,15,7,1,259.61913102893345,25,Desktop,Basic,0
4659,42,Male,Ghana,23.18487762038545,39,1,1,4,156.30344418856606,32,Mobile,Premium,0
4660,38,Male,USA,44.869952326661135,30,10,4,0,137.20771163123834,6,Desktop,Basic,0
4661,41,Male,Germany,20.623531965933466,1,7,2,1,33.59172404214664,14,Mobile,Premium,0
4662,42,Female,UK,41.85667839725399,10,7,9,0,226.4838149909573,41,Desktop,Premium,1
4663,62,Female,Ghana,23.786847148172736,38,3,8,3,148.63526703727734,38,Desktop,Basic,0
4664,63,Female,UK,41.30174106039233,47,7,8,2,282.0347945019673,42,Mobile,Basic,0
4665,49,Female,UK,35.41103971290018,15,9,5,2,240.94185700963249,57,Mobile,Premium,0
4666,49,Male,Ghana,26.519570336154345,9,8,3,2,294.8397128762118,38,Desktop,Premium,0
4667,22,Male,Germany,12.334697656577951,13,3,7,1,130.11735512021855,41,Mobile,Basic,0
4668,53,Male,UK,33.985677009897906,23,5,4,4,216.36168708122727,45,Desktop,Premium,0
4669,63,Male,Canada,31.815631366352903,33,13,2,2,215.19641796686952,16,Desktop,Basic,0
4670,59,Female,UK,34.13912778898585,9,13,7,4,160.31088104308606,32,Mobile,Basic,0
4671,59,Male,Ghana,35.39401490172213,3,8,5,2,298.4293736288181,16,Desktop,Premium,0
4672,56,Male,USA,16.85872937925704,30,18,4,3,262.50692989612793,19,Desktop,Basic,0
4673,33,Male,UK,33.93271806911536,9,7,0,2,362.4591575896085,37,Desktop,Basic,0
4674,50,Female,Germany,37.42540674600384,25,10,2,4,255.5723571473157,43,Desktop,Basic,0
4675,38,Female,Canada,37.30742687833868,47,10,6,1,349.51082583160485,21,Desktop,Basic,0
4676,26,Female,Canada,17.46943376157541,24,11,2,3,347.69096014629156,15,Desktop,Basic,0
4677,23,Male,USA,41.54298747043254,32,12,0,4,160.6761513003819,26,Desktop,Basic,0
4678,62,Female,USA,34.28699489013452,7,13,7,0,82.43638520648454,30,Mobile,Premium,0
4679,52,Male,UK,35.555479727542746,36,8,6,2,334.9268968292066,40,Mobile,Basic,0
4680,56,Male,Ghana,21.04299939884948,25,17,4,3,255.50584547071824,15,Desktop,Basic,0
4681,39,Male,Germany,37.57092184360496,20,14,9,1,241.70197898288592,43,Desktop,Basic,0
4682,58,Female,Canada,12.760859521699608,17,17,4,0,164.10816274891408,13,Mobile,Premium,0
4683,22,Female,USA,21.518031285954706,36,19,5,2,231.77210963207924,27,Desktop,Basic,0
4684,59,Male,Germany,42.66584282532712,26,16,6,3,281.3644536467706,23,Mobile,Premium,0
4685,40,Male,Ghana,37.08594437977017,19,9,2,4,252.68690757253088,34,Mobile,Basic,0
4686,34,Female,Canada,32.91508088496095,37,10,3,2,150.8941261023542,59,Mobile,Basic,0
4687,29,Female,Canada,39.437138772259246,48,9,0,3,323.3879162690117,34,Desktop,Premium,0
4688,40,Female,Ghana,40.13192673947147,3,1,6,2,209.98626746278507,23,Desktop,Basic,0
4689,33,Male,Canada,37.57915178147584,43,3,9,3,254.33463639253108,58,Mobile,Basic,0
4690,20,Male,Ghana,27.82572054223798,28,11,1,4,267.2462433670781,44,Mobile,Premium,0
4691,47,Male,Canada,21.21953459534309,22,7,6,2,370.5383377009074,58,Desktop,Basic,0
4692,39,Female,UK,23.365870757387622,47,18,5,3,233.15706817290135,20,Desktop,Basic,0
4693,26,Female,Ghana,44.105877210281534,19,13,3,0,195.81843999760017,54,Mobile,Basic,1
4694,46,Female,Germany,17.245013829400452,46,18,1,1,353.0970073605321,9,Mobile,Basic,0
4695,64,Male,UK,34.908234041459544,16,16,6,3,288.63946458308556,58,Mobile,Premium,0
4696,54,Male,Germany,34.92359124975991,6,16,6,3,224.48685691395332,59,Desktop,Basic,0
4697,40,Female,Canada,44.680571331629565,37,10,4,3,219.44648261370992,20,Desktop,Basic,0
4698,30,Male,Germany,34.895591411871195,31,9,8,2,43.196001380717036,47,Mobile,Basic,0
4699,49,Female,UK,25.767762672331763,49,8,2,1,193.0024261577563,39,Desktop,Premium,0
4700,63,Male,Ghana,25.92524412622099,48,19,8,2,87.80508604806198,57,Desktop,Premium,0
4701,64,Female,USA,29.942193825310593,34,3,4,3,-13.574429333129672,14,Mobile,Basic,0
4702,40,Male,Germany,41.32669253330043,31,9,1,3,152.32362583820162,49,Desktop,Basic,0
4703,62,Male,USA,38.065198587493,11,2,8,1,89.48363187531682,26,Desktop,Premium,0
4704,34,Female,Germany,19.1428869910974,36,19,0,0,171.59210539745442,27,Mobile,Basic,0
4705,57,Female,Germany,32.786628253048534,6,8,0,2,224.64482875097218,34,Mobile,Basic,0
4706,38,Female,Ghana,38.2526343397569,27,18,6,0,240.73234372911912,29,Desktop,Basic,0
4707,19,Female,Canada,27.628246144108314,7,8,2,3,191.25692923978994,32,Desktop,Basic,0
4708,54,Female,UK,8.400255732184107,49,5,7,3,96.89672026316344,41,Mobile,Premium,0
4709,23,Male,UK,28.035268830561055,32,6,6,4,190.30818697779898,45,Desktop,Premium,0
4710,61,Female,UK,15.148502997369242,8,10,6,4,114.74065146576271,5,Mobile,Premium,0
4711,35,Female,Canada,13.565450560033689,33,15,0,0,312.2691906644088,4,Mobile,Premium,0
4712,47,Female,USA,40.651658990299445,47,4,0,4,188.18972655613095,23,Mobile,Basic,0
4713,39,Male,UK,55.21030626028634,44,3,1,1,108.86553883820585,21,Desktop,Basic,0
4714,50,Female,USA,43.64285453747127,15,9,1,0,115.91856441977359,33,Mobile,Premium,1
4715,47,Female,Canada,3.8940699717731846,27,16,4,4,200.55548478029783,41,Desktop,Premium,0
4716,34,Female,Canada,28.269873094514935,30,16,8,4,204.6523822039746,24,Mobile,Basic,0
4717,60,Male,Ghana,24.103115931107183,22,15,6,1,184.517744754029,16,Mobile,Basic,0
4718,49,Male,UK,15.290776696168557,47,9,1,1,279.5035110755273,32,Desktop,Basic,0
4719,59,Female,Ghana,34.648587430891844,29,17,4,0,123.06778857930519,19,Mobile,Basic,0
4720,31,Male,UK,28.152062550074188,41,12,4,2,280.287871352886,26,Mobile,Basic,0
4721,27,Female,Canada,18.35910410421393,48,8,7,1,192.4837066705876,3,Desktop,Premium,0
4722,64,Male,Canada,9.4365475621047,30,14,8,4,269.0043512421813,35,Desktop,Basic,0
4723,53,Female,Germany,23.910838704950464,2,18,7,0,149.95396445599468,39,Mobile,Basic,1
4724,51,Male,Germany,30.079070447739486,15,12,1,2,262.2494185608502,18,Mobile,Premium,0
4725,26,Female,Canada,28.81583213042524,47,14,3,0,135.44074352643128,57,Desktop,Basic,1
4726,59,Female,Canada,40.627823352082125,27,5,1,4,331.7876643203144,52,Mobile,Basic,0
4727,45,Male,USA,33.379840331332126,7,1,5,2,193.60134768090677,7,Mobile,Basic,0
4728,28,Female,USA,26.553712904872288,27,13,3,2,165.5351645141628,32,Mobile,Premium,0
4729,31,Female,Ghana,21.82772410937823,21,14,6,1,106.10259307804107,24,Desktop,Basic,0
4730,56,Female,Germany,12.29073442061242,13,2,1,3,213.48760687640595,16,Desktop,Basic,0
4731,64,Female,Germany,19.087241398401304,17,16,8,4,188.10952640130347,53,Desktop,Basic,0
4732,36,Male,Canada,43.58320811086307,11,5,4,3,93.03579402345697,24,Desktop,Basic,0
4733,32,Female,Canada,38.64672970924968,10,1,0,4,141.09294104473545,4,Mobile,Premium,0
4734,45,Male,Ghana,32.88768233744791,33,12,2,0,43.66496438792467,45,Desktop,Basic,1
4735,41,Male,Germany,25.059307089523884,14,19,3,3,109.62504927654072,32,Desktop,Basic,0
4736,25,Male,USA,42.41019788582763,37,10,2,2,190.16386976274308,42,Desktop,Basic,0
4737,60,Male,UK,19.888836203662486,8,12,5,1,228.28813861649195,34,Desktop,Basic,0
4738,26,Female,Ghana,20.00320426796631,33,19,5,4,174.097333579537,19,Mobile,Premium,0
4739,64,Female,UK,29.065225116757897,7,16,9,1,237.72529018033654,14,Desktop,Premium,0
4740,50,Male,USA,8.16861022491441,34,17,6,4,123.30960750972187,38,Desktop,Basic,0
4741,50,Female,USA,19.605232383779175,7,13,8,2,235.50082516972378,58,Mobile,Basic,0
4742,36,Male,UK,27.637713063976985,7,7,9,2,193.8229496863472,13,Mobile,Premium,0
4743,20,Female,Ghana,25.387660047190955,41,3,8,2,183.51930995244226,22,Desktop,Premium,0
4744,27,Female,UK,20.117449988232288,36,5,6,2,199.7151051302678,31,Desktop,Basic,0
4745,57,Female,Ghana,50.35396933203211,7,4,0,2,152.0595075536683,44,Desktop,Premium,0
4746,64,Male,Ghana,43.63260240253382,20,15,2,1,77.24963014133564,44,Mobile,Basic,0
4747,59,Male,Canada,47.14601583534193,18,17,4,0,116.38617546659228,30,Desktop,Premium,0
4748,18,Female,Germany,29.009557068736378,45,12,9,3,87.05324067888868,23,Mobile,Basic,0
4749,46,Male,Germany,25.114140116589034,43,14,5,1,181.77145682230994,12,Mobile,Premium,0
4750,51,Male,USA,46.01663457669185,41,4,5,3,254.61668312742967,43,Mobile,Basic,0
4751,30,Female,Canada,30.852063619556368,14,17,4,0,318.6910166040267,14,Mobile,Basic,0
4752,18,Male,Germany,19.39510310732047,40,11,5,4,163.10586237067866,36,Desktop,Premium,0
4753,51,Female,Ghana,20.089691458732958,14,6,8,0,187.13771022614753,45,Mobile,Premium,1
4754,46,Female,Ghana,26.755722914471466,21,4,0,0,350.6082707195431,8,Desktop,Premium,0
4755,64,Female,UK,29.77979491625391,49,13,0,4,167.7819075350592,24,Mobile,Basic,0
4756,30,Male,UK,30.8146102820238,27,15,8,3,149.86375367619866,59,Desktop,Premium,0
4757,46,Female,Ghana,28.164153130301592,46,18,7,2,189.56782156379822,55,Desktop,Premium,0
4758,56,Female,Ghana,53.39604152656419,26,17,8,4,166.04053085447583,3,Desktop,Basic,0
4759,41,Male,UK,16.468790019958767,27,19,6,4,145.71566028003042,14,Mobile,Basic,0
4760,43,Male,Germany,36.727112604086436,24,10,9,0,87.37928327737876,51,Mobile,Premium,1
4761,34,Male,USA,25.22547272770583,5,5,5,4,327.41008937535616,50,Desktop,Basic,0
4762,24,Male,UK,29.612145110252484,42,12,8,1,244.05705464967673,11,Mobile,Premium,0
4763,30,Female,Germany,39.40495428243029,38,15,1,2,329.3161100806318,45,Desktop,Basic,0
4764,22,Male,Germany,12.172512160830674,28,4,3,0,276.3757996030898,55,Mobile,Basic,1
4765,43,Male,Germany,20.541297565546678,42,8,1,3,201.24807252861595,38,Mobile,Premium,0
4766,20,Male,Canada,28.663406146171834,43,17,5,3,66.39009267024215,28,Mobile,Premium,0
4767,24,Male,Canada,44.76251774849498,32,6,0,3,127.2706545057754,23,Desktop,Basic,0
4768,56,Female,Germany,44.70979709114592,24,16,6,3,172.1071595779217,18,Desktop,Premium,0
4769,18,Male,Ghana,42.77301437998445,6,5,6,3,122.88884759571468,20,Mobile,Premium,0
4770,34,Female,Canada,8.066121915871985,10,14,6,0,54.43030575256819,33,Desktop,Premium,1
4771,60,Male,UK,19.50230830722799,46,2,3,1,128.7274876466007,2,Mobile,Premium,0
4772,42,Female,Canada,19.913648696476116,3,17,7,1,184.4743612411051,39,Desktop,Premium,0
4773,20,Female,Ghana,29.447647547783237,7,6,4,3,327.1935698094957,37,Desktop,Premium,0
4774,32,Male,USA,11.469734675244805,29,11,1,1,146.15042472203646,26,Desktop,Basic,0
4775,46,Female,Canada,40.97896536733326,34,2,4,2,252.4290497019886,51,Mobile,Premium,0
4776,60,Male,Germany,10.056124250588255,7,1,9,1,121.85877652469836,2,Desktop,Premium,0
4777,49,Female,Germany,40.325259430539425,17,5,8,4,182.04742909110746,3,Mobile,Premium,0
4778,43,Female,Germany,38.70838801322016,13,8,9,3,197.24989859896405,20,Mobile,Premium,0
4779,33,Female,USA,19.05614998627773,21,4,0,4,328.01191454272634,10,Mobile,Basic,0
4780,42,Male,Ghana,42.61954578413693,31,19,1,4,-13.622203715052905,42,Desktop,Basic,0
4781,45,Female,UK,26.66789345385078,9,5,9,3,135.08912479796257,21,Desktop,Premium,0
4782,26,Male,Ghana,24.073010090297092,45,5,7,0,219.75307184538832,40,Mobile,Premium,1
4783,18,Female,USA,25.785524902356343,47,16,4,1,233.44167893324203,9,Desktop,Basic,0
4784,46,Female,Germany,26.643174680068462,13,18,8,2,105.83351186327582,2,Mobile,Premium,0
4785,39,Female,Ghana,27.5632603490859,17,11,5,0,196.91827535344962,28,Mobile,Premium,0
4786,33,Female,UK,27.790266780274493,8,17,7,2,201.0282455324483,3,Mobile,Basic,0
4787,58,Female,Germany,21.096840873471905,9,3,0,3,317.72646229746715,16,Desktop,Premium,0
4788,61,Female,UK,23.41803942278341,9,18,8,1,216.67582936194563,4,Desktop,Premium,0
4789,58,Male,Canada,24.283975233569844,40,4,8,0,188.65584229440378,23,Desktop,Basic,0
4790,24,Male,UK,46.72730316293359,48,19,2,3,143.70207410985043,30,Mobile,Premium,0
4791,31,Male,Germany,24.28847486091575,30,9,0,0,248.60997766723023,38,Desktop,Premium,1
4792,46,Female,Canada,23.64635517407518,7,5,7,4,179.61328515912703,13,Mobile,Basic,0
4793,36,Male,Germany,45.16328805355596,17,4,7,1,154.67120577446798,6,Mobile,Basic,0
4794,36,Female,Germany,26.779911431462182,39,16,8,1,121.59088824713211,10,Desktop,Basic,0
4795,19,Male,Canada,21.097682728409367,38,10,5,3,176.2498445294544,55,Desktop,Premium,0
4796,58,Male,UK,18.930427344191482,5,9,8,3,255.88018531567334,17,Mobile,Basic,0
4797,62,Female,USA,15.79839564819224,17,16,9,3,158.95453562706223,8,Mobile,Premium,0
4798,32,Female,USA,35.41184974451444,40,17,8,1,202.75539105702086,9,Desktop,Premium,0
4799,20,Male,USA,11.956492289110365,1,18,3,4,155.44565756827365,34,Desktop,Basic,0
4800,28,Male,USA,43.46337706351362,16,15,4,1,213.63282322707914,17,Mobile,Premium,0
4801,63,Male,Ghana,29.086686609368684,17,9,5,3,206.66197036118376,52,Desktop,Premium,0
4802,47,Male,USA,25.62925617220555,30,6,5,2,137.02523751829816,43,Desktop,Basic,0
4803,57,Female,Canada,27.71644461315047,31,6,9,4,266.5477739697104,50,Mobile,Basic,0
4804,35,Male,USA,34.63056654946128,35,11,1,1,83.51211273903259,22,Desktop,Premium,0
4805,19,Female,Germany,25.30160966249386,45,3,3,2,290.81854377924316,3,Mobile,Premium,0
4806,49,Female,USA,28.0822828810827,8,12,8,4,226.3329732485844,41,Desktop,Premium,0
4807,25,Male,UK,40.53079813592116,48,15,6,1,247.030424262988,40,Mobile,Premium,0
4808,39,Female,Canada,33.46905639403201,30,7,8,3,67.94934270544945,29,Mobile,Basic,0
4809,23,Male,Canada,17.50038140604117,39,18,5,1,195.9182270626302,39,Desktop,Premium,0
4810,29,Female,Ghana,22.92251665578114,21,15,6,4,322.69777939036874,27,Desktop,Premium,0
4811,64,Female,Germany,12.185833499667492,15,8,8,3,188.37413721529848,39,Desktop,Premium,0
4812,57,Male,Canada,36.152465695088786,34,9,3,0,210.425196029163,55,Desktop,Basic,1
4813,53,Female,UK,37.21999841780826,27,15,8,2,108.46745126853399,53,Mobile,Basic,0
4814,32,Female,USA,20.656345001240332,2,16,2,3,84.87401958014233,40,Desktop,Basic,0
4815,45,Male,Canada,53.048523398229555,10,3,7,3,218.43076689963542,52,Desktop,Premium,0
4816,62,Female,UK,54.37886057011667,5,5,2,4,145.7534239694512,37,Mobile,Premium,0
4817,35,Female,USA,30.22809533263159,27,3,2,4,155.69795295124607,3,Mobile,Premium,0
4818,19,Male,Ghana,22.026324488999457,4,2,2,2,205.05526612440056,19,Mobile,Premium,0
4819,30,Male,Canada,32.73801189431642,47,2,8,4,254.90938513791164,34,Desktop,Premium,0
4820,62,Female,Canada,21.789680600523308,13,4,9,3,242.0572711571111,14,Mobile,Premium,0
4821,32,Female,UK,39.50032296167015,17,3,2,2,207.97247608758727,21,Desktop,Premium,0
4822,37,Female,Germany,31.66359256027982,21,9,5,2,270.9700702598423,2,Mobile,Premium,0
4823,46,Male,Ghana,32.38273666986708,23,12,3,1,283.5132068034868,10,Desktop,Basic,0
4824,59,Female,Germany,47.59165805470218,33,9,1,3,189.47141141430117,52,Mobile,Basic,0
4825,46,Female,Canada,23.80976673775422,15,19,2,3,333.4647452579288,42,Mobile,Basic,0
4826,20,Female,Germany,24.210091081443515,14,12,4,4,113.02025601655538,17,Desktop,Premium,0
4827,36,Female,USA,38.58370459415397,9,16,9,3,77.35895109436325,2,Desktop,Basic,0
4828,20,Female,Ghana,25.78002623266579,44,1,3,4,310.6716978090786,27,Desktop,Basic,0
4829,31,Female,Germany,46.03831421861416,37,10,4,3,143.99454639844987,1,Mobile,Basic,0
4830,57,Male,USA,40.0049663649056,30,10,0,1,-13.798648292167826,50,Desktop,Premium,0
4831,21,Male,UK,26.28638892934841,29,4,3,3,173.92831929823942,36,Mobile,Premium,0
4832,28,Female,Germany,11.884331681861042,23,11,9,1,298.29333979381704,33,Desktop,Premium,0
4833,48,Female,Ghana,15.47756454041691,34,11,2,3,175.40225360114158,22,Desktop,Basic,0
4834,60,Male,USA,25.182339387575464,7,11,1,3,57.982261023230535,49,Mobile,Basic,0
4835,49,Male,Germany,34.04709868589722,9,6,6,0,176.83143119913888,35,Mobile,Basic,1
4836,44,Male,UK,41.02277108301677,4,15,9,3,185.1448838611974,34,Desktop,Basic,0
4837,47,Female,Germany,27.82712400450903,2,2,8,1,173.1136829322584,18,Mobile,Premium,0
4838,60,Female,USA,21.111117329754904,27,3,0,2,142.47108509307398,36,Desktop,Premium,0
4839,19,Female,Germany,28.59258199326719,33,5,6,1,146.26437137752959,57,Desktop,Basic,0
4840,26,Female,Ghana,30.20369351110326,32,11,0,3,258.21867988735477,3,Desktop,Premium,0
4841,45,Male,Canada,43.04945317382969,44,12,4,4,153.60968521427017,44,Desktop,Premium,0
4842,48,Male,USA,42.494241917968836,45,3,0,0,212.913096220355,54,Desktop,Basic,1
4843,51,Male,USA,19.980978231575556,46,9,2,4,212.6276058643127,16,Desktop,Basic,0
4844,32,Male,USA,34.54091798270381,37,3,7,0,150.6983066780354,11,Desktop,Premium,0
4845,42,Female,USA,21.461539245582898,27,2,3,0,139.80854887683992,10,Desktop,Premium,0
4846,53,Female,Germany,21.743981365682714,28,6,0,4,205.5960835318001,51,Desktop,Basic,0
4847,25,Male,Ghana,40.38675513096457,3,6,0,3,67.81628399131677,42,Desktop,Premium,0
4848,26,Male,UK,28.006925277329803,36,17,7,1,359.5093427813428,21,Desktop,Basic,0
4849,54,Male,Ghana,36.39861734574514,49,8,7,4,154.18336033714436,25,Mobile,Premium,0
4850,62,Male,USA,35.34734656037554,43,1,3,2,168.7497180312841,35,Mobile,Basic,0
4851,56,Male,Germany,29.20514623190669,8,8,3,0,258.9261016370108,56,Desktop,Premium,1
4852,49,Female,Germany,33.32987732511381,44,15,9,1,186.41574444860794,6,Desktop,Premium,0
4853,34,Female,USA,32.038534087255535,41,18,1,2,166.59471527887138,46,Desktop,Basic,0
4854,52,Male,Germany,18.495502133679658,37,13,1,1,93.01417435435019,44,Desktop,Basic,0
4855,54,Male,USA,34.873255875857254,49,8,5,3,208.1524920871572,8,Mobile,Premium,0
4856,36,Male,Ghana,22.94002495135966,45,18,7,2,156.25301685643305,34,Mobile,Premium,0
4857,61,Female,Canada,19.309052757875342,38,13,6,4,366.5068860279344,41,Mobile,Premium,0
4858,46,Female,Germany,38.546434223428236,22,14,6,1,183.57500897311886,46,Desktop,Basic,0
4859,24,Female,USA,24.086806936031792,14,15,2,4,18.645142763668076,1,Mobile,Basic,0
4860,45,Male,USA,41.10688129600024,15,6,1,4,276.0137230881435,3,Mobile,Basic,0
4861,26,Female,Germany,40.98359748534148,46,1,9,1,119.99786235518317,52,Mobile,Basic,0
4862,45,Male,UK,25.232489579066893,4,7,6,1,208.50092485361313,38,Mobile,Premium,0
4863,23,Female,USA,40.68340942023265,18,1,3,0,312.39040645425064,27,Mobile,Basic,0
4864,46,Female,Germany,26.106748196281735,1,15,0,0,175.2956921377064,52,Desktop,Basic,1
4865,34,Female,USA,29.31610238408913,12,6,0,2,183.62243950254205,13,Mobile,Premium,0
4866,33,Male,UK,34.937860006997255,41,5,3,2,274.77248254380976,43,Mobile,Premium,0
4867,40,Male,Canada,50.39396413397178,42,12,4,2,314.0459126532986,47,Mobile,Premium,0
4868,48,Female,UK,39.40897146184899,17,3,4,0,189.01416553811183,50,Desktop,Basic,1
4869,20,Male,Ghana,29.422104468308447,19,14,0,4,361.808657688483,19,Mobile,Premium,0
4870,38,Male,Germany,31.03302356169224,36,6,2,3,60.9147057821323,19,Mobile,Basic,0
4871,43,Male,UK,14.168775672809748,48,4,5,3,127.78781682197531,6,Desktop,Premium,0
4872,53,Male,Canada,40.04801500901138,7,15,9,1,161.7954558675235,47,Desktop,Basic,0
4873,59,Male,USA,38.97336745704938,9,17,6,0,284.5201268246538,53,Mobile,Premium,1
4874,54,Male,Germany,32.83492306370685,8,5,0,1,218.43723897273625,14,Mobile,Basic,0
4875,39,Male,UK,37.17756139736887,25,6,7,3,145.99735285193722,5,Mobile,Basic,0
4876,59,Female,Canada,9.748123993877886,7,10,3,1,109.92390541683115,43,Desktop,Premium,0
4877,29,Male,UK,19.182343833575292,42,9,8,0,80.51606255491608,52,Desktop,Basic,1
4878,59,Male,Ghana,48.0147361459218,8,4,5,0,241.29563604332762,45,Mobile,Basic,1
4879,30,Female,Germany,27.422726675676504,24,9,0,0,168.84754746049032,45,Mobile,Basic,1
4880,28,Female,USA,37.57432967439632,17,8,1,3,281.149361621159,36,Mobile,Premium,0
4881,33,Female,Canada,22.533604383427736,12,3,2,0,85.31640888923043,9,Mobile,Premium,0
4882,25,Female,UK,25.578323346578408,46,1,1,2,234.17479805690064,23,Mobile,Premium,0
4883,57,Male,Germany,48.546827809323105,31,5,9,2,196.60413231175772,32,Mobile,Premium,0
4884,57,Female,UK,28.425481810135977,12,3,6,0,150.91593077867932,29,Mobile,Basic,0
4885,62,Female,Germany,35.2356007453804,2,4,0,2,156.7213571778225,45,Mobile,Premium,0
4886,19,Male,Ghana,31.304557914977195,12,19,8,0,208.23488806205256,28,Desktop,Basic,0
4887,47,Male,UK,32.46417173122617,27,15,1,3,197.47870184244226,40,Mobile,Premium,0
4888,47,Male,Ghana,32.122271956086244,46,19,3,2,128.66885438779985,52,Mobile,Basic,0
4889,29,Female,Canada,10.223967297011065,7,16,7,3,241.2485122012382,11,Desktop,Premium,0
4890,27,Male,Ghana,34.77065866758261,13,8,2,2,296.4050171111766,19,Desktop,Basic,0
4891,61,Female,Germany,24.62370604514104,36,14,8,4,180.48770875295105,1,Desktop,Premium,0
4892,28,Male,Canada,47.795671722619446,1,5,6,4,246.5337234368751,9,Mobile,Premium,0
4893,32,Male,UK,22.273597563077868,49,1,9,3,187.2478105937227,57,Mobile,Basic,0
4894,33,Female,UK,25.283986464827656,35,19,2,2,392.82025481866276,2,Mobile,Premium,0
4895,34,Male,Germany,54.46113995560367,30,5,2,4,201.1106134257435,4,Desktop,Basic,0
4896,43,Male,USA,37.2340487537406,31,3,4,0,256.1142690797045,29,Mobile,Basic,0
4897,19,Male,USA,20.16580992443366,17,17,4,1,293.38113572682335,4,Mobile,Premium,0
4898,29,Male,UK,31.764111593722525,8,7,9,4,148.73219468900146,1,Mobile,Premium,0
4899,43,Male,Germany,17.796058684359167,3,17,4,4,256.47966067111435,28,Mobile,Basic,0
4900,40,Female,USA,32.57586694132338,10,13,8,0,268.9896297697371,18,Desktop,Premium,0
4901,35,Female,Ghana,21.956215573299968,34,14,8,4,234.38918384080608,46,Mobile,Basic,0
4902,49,Male,UK,48.64848465370411,22,12,5,4,261.0564227894215,13,Mobile,Premium,0
4903,55,Female,Ghana,34.20884473931714,4,11,6,4,148.1500943047878,40,Mobile,Premium,0
4904,64,Female,Germany,35.27552183517136,32,1,9,2,371.7834243190374,6,Mobile,Basic,0
4905,20,Female,Ghana,39.49751326875888,29,3,7,4,8.125577084675257,49,Desktop,Basic,0
4906,55,Male,USA,40.616231471998795,46,12,8,1,132.70331688811677,55,Mobile,Premium,0
4907,20,Male,USA,23.109300657513614,11,9,5,2,92.98311791479065,43,Desktop,Premium,0
4908,47,Male,Canada,30.94968737055748,46,2,7,2,337.83194308948896,47,Mobile,Premium,0
4909,18,Female,UK,25.54520896897219,13,14,1,3,189.523041363462,39,Mobile,Premium,0
4910,47,Female,Germany,50.9407309585432,4,5,9,4,124.42647947073917,22,Desktop,Basic,0
4911,62,Male,UK,7.147349780932018,2,3,7,1,151.55248903248088,30,Desktop,Basic,0
4912,49,Male,Ghana,24.248899832437534,34,12,1,1,78.0085168062918,27,Mobile,Premium,0
4913,45,Female,Germany,29.200385848925507,43,12,7,3,250.19293011313593,8,Desktop,Basic,0
4914,38,Female,Germany,31.369359051026503,22,7,1,1,258.2415751849712,43,Mobile,Premium,0
4915,63,Male,USA,31.165188011737907,5,1,2,2,224.2836351065073,28,Mobile,Premium,0
4916,30,Female,Ghana,29.538481377578403,9,3,6,0,142.7251013773759,53,Desktop,Premium,1
4917,44,Female,USA,28.375820148105507,20,11,8,2,322.0883457383692,2,Mobile,Basic,0
4918,53,Female,USA,32.4129696856154,21,13,2,0,262.5490642006113,20,Mobile,Basic,0
4919,24,Female,Canada,34.61502999510503,17,10,4,1,60.4281546572044,11,Desktop,Basic,0
4920,39,Female,USA,47.90708877555942,12,19,8,4,184.4956116969177,14,Desktop,Basic,0
4921,27,Female,UK,47.818603035509774,28,4,6,0,107.45313351551431,24,Mobile,Premium,0
4922,56,Female,Germany,33.00996860103188,18,5,1,2,317.7525746203877,13,Mobile,Premium,0
4923,32,Male,USA,25.046544131199354,3,11,4,2,164.12750512250372,8,Mobile,Basic,0
4924,32,Male,UK,25.746127391152505,5,9,4,2,89.66015330290719,44,Desktop,Premium,0
4925,21,Female,Ghana,16.859083344087512,14,13,8,2,188.30574165090786,21,Mobile,Basic,0
4926,49,Female,Germany,39.532344349698434,48,17,1,3,327.1851311407107,22,Mobile,Basic,0
4927,40,Female,Ghana,29.552653209006113,26,15,0,1,269.1581789996249,9,Desktop,Basic,0
4928,23,Male,UK,34.3726159219176,19,13,3,4,158.29366660345195,58,Mobile,Basic,0
4929,41,Male,Ghana,33.33747317181942,41,11,3,3,186.07856354761583,58,Desktop,Premium,0
4930,37,Female,Ghana,23.023795891981983,17,1,0,1,279.5964496779181,42,Desktop,Premium,0
4931,54,Male,Ghana,21.789178535139687,39,8,9,0,311.5722549595831,43,Mobile,Premium,1
4932,37,Female,USA,25.47087507026333,42,5,6,3,75.94080982321756,11,Desktop,Basic,0
4933,29,Female,USA,34.857263267969465,4,16,1,3,212.28786676969372,16,Mobile,Basic,0
4934,50,Female,USA,29.192483294587344,42,4,8,3,171.61059278172758,50,Mobile,Premium,0
4935,45,Female,Germany,12.34689675685162,35,19,6,3,160.994184140477,53,Desktop,Premium,0
4936,25,Female,UK,19.758539688155043,24,18,6,0,307.3621808629448,9,Desktop,Basic,0
4937,18,Female,USA,27.326281558684634,41,2,0,2,91.60155978477052,3,Desktop,Premium,0
4938,54,Female,Ghana,29.695896315692252,13,13,8,3,264.40166358062913,54,Mobile,Basic,0
4939,39,Male,Ghana,35.15479365964998,33,16,9,1,17.43266025761551,36,Mobile,Basic,0
4940,23,Female,Ghana,30.39260969030529,15,8,8,2,141.98942075831047,52,Desktop,Premium,0
4941,38,Male,Ghana,26.372876916125,15,19,1,0,202.70009227664318,51,Mobile,Premium,1
4942,49,Female,Canada,26.029136730375868,31,3,9,4,95.10385605505574,42,Desktop,Basic,0
4943,52,Female,Germany,32.01462543843543,43,19,8,0,376.3032669416771,13,Mobile,Premium,0
4944,32,Male,UK,34.18048968421386,28,17,1,4,142.61836206173902,1,Mobile,Basic,0
4945,22,Male,UK,26.70197321804562,10,9,1,1,136.1850353375442,44,Mobile,Premium,0
4946,63,Female,USA,19.223059109057935,7,17,7,4,144.51430035278554,11,Mobile,Basic,0
4947,23,Male,Canada,29.01394591773131,33,1,2,3,246.69198729469664,24,Desktop,Basic,0
4948,42,Female,UK,23.50138420801798,7,4,2,2,272.5912882509916,5,Mobile,Basic,0
4949,63,Female,Germany,32.875802993564704,5,15,6,2,164.942685410091,2,Desktop,Premium,0
4950,57,Male,Ghana,44.807476867248035,26,12,9,3,225.33201253412443,17,Mobile,Premium,0
4951,46,Male,USA,16.484357430777266,16,17,5,2,231.55886868451648,17,Mobile,Premium,0
4952,24,Male,Germany,41.50696696696524,8,12,6,0,84.697182102174,20,Desktop,Premium,0
4953,57,Male,UK,34.69039593447465,22,16,5,3,190.4722996141016,15,Mobile,Premium,0
4954,30,Female,Canada,41.02840710733545,34,13,8,3,149.55557870442755,4,Desktop,Premium,0
4955,55,Male,USA,25.642555965380097,40,11,1,2,75.47094765003004,54,Mobile,Basic,0
4956,35,Male,UK,15.539722860555852,28,15,7,4,217.05914023362467,11,Mobile,Basic,0
4957,19,Male,USA,31.796957687170707,46,16,5,1,281.18647019261914,23,Mobile,Premium,0
4958,25,Male,UK,43.99685256571473,36,6,3,4,203.5098567213036,1,Desktop,Premium,0
4959,28,Male,Ghana,19.394783833182004,47,11,5,0,-5.734205973956193,42,Mobile,Basic,1
4960,50,Female,Canada,20.896878148573187,7,15,5,3,163.44575257091458,50,Desktop,Premium,0
4961,55,Female,Ghana,35.871986898235555,40,5,9,3,128.51355089494226,47,Mobile,Premium,0
4962,44,Male,UK,24.877931107271486,43,3,2,0,342.3794416867805,51,Desktop,Premium,1
4963,37,Male,Germany,46.66085042988307,28,2,7,1,172.86826912552903,57,Desktop,Basic,0
4964,29,Female,Ghana,36.520757031301606,2,1,4,3,70.89246143125985,4,Desktop,Premium,0
4965,60,Male,Germany,22.807766840116315,9,15,9,4,196.33486056715228,38,Desktop,Basic,0
4966,48,Female,UK,24.353536504579303,6,2,3,0,250.83965293389406,2,Mobile,Premium,0
4967,44,Female,Canada,24.74893786222411,1,6,1,3,207.91410688297893,45,Desktop,Basic,0
4968,49,Male,Germany,29.570796437132085,3,12,9,4,135.78774223488708,27,Desktop,Premium,0
4969,27,Female,UK,33.04451349080316,10,16,0,0,163.30735951787858,34,Mobile,Premium,1
4970,20,Male,Germany,32.3143084965246,37,14,6,0,261.2437858687062,13,Desktop,Basic,0
4971,62,Male,Ghana,18.752957910735628,44,4,9,0,208.09210133389723,47,Mobile,Basic,1
4972,44,Female,UK,39.01875624933232,23,8,2,1,362.0084086278206,18,Mobile,Basic,0
4973,52,Female,Ghana,27.09918932615415,33,12,2,0,207.8450733178748,11,Mobile,Premium,0
4974,48,Male,USA,20.724643917513102,9,14,2,2,77.75920548188151,5,Mobile,Premium,0
4975,32,Female,UK,25.369548394781717,13,13,9,2,184.02492948379435,29,Desktop,Basic,0
4976,33,Male,Germany,40.14307802244983,28,5,2,0,154.93511001411304,25,Mobile,Basic,0
4977,30,Female,USA,31.903233272645682,7,12,1,3,75.80911132093563,14,Desktop,Premium,0
4978,52,Female,Ghana,32.77561532909982,26,10,5,2,210.44179660829127,54,Mobile,Basic,0
4979,28,Male,Ghana,18.300118923035846,16,19,9,4,166.55164243422465,48,Desktop,Basic,0
4980,38,Male,Germany,31.32233160557172,40,13,2,4,211.954869206647,46,Mobile,Premium,0
4981,28,Male,USA,39.97531769863564,26,9,0,3,346.40832324156816,41,Desktop,Basic,0
4982,47,Female,Canada,11.97020119183739,39,11,9,4,189.6558092010361,38,Mobile,Premium,0
4983,52,Male,Germany,26.110503578152144,32,5,8,3,281.96290172861615,41,Desktop,Basic,0
4984,39,Male,Ghana,36.23181013740623,36,13,5,4,184.67156295419983,37,Desktop,Basic,0
4985,55,Female,UK,31.58244219484797,42,10,5,0,233.23592197951416,11,Desktop,Basic,0
4986,48,Female,USA,19.811950146750515,1,18,9,4,209.58258854103406,44,Mobile,Basic,0
4987,31,Male,Canada,33.98262863333489,49,15,8,0,221.39416236779797,32,Desktop,Premium,1
4988,41,Male,UK,18.325889463674244,21,12,1,4,189.47437263307827,49,Desktop,Basic,0
4989,49,Male,USA,21.324529656248338,13,4,9,4,316.0289622791247,6,Desktop,Basic,0
4990,53,Male,Germany,22.37442156483939,26,5,8,4,250.55294029042028,52,Mobile,Basic,0
4991,49,Female,Germany,45.43388149705126,45,8,2,0,209.2531964706187,57,Mobile,Basic,1
4992,32,Female,USA,13.302899670957615,9,5,2,4,272.6851605490714,6,Desktop,Basic,0
4993,60,Male,Canada,14.04104575385791,37,1,2,4,210.28492764941112,47,Desktop,Premium,0
4994,52,Male,USA,32.833217197942815,23,18,0,1,289.33517131017,49,Desktop,Premium,0
4995,20,Male,UK,31.048028866066677,1,19,9,0,105.62134121252215,22,Desktop,Premium,0
4996,33,Female,UK,25.300663820732606,2,19,6,2,370.52856793999706,3,Desktop,Basic,0
4997,22,Male,Germany,30.138251912858035,43,10,9,3,213.78460645789824,19,Mobile,Premium,0
4998,38,Male,USA,19.354598965750885,28,9,6,1,108.70209516340262,55,Mobile,Basic,0
4999,27,Female,Germany,30.921266123359036,36,1,1,4,259.9237723586899,34,Mobile,Premium,0
5000,36,Female,Canada,32.095895122513156,31,3,5,2,303.49010372702844,41,Mobile,Premium,0
